{
"type": "FeatureCollection",
"name": "cuencas",
"crs": { "type": "name", "properties": { "name": "urn:ogc:def:crs:OGC:1.3:CRS84" } },
"features": [
{ "type": "Feature", "properties": { "CodDemarc": "ES017", "Nombre": "CANTÁBRICO ORIENTAL" }, "geometry": { "type": "MultiPolygon", "coordinates": [ [ [ [ -1.229225312097678, 43.055692170237442 ], [ -1.17355814265211, 43.034675402110281 ], [ -1.172466916851333, 43.02060382902701 ], [ -1.179171945474014, 43.017358503364107 ], [ -1.202407090702363, 43.039438551098634 ], [ -1.213915341438822, 43.035697406578898 ], [ -1.241640110126951, 43.046149971243025 ], [ -1.229225312097678, 43.055692170237442 ] ] ], [ [ [ -1.272984603944836, 43.118765308857981 ], [ -1.299394112847191, 43.09225981308397 ], [ -1.308775199979466, 43.069801570922557 ], [ -1.269615287782149, 43.055122461693841 ], [ -1.263526618835323, 43.044186410125839 ], [ -1.29391863802775, 43.03718779331129 ], [ -1.297964163107298, 43.029095936224238 ], [ -1.330046787181629, 43.016683698907265 ], [ -1.352770390796072, 43.027113363524649 ], [ -1.342560116881176, 43.054448442815684 ], [ -1.344648610423955, 43.094541048474895 ], [ -1.319636339596577, 43.112788631415718 ], [ -1.272984603944836, 43.118765308857981 ] ] ], [ [ [ -2.751947009487301, 43.473723462981361 ], [ -2.201449275834684, 43.328528482497752 ], [ -1.781963790231398, 43.411114499096641 ], [ -1.771601256284186, 43.404444113306276 ], [ -1.771600728432569, 43.388132567158777 ], [ -1.790653384244294, 43.375509111553733 ], [ -1.779009462962115, 43.363409812423832 ], [ -1.789237935064431, 43.352983458097142 ], [ -1.73737922620559, 43.330159057705202 ], [ -1.741663531838001, 43.31639641405873 ], [ -1.729854856973832, 43.295422065467712 ], [ -1.694272824399142, 43.312059999956602 ], [ -1.625182069150774, 43.306722332336228 ], [ -1.621428022210667, 43.300094149381778 ], [ -1.630023880552466, 43.285037581768947 ], [ -1.608706536069731, 43.251992920045645 ], [ -1.574769272862957, 43.250467889744385 ], [ -1.556359819850216, 43.279375660472887 ], [ -1.564075837358511, 43.288783214888092 ], [ -1.53513551354327, 43.294323537699114 ], [ -1.505818988409167, 43.29346478687355 ], [ -1.492840190912188, 43.281842877827835 ], [ -1.437829612540139, 43.266860705727765 ], [ -1.413653417003051, 43.273668336895398 ], [ -1.389573619490418, 43.259604946907537 ], [ -1.377925057183054, 43.232106767892276 ], [ -1.384526558469085, 43.221305633253493 ], [ -1.381414336071721, 43.189684038845478 ], [ -1.40222911145624, 43.177894487667537 ], [ -1.402186723195276, 43.15602504547779 ], [ -1.414430050709741, 43.147740097658094 ], [ -1.414083116068577, 43.128298543288686 ], [ -1.473407043418305, 43.086635099529019 ], [ -1.441421176874857, 43.046195232651613 ], [ -1.359900822722814, 43.029496745295539 ], [ -1.360393502316775, 43.024035387906146 ], [ -1.381333089663934, 43.009067618885908 ], [ -1.415707642251928, 43.035635403670682 ], [ -1.426050131920052, 43.023725503895456 ], [ -1.444403327562427, 43.019020351012522 ], [ -1.453504848045833, 43.033153885699434 ], [ -1.491853984876951, 43.038136163398015 ], [ -1.494400139238432, 43.056261890798723 ], [ -1.518982034311371, 43.064693234362466 ], [ -1.532629473534626, 43.046745432867333 ], [ -1.545783367828413, 43.053047143137768 ], [ -1.582151889175068, 43.044216651863842 ], [ -1.58772394020687, 43.053384837763879 ], [ -1.618402711876321, 43.042310037564597 ], [ -1.625367788809879, 43.049794386887761 ], [ -1.675691933319631, 43.059861972845965 ], [ -1.714274577098644, 43.052040237118298 ], [ -1.735197054741208, 43.068118090771172 ], [ -1.777896887142146, 43.055865421236447 ], [ -1.79061920507456, 43.063090116337357 ], [ -1.802606991220433, 43.048039322795148 ], [ -1.816910834536607, 43.057120270677252 ], [ -1.834747958481445, 43.045275006401432 ], [ -1.856845325256508, 43.055076167950475 ], [ -1.909217468100036, 43.045711042452709 ], [ -1.929457476881679, 43.058704064021669 ], [ -1.93951502133019, 43.044686678903581 ], [ -1.913048831895574, 43.020497853340984 ], [ -1.933840724504757, 43.015059012536355 ], [ -1.936826612572001, 42.995881390912793 ], [ -1.95399947010228, 42.983549285229095 ], [ -1.97581126612867, 42.981788090893787 ], [ -1.979595248252044, 42.989535034105877 ], [ -2.003913746389207, 42.989000782760542 ], [ -2.026100520881835, 43.000272557847829 ], [ -2.041809821728427, 42.978720558948972 ], [ -2.098302369467953, 42.972050735704158 ], [ -2.103458734080087, 42.948840745538867 ], [ -2.127790824779694, 42.938920448692528 ], [ -2.155483556662606, 42.942626868847427 ], [ -2.180508105729545, 42.934972055044348 ], [ -2.193249915039721, 42.949815850976506 ], [ -2.210166733475007, 42.950036611892926 ], [ -2.215597228159953, 42.960907185650676 ], [ -2.235045898794894, 42.946626661619504 ], [ -2.255953272767513, 42.94796230963059 ], [ -2.27468161264697, 42.931529360779187 ], [ -2.312737387669076, 42.939970800857381 ], [ -2.337478400766132, 42.96816723075495 ], [ -2.362828114902645, 42.979011219896485 ], [ -2.367564666032032, 42.971898609843748 ], [ -2.353084595587878, 42.954063467536763 ], [ -2.362932173665059, 42.947164218883565 ], [ -2.409990853657909, 42.959963091256242 ], [ -2.452698360031502, 42.95595696537417 ], [ -2.476869592756005, 42.966389227277098 ], [ -2.504349765237957, 42.959996166231477 ], [ -2.511873530892117, 42.965170579134579 ], [ -2.51007663579086, 42.975199425757303 ], [ -2.534510437805346, 42.976998735836673 ], [ -2.537662364534179, 42.951030927212166 ], [ -2.544878301272945, 42.950598286838549 ], [ -2.566186924249132, 42.963652451525448 ], [ -2.575465734034085, 42.980948727749471 ], [ -2.605018763750344, 42.993009446277178 ], [ -2.585243204670907, 43.022822408034891 ], [ -2.602555280445468, 43.045993057234583 ], [ -2.601809648212735, 43.062596745610762 ], [ -2.590699785530409, 43.077164314819903 ], [ -2.59471826571348, 43.087479383578319 ], [ -2.651113207896906, 43.10210111848177 ], [ -2.666634741971707, 43.098948799063933 ], [ -2.684265103039463, 43.077538519791375 ], [ -2.700783308222583, 43.084928508663516 ], [ -2.712396890600903, 43.065665584189432 ], [ -2.727680722928891, 43.05940908543144 ], [ -2.725274141001186, 43.036879795711243 ], [ -2.759571565659888, 43.04837778226171 ], [ -2.771348284090018, 43.03815904558909 ], [ -2.804995073333935, 43.054556359853542 ], [ -2.864669940614926, 43.053649893601417 ], [ -2.844195065891646, 43.024087368184865 ], [ -2.854009067848664, 43.021712729795226 ], [ -2.844609761497013, 42.981977893866599 ], [ -2.854568402567506, 42.955501829910489 ], [ -2.884922282209825, 42.958133835227294 ], [ -2.891820656790472, 42.969555307010253 ], [ -2.933347231108888, 42.97090601391811 ], [ -2.934920607255479, 42.958903212472407 ], [ -2.958884105299196, 42.94363648879866 ], [ -2.94957649416912, 42.937294104358479 ], [ -2.948357426769738, 42.915566977949418 ], [ -2.957708826942981, 42.903714731692318 ], [ -2.975776651013859, 42.900951712056212 ], [ -2.993317413005154, 42.91174389875512 ], [ -3.015608761344684, 42.909591720571548 ], [ -3.017784895230083, 42.924695429380257 ], [ -3.007796475689933, 42.928070969964367 ], [ -3.018697589975961, 42.930148445102489 ], [ -3.029021911798546, 42.96480374195751 ], [ -3.05518046601152, 42.969092469413368 ], [ -3.053578066498653, 42.993834412762077 ], [ -3.071751805668512, 42.995114281150073 ], [ -3.080309385584092, 43.005571923703798 ], [ -3.099660427103062, 43.002757386324504 ], [ -3.097372298583826, 43.013526998140193 ], [ -3.108534114635379, 43.020369899488436 ], [ -3.148710951150188, 43.001355839794257 ], [ -3.201292714565032, 43.023984963887862 ], [ -3.206933823928801, 43.056829677332765 ], [ -3.198448371813809, 43.062909049567118 ], [ -3.219526199585759, 43.073972094418252 ], [ -3.223161276296612, 43.085283855626081 ], [ -3.314151576918988, 43.049595547719107 ], [ -3.358886357454564, 43.060539758752476 ], [ -3.383502170999979, 43.081912155880126 ], [ -3.441899293729451, 43.072904289753538 ], [ -3.432525411241369, 43.076864270625464 ], [ -3.4426008406849, 43.092731988272263 ], [ -3.406623456960063, 43.106374090410711 ], [ -3.418619524753284, 43.115740669528222 ], [ -3.40822802975249, 43.13634667524029 ], [ -3.348549269119258, 43.154671135242083 ], [ -3.341112969087549, 43.167133557568626 ], [ -3.309282430510323, 43.17234464067927 ], [ -3.277726612733415, 43.19436249828366 ], [ -3.254653492846028, 43.195009194017089 ], [ -3.240198893670464, 43.219016612232444 ], [ -3.23897429260548, 43.254763402081572 ], [ -3.209089149292562, 43.275923091400379 ], [ -3.193195895239939, 43.298947639301602 ], [ -3.151519752608232, 43.306380142815705 ], [ -3.153561083200815, 43.328246183873908 ], [ -3.138624591069862, 43.347296147757191 ], [ -3.153628478810998, 43.353492574644406 ], [ -3.149618294105648, 43.46832923957809 ], [ -2.946073473299979, 43.452516861425032 ], [ -2.751947009487301, 43.473723462981361 ] ] ] ] } },
{ "type": "Feature", "properties": { "CodDemarc": "ES070", "Nombre": "SEGURA" }, "geometry": { "type": "Polygon", "coordinates": [ [ [ -1.406557309815386, 38.990583873169491 ], [ -1.377330945048033, 38.991422336564945 ], [ -1.390393056444959, 38.968442512961481 ], [ -1.380470408733451, 38.963697824574822 ], [ -1.363206285064265, 38.930114065503084 ], [ -1.306777536247867, 38.912055240036111 ], [ -1.322667573989299, 38.897189633558774 ], [ -1.35128354207661, 38.896287539580214 ], [ -1.326856136605676, 38.886242224829104 ], [ -1.348355496008415, 38.876360772509507 ], [ -1.337073727500957, 38.859162810416684 ], [ -1.352638134377215, 38.84122617094242 ], [ -1.316326136142241, 38.82109323203732 ], [ -1.29039762887152, 38.829236321917548 ], [ -1.272575251160458, 38.821374424243167 ], [ -1.244963560136268, 38.825153953828099 ], [ -1.231641959433976, 38.807025132719197 ], [ -1.19135103727474, 38.783390137511617 ], [ -1.15946723788169, 38.7995083551425 ], [ -1.141037531344534, 38.799626142458045 ], [ -1.154005041112585, 38.760311899028657 ], [ -1.135699330993111, 38.749941189391521 ], [ -1.151916901562986, 38.737209732851035 ], [ -1.157702217885173, 38.703711141274752 ], [ -1.086172527710755, 38.647288536466775 ], [ -1.067799264596148, 38.65674962321048 ], [ -1.057584612170985, 38.651410637351162 ], [ -1.051873977905798, 38.644546139049737 ], [ -1.064430663346891, 38.635839744864924 ], [ -1.06277134556263, 38.609739472916495 ], [ -1.020083429406649, 38.603628677558021 ], [ -0.993107434520543, 38.612079181381731 ], [ -0.985211251703048, 38.601215026939165 ], [ -0.96347857882164, 38.607300406110042 ], [ -0.953909050247697, 38.59874562957993 ], [ -0.969082661301939, 38.591606045383458 ], [ -0.966835398839857, 38.585159569801903 ], [ -0.98953797809817, 38.580349784062854 ], [ -0.99078860988674, 38.556780634503816 ], [ -0.974282840432096, 38.537489843317168 ], [ -1.012177342633162, 38.518641737421696 ], [ -1.008498642598337, 38.498508365543493 ], [ -1.040862849082266, 38.487304668133177 ], [ -1.041174408823348, 38.469323224291408 ], [ -1.055175089520815, 38.447891943791724 ], [ -0.988317544382799, 38.404897379507304 ], [ -0.978549594896354, 38.386893183618511 ], [ -0.950723611396382, 38.376328049604361 ], [ -0.967975651487768, 38.368237537687776 ], [ -0.974631812185855, 38.334887869730188 ], [ -0.950412178843609, 38.32725010360025 ], [ -0.954290489395374, 38.306388258691911 ], [ -0.939713823300366, 38.276881437805223 ], [ -0.946551483033921, 38.256798042466848 ], [ -0.92781337720276, 38.249210648072243 ], [ -0.866226392307414, 38.282016811019844 ], [ -0.819795968043977, 38.288242261689312 ], [ -0.77140337356634, 38.331355322151992 ], [ -0.754217361436492, 38.327002354279713 ], [ -0.734128774432786, 38.310848271549013 ], [ -0.72271227254364, 38.259921460967277 ], [ -0.710774677181222, 38.252435544394494 ], [ -0.708101438257471, 38.237624442977442 ], [ -0.71694209836717, 38.217382209946656 ], [ -0.703692073600417, 38.205214539687745 ], [ -0.703572394556623, 38.161474037706682 ], [ -0.695502782216375, 38.153423687780823 ], [ -0.660305557912443, 38.141987159045144 ], [ -0.655871376453898, 38.128453865099047 ], [ -0.501630053131208, 38.104160266283429 ], [ -0.626557353993612, 37.994200611685891 ], [ -0.628274479876022, 37.647685172658299 ], [ -0.707202895467158, 37.592327159041403 ], [ -0.914014182961527, 37.537757843203707 ], [ -1.1028584102857, 37.518286341318053 ], [ -1.480072061620153, 37.407589051625045 ], [ -1.70487923349012, 37.24122257878949 ], [ -1.74840946902222, 37.268423288854891 ], [ -1.776019174565079, 37.238709752566834 ], [ -1.782545020607877, 37.260219288642965 ], [ -1.801501906735398, 37.278382032092111 ], [ -1.804212696506664, 37.299199311916105 ], [ -1.820773338261638, 37.310997002969636 ], [ -1.826532542314967, 37.35035505441865 ], [ -1.860624404289461, 37.362621767715851 ], [ -1.85224121360653, 37.384080900107584 ], [ -1.8686637352755, 37.413990243936802 ], [ -1.869408097199462, 37.4432348160746 ], [ -1.891514555656857, 37.476240774963394 ], [ -1.915620781872505, 37.487101114507119 ], [ -1.932557504498019, 37.537030637085266 ], [ -1.975966579260547, 37.55479204570846 ], [ -2.010121485786242, 37.558765478041352 ], [ -2.030127472178817, 37.580207136769594 ], [ -2.064407803991988, 37.589969131154191 ], [ -2.102634217960271, 37.58509267966528 ], [ -2.125242709378985, 37.574014869513981 ], [ -2.138475505552499, 37.557297473842723 ], [ -2.174744401781891, 37.586772527194178 ], [ -2.21408447344991, 37.55285503068032 ], [ -2.245626231781965, 37.557772443106813 ], [ -2.263272515265622, 37.549538900603551 ], [ -2.269164151055759, 37.557188046348514 ], [ -2.310936901871343, 37.557675319355624 ], [ -2.355725039649025, 37.546927277615346 ], [ -2.373905277067504, 37.556995134935896 ], [ -2.367844330630942, 37.562862468377837 ], [ -2.374681319734651, 37.576880606077367 ], [ -2.368071836465135, 37.593353608856233 ], [ -2.375955661152472, 37.61213015104191 ], [ -2.388471955587616, 37.61754573369906 ], [ -2.388025390867298, 37.63092023265348 ], [ -2.360167033590253, 37.621334762720373 ], [ -2.34522351135201, 37.628427485687162 ], [ -2.31698334940007, 37.621790440673877 ], [ -2.295767436021641, 37.637081589437948 ], [ -2.29001295246151, 37.650826744934726 ], [ -2.249845728912419, 37.650223812864645 ], [ -2.233793710618996, 37.659843708499295 ], [ -2.234362640679087, 37.669839677293538 ], [ -2.193103067288086, 37.675806929467107 ], [ -2.190289812158105, 37.703405440374794 ], [ -2.222011233778348, 37.710928056886097 ], [ -2.238784874568665, 37.739012308930263 ], [ -2.239627618210084, 37.765174161705509 ], [ -2.232886897700316, 37.773152819168473 ], [ -2.24145307282194, 37.789465817499227 ], [ -2.23586194028052, 37.806137665433965 ], [ -2.182975399747964, 37.829167536457504 ], [ -2.176444788463579, 37.847121961722991 ], [ -2.193382655685887, 37.856337644583583 ], [ -2.223878343962093, 37.858076625698068 ], [ -2.204787954457149, 37.865492237092553 ], [ -2.202262062306982, 37.876181026447547 ], [ -2.242060301402109, 37.89414409137347 ], [ -2.240969408190248, 37.916326341568166 ], [ -2.227112903161377, 37.923438216196331 ], [ -2.241110240734829, 37.932699746747851 ], [ -2.226513967361194, 37.946350881165095 ], [ -2.235426044936097, 37.963873478866851 ], [ -2.254283074278298, 37.973453336501741 ], [ -2.256454294385857, 37.998890397424127 ], [ -2.285097838315288, 38.030965166896117 ], [ -2.284642641711485, 38.042604746734355 ], [ -2.262541863573567, 38.067925123304896 ], [ -2.27928656721997, 38.085820005123196 ], [ -2.290082271557121, 38.090683835802672 ], [ -2.328820651829949, 38.068002607912028 ], [ -2.340998845582713, 38.076311251010992 ], [ -2.366368489780146, 38.077096427573821 ], [ -2.391760631451437, 38.06603903956421 ], [ -2.434133614568603, 38.067414998647735 ], [ -2.449841428528942, 38.081110468441274 ], [ -2.455325947366513, 38.068410666792474 ], [ -2.495118723876862, 38.03685927570406 ], [ -2.544413735590099, 38.014058402456072 ], [ -2.574226299399872, 38.01443697844249 ], [ -2.58274595217337, 38.02444970984245 ], [ -2.605837903391881, 37.996024718160022 ], [ -2.673116462828854, 37.958128778062822 ], [ -2.686113460906528, 37.975665106234068 ], [ -2.716601532060182, 37.961404986863471 ], [ -2.711805115509653, 37.981502535456521 ], [ -2.729560603273496, 37.992796320230774 ], [ -2.738288429297427, 38.014732751309403 ], [ -2.719619306677578, 38.025285923033429 ], [ -2.727970668772836, 38.045157780866681 ], [ -2.72333601766109, 38.070481608685448 ], [ -2.702498890296055, 38.10634520785279 ], [ -2.705459022145665, 38.117814838905133 ], [ -2.684120752337976, 38.142303361426301 ], [ -2.66678427272367, 38.180171153763339 ], [ -2.672635193787274, 38.188889213890988 ], [ -2.663668703060967, 38.207212344366638 ], [ -2.650890826229687, 38.217793930160006 ], [ -2.657452104132041, 38.252266135224822 ], [ -2.629573344422708, 38.258148482917662 ], [ -2.597669301404864, 38.290133170791584 ], [ -2.598097567980817, 38.297963985587209 ], [ -2.583677707408652, 38.305056724411067 ], [ -2.585285072036509, 38.335650672939174 ], [ -2.560700215494894, 38.331811194949772 ], [ -2.549454181945863, 38.342473630340784 ], [ -2.539297208779593, 38.340574896228347 ], [ -2.527525084518959, 38.367373505489851 ], [ -2.459977114091897, 38.401293317647223 ], [ -2.459858941439359, 38.436057161719049 ], [ -2.450005733888602, 38.452260909232834 ], [ -2.454868612467266, 38.467555379994529 ], [ -2.51430241150891, 38.506816528301457 ], [ -2.526697940960146, 38.505444543672319 ], [ -2.523395448274567, 38.515152251399954 ], [ -2.488888027386608, 38.518548481338975 ], [ -2.454644249675753, 38.53756397894859 ], [ -2.444491756823796, 38.558122178677834 ], [ -2.411726418111872, 38.581507011757211 ], [ -2.380874136043264, 38.61722688329246 ], [ -2.347117840859289, 38.636661243056771 ], [ -2.288149033541324, 38.642058687861969 ], [ -2.275305288504994, 38.65274517405026 ], [ -2.222251564495275, 38.622769014191732 ], [ -2.213565620438553, 38.627658846224044 ], [ -2.21924436074764, 38.636384395614868 ], [ -2.198359556777846, 38.647191124070972 ], [ -2.187245678628897, 38.680156498188801 ], [ -2.162663694048808, 38.685060032844405 ], [ -2.136999827505439, 38.687567508302557 ], [ -2.096822159229075, 38.661960585884209 ], [ -2.090303089538363, 38.67013541615357 ], [ -2.040413712636217, 38.67230474756397 ], [ -2.037895110261672, 38.685469080604989 ], [ -1.965955121326173, 38.691100312399399 ], [ -1.942367283735625, 38.671000565714003 ], [ -1.903878990696412, 38.669174032817992 ], [ -1.895572365242708, 38.655752881529622 ], [ -1.871254756827002, 38.644198419073355 ], [ -1.842495617316102, 38.650079189601804 ], [ -1.815584148450279, 38.640523578826823 ], [ -1.789025389482163, 38.646765879308823 ], [ -1.779952958248574, 38.65684111193616 ], [ -1.787869892115861, 38.674115505349761 ], [ -1.7741543047315, 38.698732884848042 ], [ -1.72670092439471, 38.733157739490409 ], [ -1.711100343382254, 38.73292177258525 ], [ -1.6993388998259, 38.753998607386777 ], [ -1.675280713834103, 38.758509097874608 ], [ -1.616115098178823, 38.742806196335515 ], [ -1.57581166626403, 38.770836070572521 ], [ -1.554029397191117, 38.776973912761711 ], [ -1.576013428663728, 38.802982104027279 ], [ -1.560557410579707, 38.809781256275841 ], [ -1.558212568860003, 38.823931670960484 ], [ -1.576512294112554, 38.825080535356982 ], [ -1.594160932272164, 38.845642882458712 ], [ -1.561855657833865, 38.876746924974874 ], [ -1.5531388756093, 38.875192630884563 ], [ -1.54473504186662, 38.889659660299785 ], [ -1.500566612311144, 38.885535284400504 ], [ -1.475010034097562, 38.894415816919476 ], [ -1.456264271384326, 38.888651506894689 ], [ -1.43823023376792, 38.920987723825263 ], [ -1.456285995564323, 38.921958216386471 ], [ -1.458730142740101, 38.929509545617883 ], [ -1.426345284098572, 38.95446041688038 ], [ -1.406557309815386, 38.990583873169491 ] ] ] } },
{ "type": "Feature", "properties": { "CodDemarc": "ES110", "Nombre": "ISLAS BALEARES" }, "geometry": { "type": "MultiPolygon", "coordinates": [ [ [ [ 1.532581425097492, 39.134980433612576 ], [ 1.554883196059503, 39.129569899025661 ], [ 1.564221173859026, 39.114451938136405 ], [ 1.597890622288059, 39.113800868064565 ], [ 1.619183047175222, 39.102819226334489 ], [ 1.671702719309042, 39.034403223420462 ], [ 1.605447786064801, 38.66012245571676 ], [ 1.580356521879938, 38.636313781341109 ], [ 1.376027056830007, 38.626961044975239 ], [ 1.168575376496356, 38.857005894572531 ], [ 1.137555929299953, 38.979964596250362 ], [ 1.144510807286973, 38.991660416101944 ], [ 1.353848508108176, 39.089583008833323 ], [ 1.401808158971956, 39.096348779676589 ], [ 1.455382518855637, 39.11903148573839 ], [ 1.532581425097492, 39.134980433612576 ] ] ], [ [ [ 3.229066568123788, 39.973843566422403 ], [ 3.477700169394781, 39.758477129317257 ], [ 3.499584830785435, 39.711393224862178 ], [ 3.478451271275444, 39.693090236950283 ], [ 3.472056573459824, 39.644558532665215 ], [ 3.445181516014999, 39.618343522663523 ], [ 3.414813247309006, 39.615805724352242 ], [ 3.409552708267214, 39.599152351495825 ], [ 3.423005063814796, 39.589561574899456 ], [ 3.423314861419236, 39.572360800111788 ], [ 3.24446286290028, 39.347149941603185 ], [ 2.968554469888357, 39.109759538072865 ], [ 2.903389176926446, 39.117740547675417 ], [ 2.283362309406983, 39.567603791219284 ], [ 2.288640351456592, 39.589218845245576 ], [ 2.310678523481536, 39.605986148288309 ], [ 2.450032986213912, 39.667157989639634 ], [ 2.514595446209269, 39.714886300623021 ], [ 2.548113882432574, 39.717282749413279 ], [ 2.572241264845151, 39.730427539519141 ], [ 2.607276100222762, 39.769990940373525 ], [ 2.642405108782762, 39.782711700087738 ], [ 2.6539963878562, 39.804120683171362 ], [ 2.746062515716457, 39.848837828984685 ], [ 2.769269362874813, 39.869640135340212 ], [ 2.834320911498407, 39.881303890556076 ], [ 2.885364070658417, 39.909320421508546 ], [ 2.920499475149632, 39.918519408504849 ], [ 2.94416271721172, 39.935894034318984 ], [ 2.9775561562014, 39.927617752182961 ], [ 3.033737998963751, 39.95314429125596 ], [ 3.075828212938847, 39.944190688456999 ], [ 3.112502124973324, 39.951104719105587 ], [ 3.158398373963606, 39.975715905316086 ], [ 3.229066568123788, 39.973843566422403 ] ] ], [ [ [ 4.069551975740105, 40.10964847778034 ], [ 4.187400371028278, 40.071498366107782 ], [ 4.288391418946958, 40.001695609655066 ], [ 4.348808739908396, 39.874412578542426 ], [ 4.307229850226965, 39.78514733092841 ], [ 4.277674591250686, 39.782273423529219 ], [ 3.818676095478669, 39.906546165329104 ], [ 3.801710914594518, 39.918794463005938 ], [ 3.769118838815834, 40.017978464389913 ], [ 3.810667830288713, 40.065302248739535 ], [ 4.069551975740105, 40.10964847778034 ] ] ] ] } },
{ "type": "Feature", "properties": { "CodDemarc": "ES063", "Nombre": "GUADALETE Y BARBATE" }, "geometry": { "type": "Polygon", "coordinates": [ [ [ -5.099649325638325, 36.858919290124049 ], [ -5.084016233999932, 36.871747437000181 ], [ -5.070354755999915, 36.869521727000063 ], [ -5.063755645999947, 36.865470205000065 ], [ -5.075946435999924, 36.852004297000178 ], [ -5.038814503999959, 36.847714413000119 ], [ -5.05252991899988, 36.843927294000082 ], [ -5.058610209999927, 36.82795341200017 ], [ -5.080143220999958, 36.838546591000124 ], [ -5.103831492999916, 36.837377234000087 ], [ -5.120415651999906, 36.850964856000076 ], [ -5.12650534799991, 36.840754823 ], [ -5.167059726999867, 36.826503111000136 ], [ -5.192192279999858, 36.791448481000145 ], [ -5.217411071999948, 36.787736327000118 ], [ -5.226564337999946, 36.797939167000038 ], [ -5.250769256999945, 36.804254441000126 ], [ -5.247399515999916, 36.787342458000126 ], [ -5.278273253999942, 36.788963255000056 ], [ -5.273025764999886, 36.774983361000125 ], [ -5.27835614199995, 36.764593213000182 ], [ -5.313124443999868, 36.767867684000123 ], [ -5.330717219999883, 36.753651425000101 ], [ -5.344928824999897, 36.756046739000055 ], [ -5.358058754999945, 36.742847211000196 ], [ -5.367933361999917, 36.750562031000072 ], [ -5.400679117999914, 36.69800186700013 ], [ -5.382815380999887, 36.708470772000055 ], [ -5.366114896999932, 36.702896035000038 ], [ -5.3311995709999, 36.730210962000115 ], [ -5.301788316999932, 36.731515692000073 ], [ -5.293957728999942, 36.724591763000149 ], [ -5.299312095999937, 36.712129548000121 ], [ -5.283504205999918, 36.719069576000038 ], [ -5.273964800999863, 36.713389286000051 ], [ -5.296879228999899, 36.679024807000076 ], [ -5.3365421069999, 36.644135142000152 ], [ -5.364027612999905, 36.639460512000085 ], [ -5.379671439999925, 36.620929735000061 ], [ -5.404272896999942, 36.630692327000133 ], [ -5.420034765999958, 36.610202819000165 ], [ -5.427875304999873, 36.619364733999987 ], [ -5.439369889999853, 36.613593974000196 ], [ -5.463731230999883, 36.621393458000171 ], [ -5.474529565999944, 36.6013330830001 ], [ -5.48689498199991, 36.615673746000141 ], [ -5.500842599999885, 36.614820833000181 ], [ -5.503011435999952, 36.600819466000132 ], [ -5.52974695599994, 36.576079103000097 ], [ -5.54801813399996, 36.568214115000046 ], [ -5.558336643999894, 36.574885349000112 ], [ -5.583169277999957, 36.562412856000094 ], [ -5.595945456999914, 36.566078202000142 ], [ -5.612818520999895, 36.541673607000178 ], [ -5.608079799999928, 36.512146947000133 ], [ -5.591384902999891, 36.499001339000131 ], [ -5.599983792999922, 36.477051394000057 ], [ -5.58567049099986, 36.454549750000069 ], [ -5.56270689899992, 36.449018225000088 ], [ -5.574290886999961, 36.419653720000042 ], [ -5.571868561999906, 36.406793175000075 ], [ -5.583232682999949, 36.407014090000132 ], [ -5.587809866999862, 36.398672908000094 ], [ -5.581865562999894, 36.361006044000192 ], [ -5.590331971999888, 36.360041885000044 ], [ -5.596002383999917, 36.329651900000101 ], [ -5.618851233999862, 36.316970087000186 ], [ -5.626582228999951, 36.296884542000157 ], [ -5.650287847999948, 36.274663036000106 ], [ -5.645804257999941, 36.267257079000046 ], [ -5.655261420999864, 36.249896199000148 ], [ -5.649901371999931, 36.231158299000185 ], [ -5.635383160999936, 36.220805835000192 ], [ -5.635916620999922, 36.216184046000137 ], [ -5.653107565999903, 36.216779497000118 ], [ -5.658687029999953, 36.206527539000092 ], [ -5.606629132999899, 36.174458791 ], [ -5.608544682999934, 36.163752525000064 ], [ -5.596828899999934, 36.152995776000068 ], [ -5.603885657999911, 36.124564317000193 ], [ -5.570020942999861, 36.109031926000114 ], [ -5.53803242999993, 36.107911600000136 ], [ -5.518432746999849, 36.088553554000043 ], [ -5.512412903999859, 36.061109733000137 ], [ -5.473212334050459, 36.029340808863935 ], [ -5.605241842874022, 35.984609329649231 ], [ -6.0478885602285, 36.169432492242038 ], [ -6.236892733281195, 36.369418385032986 ], [ -6.333605024715098, 36.519896578297221 ], [ -6.477270855705702, 36.702166384041462 ], [ -6.439352256020129, 36.7206605208209 ], [ -6.442595373822542, 36.738192530594972 ], [ -6.428508381239453, 36.749625246688083 ], [ -6.431553929743416, 36.745701241790528 ], [ -6.429471746040974, 36.743891011869209 ], [ -6.420314929604331, 36.745260544553105 ], [ -6.409508725858757, 36.76050073567427 ], [ -6.373378516534274, 36.776633046421466 ], [ -6.351696610593081, 36.753378110810331 ], [ -6.32747659430504, 36.757951638792065 ], [ -6.307450503718314, 36.733214548600699 ], [ -6.294927183363541, 36.729221205419776 ], [ -6.284681899220345, 36.735240030026659 ], [ -6.26683152734455, 36.713193138235908 ], [ -6.236207453420946, 36.695782806669797 ], [ -6.206957064083838, 36.700124709954707 ], [ -6.199892599591863, 36.715883351778359 ], [ -6.208114610169901, 36.733027661046947 ], [ -6.191391733398291, 36.744358998320422 ], [ -6.168992781668635, 36.736702170878118 ], [ -6.154523290711666, 36.745768669180279 ], [ -6.145370168194859, 36.73621044993132 ], [ -6.114983949454313, 36.751306406402648 ], [ -6.111270409526014, 36.743000229944698 ], [ -6.091030865920345, 36.738796762021138 ], [ -6.080582999895341, 36.74584370075786 ], [ -6.083770783531804, 36.758773259104487 ], [ -6.073506902802649, 36.766433446428778 ], [ -6.083963297367518, 36.778671125014966 ], [ -6.059923859582966, 36.783294897233418 ], [ -6.059187597486414, 36.798750771309642 ], [ -6.038795476428959, 36.784739164432608 ], [ -6.019421844928104, 36.791808701929881 ], [ -6.0036296174369, 36.815703707920079 ], [ -5.953913984222538, 36.836351968042777 ], [ -5.924023514786768, 36.821378377788847 ], [ -5.894869214772768, 36.832757201501295 ], [ -5.888870798683286, 36.845965136253199 ], [ -5.848283917685137, 36.868983743464639 ], [ -5.837190786941392, 36.884648504893278 ], [ -5.829977035772629, 36.880289624266709 ], [ -5.821603395706745, 36.889126063903234 ], [ -5.809507374910481, 36.888419973697921 ], [ -5.798466339188337, 36.913985930449712 ], [ -5.767286424320105, 36.906906550227575 ], [ -5.727904796641099, 36.922398243952046 ], [ -5.671312133973856, 36.922690238056134 ], [ -5.66903839423037, 36.936532701214787 ], [ -5.64937175614466, 36.941131077834541 ], [ -5.635511305024409, 36.93389581375817 ], [ -5.635817583427468, 36.917419077973705 ], [ -5.606670891663782, 36.909900746699861 ], [ -5.58216221400977, 36.924836356637456 ], [ -5.581265491812246, 36.94033071240284 ], [ -5.556798402586878, 36.940275674796339 ], [ -5.546361967323605, 36.955908120071172 ], [ -5.548488046680177, 36.966062883542293 ], [ -5.502288355268661, 36.989663939737909 ], [ -5.502131740170341, 36.998324818025537 ], [ -5.474426188141933, 36.988872256082402 ], [ -5.464330845032464, 36.995258955880217 ], [ -5.459365199746571, 36.987226966798914 ], [ -5.433639953317481, 36.982756262979137 ], [ -5.415289587484608, 37.005928109282536 ], [ -5.405077426250102, 37.004768600547834 ], [ -5.407961725826681, 37.011951789892862 ], [ -5.388420440849245, 37.012296780742645 ], [ -5.38075130731238, 37.025113066775418 ], [ -5.368283403413386, 37.021698233825134 ], [ -5.370751697706453, 37.030614190305641 ], [ -5.354693496352979, 37.032620582776303 ], [ -5.322344893070294, 37.062190594668721 ], [ -5.295992410886754, 37.054413718703984 ], [ -5.285743343255831, 37.063091578971523 ], [ -5.261002477906402, 37.06352783881772 ], [ -5.235489297417359, 37.054261389997009 ], [ -5.217722162912708, 37.063899846301751 ], [ -5.203239648470117, 37.046292035143097 ], [ -5.184011759547445, 37.045359030013401 ], [ -5.180879483658828, 37.001012715778984 ], [ -5.153912546740116, 36.986968417869093 ], [ -5.16189491429509, 36.970219758389135 ], [ -5.175578223454409, 36.964672126913172 ], [ -5.179878996578623, 36.94607704062696 ], [ -5.164200454850629, 36.931642331348428 ], [ -5.137101453865455, 36.925440892430629 ], [ -5.132901669450462, 36.918370929467301 ], [ -5.140209210008379, 36.914712587491806 ], [ -5.121582763768401, 36.894357377480617 ], [ -5.123265703303161, 36.879670981055028 ], [ -5.099649325638325, 36.858919290124049 ] ] ] } },
{ "type": "Feature", "properties": { "CodDemarc": "ES014", "Nombre": "GALICIA-COSTA" }, "geometry": { "type": "Polygon", "coordinates": [ [ [ -7.692773730726564, 43.809357546084144 ], [ -7.042270220164204, 43.621751386111185 ], [ -7.040569453867931, 43.549330860715315 ], [ -7.077405760082286, 43.521609755378961 ], [ -7.133927438230899, 43.523657435345001 ], [ -7.157831977870444, 43.532176219847486 ], [ -7.181927791132807, 43.516719289454443 ], [ -7.213075368312445, 43.516137968236819 ], [ -7.213925391126963, 43.494930102677472 ], [ -7.229840277626238, 43.476740666623016 ], [ -7.226939934015775, 43.468280076843882 ], [ -7.244813327797146, 43.460804179634465 ], [ -7.232075758566054, 43.417912280352766 ], [ -7.240835290309803, 43.397538198295933 ], [ -7.266590913703055, 43.38709578177918 ], [ -7.269964574065682, 43.398765114695834 ], [ -7.282658359653567, 43.397603463264431 ], [ -7.325491811568628, 43.365721062193096 ], [ -7.346195253284513, 43.376348651451686 ], [ -7.361301712897902, 43.370513171280017 ], [ -7.356143698312006, 43.383412179918757 ], [ -7.363028263367487, 43.385856705580068 ], [ -7.391567264527231, 43.366345475842138 ], [ -7.424830050041479, 43.375242044928761 ], [ -7.424922627128895, 43.387191026261569 ], [ -7.434591169005207, 43.393881474373956 ], [ -7.418304887278625, 43.411170584471719 ], [ -7.422063288559267, 43.418860967847309 ], [ -7.436235179620316, 43.420621430442026 ], [ -7.449142625738445, 43.40921592915489 ], [ -7.463371567252889, 43.409510296824173 ], [ -7.548381726315375, 43.427621132684642 ], [ -7.563897782308413, 43.415427703237363 ], [ -7.612980106845968, 43.407188757748173 ], [ -7.658458734836485, 43.420525911707223 ], [ -7.685450895966177, 43.417734772514855 ], [ -7.705381876588518, 43.434505128619705 ], [ -7.728923616287843, 43.432812339211431 ], [ -7.744628356943891, 43.444911522253605 ], [ -7.757604352900116, 43.435705647704957 ], [ -7.763366277936935, 43.416261675977729 ], [ -7.786372109489818, 43.402037475588664 ], [ -7.808674920172842, 43.410910893400143 ], [ -7.821847117856271, 43.403868023375935 ], [ -7.86353014549249, 43.409665163676983 ], [ -7.889925575976868, 43.368653754390316 ], [ -7.881002760015611, 43.355078330372592 ], [ -7.888810969433987, 43.333576904520491 ], [ -7.945364090319593, 43.283821998894986 ], [ -7.92339881911903, 43.273592888708976 ], [ -7.921349981499549, 43.263880291138193 ], [ -7.929883144085291, 43.235778224796157 ], [ -7.941141073697759, 43.225138909943517 ], [ -7.936582918888255, 43.21901458667972 ], [ -7.947771643471749, 43.215439555515239 ], [ -7.961924426206611, 43.189092886899722 ], [ -7.949679387312409, 43.17612919350524 ], [ -7.941146703346658, 43.121851319768808 ], [ -7.929225975424952, 43.117556731328087 ], [ -7.912064968007373, 43.087766939706889 ], [ -7.944202756174466, 43.059904023273837 ], [ -7.895706828117673, 42.993667507287682 ], [ -7.90403419564657, 42.984311399409798 ], [ -7.898845631943061, 42.977153164501907 ], [ -7.83846331646422, 42.944121218939813 ], [ -7.838736784031104, 42.931996616745863 ], [ -7.846515173315646, 42.928015594833518 ], [ -7.833855433867329, 42.912949286094609 ], [ -7.833047689752004, 42.895241505637685 ], [ -7.843527567516051, 42.878366557308368 ], [ -7.814929252037308, 42.859814793271134 ], [ -7.800789946062088, 42.861141949738808 ], [ -7.762460376898384, 42.844439902625894 ], [ -7.753253425400992, 42.821322433824797 ], [ -7.768605971056175, 42.814418764465188 ], [ -7.761757427758809, 42.800549069802805 ], [ -7.763816308609788, 42.770325851069224 ], [ -7.803333580214364, 42.727088222892895 ], [ -7.797884975521416, 42.720956690790814 ], [ -7.829342343766696, 42.713116492584106 ], [ -7.871392589899463, 42.718534798602917 ], [ -7.878230934960013, 42.707747553484339 ], [ -7.874658679368643, 42.687996416573675 ], [ -7.894479315104823, 42.681697222635911 ], [ -7.887496812151741, 42.661465443956423 ], [ -7.89291706558619, 42.629661843693839 ], [ -7.928485315296019, 42.570468413744287 ], [ -7.936862985043397, 42.574203423541519 ], [ -7.954309096022528, 42.563445927224258 ], [ -7.981247963019892, 42.566390011942495 ], [ -7.998826999909042, 42.578989192199906 ], [ -8.012725765709035, 42.561162405252801 ], [ -8.027037651300299, 42.564685814383274 ], [ -8.050712301103127, 42.55537269613238 ], [ -8.088386584168193, 42.558425231859246 ], [ -8.146565114118658, 42.549332061046172 ], [ -8.16399369105676, 42.559706522649876 ], [ -8.183718621538789, 42.557039399592746 ], [ -8.212746388267135, 42.537888931862227 ], [ -8.218798786469607, 42.513439032814723 ], [ -8.249040828039089, 42.504812431161668 ], [ -8.261817001291163, 42.518142533212462 ], [ -8.27941936715246, 42.522498513100707 ], [ -8.297680920127748, 42.499919146337533 ], [ -8.339042006159904, 42.490132161213623 ], [ -8.346097777426557, 42.473989950345228 ], [ -8.335263674623222, 42.449215497324019 ], [ -8.339825200559464, 42.432332391281811 ], [ -8.314799125992732, 42.380137907159074 ], [ -8.317498855532005, 42.353179475603874 ], [ -8.336969863884523, 42.328788355314877 ], [ -8.360362126837014, 42.321811346432781 ], [ -8.375324769714739, 42.326926898263991 ], [ -8.400540240806789, 42.309653969408636 ], [ -8.419903141006703, 42.318003441853556 ], [ -8.423284998611024, 42.30697233046812 ], [ -8.435824400317639, 42.302592219486677 ], [ -8.430413717882303, 42.277576098888396 ], [ -8.439534395075487, 42.27398093330828 ], [ -8.465126518356268, 42.274834119124272 ], [ -8.476720303365775, 42.283429167717934 ], [ -8.501246765866, 42.273809433418066 ], [ -8.487814230759177, 42.28918989240821 ], [ -8.49088720114127, 42.306069580749124 ], [ -8.495265921707384, 42.312912239064438 ], [ -8.520125647583418, 42.310093203758711 ], [ -8.552720849603398, 42.271457616404057 ], [ -8.580158527900506, 42.268875892208015 ], [ -8.595890779612446, 42.243339477592016 ], [ -8.608817074142529, 42.243664715402502 ], [ -8.614440095133773, 42.230505560688009 ], [ -8.66241226132172, 42.205932331757182 ], [ -8.67745603572823, 42.139205658440261 ], [ -8.697838058526745, 42.135377615721971 ], [ -8.684978327154292, 42.09192048720201 ], [ -8.689111189989491, 42.083434279911884 ], [ -8.713424194552283, 42.086764660659014 ], [ -8.727785073280572, 42.075232559005549 ], [ -8.728852579893918, 42.059349952473639 ], [ -8.770787674030247, 42.077859514608257 ], [ -8.810500351782729, 42.054644247082265 ], [ -8.811676451360551, 42.04642255306613 ], [ -8.832436311252053, 42.053764640950554 ], [ -8.857657872336668, 42.026387556289912 ], [ -8.854868256223428, 41.998003800985394 ], [ -8.871597349528948, 41.984208014639812 ], [ -8.867147340942752, 41.954154676659137 ], [ -8.878477875990823, 41.937664506243905 ], [ -8.865391453790618, 41.899852961127337 ], [ -8.870820345362816, 41.890620519311355 ], [ -8.871682631712343, 41.869983332282267 ], [ -8.873597182244648, 41.869732726013865 ], [ -8.881790759236614, 41.883291730826265 ], [ -8.876619463574599, 41.909766278101785 ], [ -8.887745319504525, 41.936800918706822 ], [ -8.910837400504068, 41.936880782919665 ], [ -8.908584461470447, 42.036014699578253 ], [ -8.919514068822538, 42.065947211989659 ], [ -8.938203590109618, 42.2095446673354 ], [ -9.112213334037573, 42.568417232403199 ], [ -9.310420962682308, 42.883060299787978 ], [ -9.321378212510814, 42.920789862537397 ], [ -9.320895668776204, 43.0616331040357 ], [ -9.231731694098784, 43.175158406902689 ], [ -8.862175572678963, 43.375392718202711 ], [ -8.327702714505826, 43.582956145835446 ], [ -8.057855139835826, 43.729538938390526 ], [ -7.905960177451751, 43.786442889152482 ], [ -7.869579771354767, 43.79754733689397 ], [ -7.692773730726564, 43.809357546084144 ] ] ] } },
{ "type": "Feature", "properties": { "CodDemarc": "ES018", "Nombre": "CANTÁBRICO OCCIDENTAL" }, "geometry": { "type": "Polygon", "coordinates": [ [ [ -7.042270220164204, 43.621751386111185 ], [ -6.944360917981797, 43.59309515680583 ], [ -6.627877367513615, 43.592439431704392 ], [ -6.247200908620467, 43.612577074844189 ], [ -5.865951901955805, 43.681819062714588 ], [ -5.405481271967533, 43.570908846661446 ], [ -4.921302686610758, 43.47902968125738 ], [ -4.340760516273672, 43.422344801890183 ], [ -3.816558337842863, 43.511233219106565 ], [ -3.585054472112918, 43.530434371040485 ], [ -3.534309393405396, 43.522758736224972 ], [ -3.496705633793562, 43.503811972836665 ], [ -3.490249080674106, 43.489018721604957 ], [ -3.459422787808071, 43.482591412350416 ], [ -3.149618294105648, 43.46832923957809 ], [ -3.153628478810998, 43.353492574644406 ], [ -3.138625579895995, 43.347245922875821 ], [ -3.152672699421859, 43.330890795891328 ], [ -3.155252591630428, 43.302507446171731 ], [ -3.193195895239939, 43.298947639301602 ], [ -3.209089149292562, 43.275923091400379 ], [ -3.23897429260548, 43.254763402081572 ], [ -3.240198893670464, 43.219016612232444 ], [ -3.254603667618147, 43.195047807562993 ], [ -3.277726612733415, 43.19436249828366 ], [ -3.309282430510323, 43.17234464067927 ], [ -3.341053300046158, 43.167165051749912 ], [ -3.350702482722455, 43.153768460404272 ], [ -3.422954968159911, 43.132525158839954 ], [ -3.44198594962898, 43.152436503363965 ], [ -3.458330350182234, 43.158030871106853 ], [ -3.472661716900769, 43.144047517720573 ], [ -3.603263914036371, 43.150264849212917 ], [ -3.612478686873009, 43.169601982674443 ], [ -3.648967071533283, 43.180046675682767 ], [ -3.676150291004272, 43.154657867503232 ], [ -3.684123820351017, 43.135829257180134 ], [ -3.704110040474114, 43.125446056198328 ], [ -3.70502307546918, 43.115232542954459 ], [ -3.755345264632593, 43.100596605755676 ], [ -3.757987416826847, 43.083804955338799 ], [ -3.790792633752359, 43.07834218263887 ], [ -3.809501625435099, 43.086305210402593 ], [ -3.847401797690805, 43.08397959217811 ], [ -3.851323009221185, 43.077823161624309 ], [ -3.833651731393688, 43.060628125190668 ], [ -3.849064880227326, 43.049942223555391 ], [ -3.851248875931076, 43.039035560155334 ], [ -3.954097962061491, 43.075222729576389 ], [ -3.973906600426616, 43.066999652101877 ], [ -3.988207607250119, 43.044014322738072 ], [ -4.001583780288235, 43.045985232483105 ], [ -4.029454480880543, 43.029726635423678 ], [ -4.063197803671427, 43.025415825713935 ], [ -4.098972068833731, 43.0056460845706 ], [ -4.124016733703889, 43.011240750612806 ], [ -4.140844144685309, 43.044046255086513 ], [ -4.188512402721154, 43.047287654921853 ], [ -4.261933038990492, 43.075925779833085 ], [ -4.286009757617673, 43.073606597533036 ], [ -4.290647055581563, 43.047787228513464 ], [ -4.297024677790877, 43.046279906354016 ], [ -4.337618087824452, 43.053461336533211 ], [ -4.389305770888252, 43.048470194923979 ], [ -4.404235592531299, 43.037798994307252 ], [ -4.431752453982485, 43.045773373881026 ], [ -4.446324245611137, 43.039087398708901 ], [ -4.487747831736265, 43.040598741186074 ], [ -4.499968592100482, 43.051628588678277 ], [ -4.520828625552289, 43.047512251187641 ], [ -4.558814110635965, 43.01922251407084 ], [ -4.592180782034747, 43.025279399652604 ], [ -4.606208611207567, 43.035583671657321 ], [ -4.639593037227725, 43.016454625479419 ], [ -4.683712414058447, 43.026780481569403 ], [ -4.72448281960609, 43.017944683229835 ], [ -4.743223645427559, 43.026523838961047 ], [ -4.733641995400116, 43.043240015940114 ], [ -4.739827518820734, 43.052933243204727 ], [ -4.761195474359003, 43.05614387456999 ], [ -4.773125322416144, 43.079210896610149 ], [ -4.833253853349571, 43.102073063128927 ], [ -4.836239674086861, 43.115962533017587 ], [ -4.850342978474925, 43.125762827544428 ], [ -4.863950253927602, 43.109688975970549 ], [ -4.884092897343802, 43.103263556798673 ], [ -4.957519866662885, 43.091885588044491 ], [ -4.972691860443859, 43.094119337968273 ], [ -4.990236740605048, 43.115694469872771 ], [ -5.0406282438722, 43.090395224560375 ], [ -5.063463007275366, 43.100219146145882 ], [ -5.076497809768707, 43.093312072912745 ], [ -5.105473732294572, 43.102017196494188 ], [ -5.130857178928556, 43.094384491521382 ], [ -5.139320826838462, 43.096570883262814 ], [ -5.147965717584432, 43.114863690570814 ], [ -5.213824890371463, 43.085610552060103 ], [ -5.252103128369885, 43.089527088898748 ], [ -5.281574313883442, 43.077510773555737 ], [ -5.311457676723266, 43.084297437789779 ], [ -5.331797163462644, 43.080351432396732 ], [ -5.35700238719054, 43.099341502803064 ], [ -5.393306524334355, 43.080543061995883 ], [ -5.385540977623146, 43.067322555109207 ], [ -5.392243886697875, 43.046717527791159 ], [ -5.476373479499141, 43.055377199237654 ], [ -5.496501424402391, 43.021900059752035 ], [ -5.506213469251362, 43.02861101429913 ], [ -5.540389668654222, 43.018468912821376 ], [ -5.566191884573214, 43.021326462362389 ], [ -5.574619107119324, 43.032265868491486 ], [ -5.636369358646904, 43.035221353551748 ], [ -5.692768881357189, 43.056571766481539 ], [ -5.727934344772414, 43.042569703685956 ], [ -5.766803547765917, 42.986350599832342 ], [ -5.760536225220101, 42.972422340624426 ], [ -5.803699135207016, 42.963079954865158 ], [ -5.844576329901678, 42.963405442737347 ], [ -5.86284104656541, 42.981044048532233 ], [ -5.888459514621141, 42.979384467052718 ], [ -5.890884481550072, 42.992947778268288 ], [ -5.912529399606649, 42.992562823551424 ], [ -5.925341785574584, 43.007124510995325 ], [ -5.956565833193755, 43.01792402243386 ], [ -5.969450047419757, 43.040579852002637 ], [ -5.964797569494033, 43.057173869044043 ], [ -5.986101186964974, 43.067519154528028 ], [ -6.016785110778448, 43.053507925529296 ], [ -6.079597077324859, 43.073571103475089 ], [ -6.091949332302021, 43.067094253504798 ], [ -6.089951950122341, 43.041924091913621 ], [ -6.097328096554795, 43.030956666954488 ], [ -6.139355715082176, 43.02000386073955 ], [ -6.148751557142595, 43.03517500602252 ], [ -6.162685240716758, 43.033630109430014 ], [ -6.18263627935838, 43.048506168880742 ], [ -6.216365988311802, 43.046866902405803 ], [ -6.227558954491867, 43.04194016062732 ], [ -6.229822653216607, 43.028598726468445 ], [ -6.274257687083944, 43.040283814469653 ], [ -6.295243369179301, 43.027346881817017 ], [ -6.327229545461525, 43.031381700662564 ], [ -6.333275198795016, 43.04660099161886 ], [ -6.358925314537193, 43.058915117818032 ], [ -6.373889327264743, 43.041513487154681 ], [ -6.397004800080774, 43.038512360416981 ], [ -6.394012995292289, 43.018649716763782 ], [ -6.411485585941991, 43.016409507895574 ], [ -6.423897075465526, 42.987819991106072 ], [ -6.436841352529999, 42.99290819928251 ], [ -6.449585348932503, 42.982280599724739 ], [ -6.480349012237766, 42.991524799113222 ], [ -6.473523064092674, 42.967666458459696 ], [ -6.433825896629119, 42.962987268416917 ], [ -6.441584199783388, 42.949492204259272 ], [ -6.435030617667342, 42.940214845639026 ], [ -6.480372974173104, 42.932619983082475 ], [ -6.490231975258248, 42.919571854993478 ], [ -6.51673879301163, 42.927254644873386 ], [ -6.544747152901491, 42.912484925642794 ], [ -6.606526084051854, 42.917345771939146 ], [ -6.612244897383893, 42.924996182146451 ], [ -6.722012835915702, 42.916222487399935 ], [ -6.757621402633632, 42.882553348041867 ], [ -6.821596013649821, 42.867046258250838 ], [ -6.833391449161611, 42.854861915574276 ], [ -6.842859938258186, 42.8228606122454 ], [ -6.8688493142083, 42.801049539627208 ], [ -6.867258932121459, 42.787290893082243 ], [ -6.896670040921868, 42.772403291115353 ], [ -6.905717190584188, 42.756750402904792 ], [ -6.936547902966639, 42.740737154634907 ], [ -6.958156502738222, 42.755257154867628 ], [ -6.972101519259686, 42.737516999503939 ], [ -6.968222502466074, 42.727185131583653 ], [ -6.978977001696559, 42.718404937777919 ], [ -6.988675357689664, 42.71559073056553 ], [ -7.014384793585772, 42.730288727236292 ], [ -7.027064047156482, 42.711324716809401 ], [ -7.080600091529263, 42.697217878648779 ], [ -7.121163346910635, 42.705922959915824 ], [ -7.170989909217695, 42.748707673428335 ], [ -7.164654010549557, 42.76188016530044 ], [ -7.172568860055928, 42.773869356029003 ], [ -7.187479151105294, 42.771105599264502 ], [ -7.209788773688575, 42.799180695887017 ], [ -7.232160282896333, 42.811645144957289 ], [ -7.221363928167643, 42.834095916973553 ], [ -7.192125884569331, 42.849857903698187 ], [ -7.186634861039829, 42.863522685113431 ], [ -7.16578036691749, 42.873126586597174 ], [ -7.151311557622775, 42.894155718963006 ], [ -7.151681513711052, 42.911233868217487 ], [ -7.137217309876405, 42.92729217859425 ], [ -7.155942746676117, 42.955510028957328 ], [ -7.145387516044847, 42.97907885141813 ], [ -7.16442766364892, 42.981999914540367 ], [ -7.169502869659858, 42.993104502785286 ], [ -7.161839097236831, 43.000936871569131 ], [ -7.189270311971986, 43.03778730771969 ], [ -7.264141808825879, 43.005441585167745 ], [ -7.276093038276811, 43.022874586070841 ], [ -7.293974871286465, 43.089621149049186 ], [ -7.285374654225651, 43.096040123536518 ], [ -7.282797225841871, 43.119646468083516 ], [ -7.264954310684186, 43.120956315696226 ], [ -7.266775525688682, 43.140445619251373 ], [ -7.257862084181907, 43.143214837921214 ], [ -7.268789669030702, 43.167222552283356 ], [ -7.285772545668487, 43.175519128947336 ], [ -7.266026448565636, 43.179147358857527 ], [ -7.243722455497352, 43.200689933977351 ], [ -7.253026812826209, 43.236834014878809 ], [ -7.284049138353804, 43.25124914099397 ], [ -7.276702589077352, 43.275389296450683 ], [ -7.289902225217864, 43.294849920434082 ], [ -7.281331394725848, 43.31195293132145 ], [ -7.298941418230454, 43.336367867282426 ], [ -7.297678435106468, 43.350859649824073 ], [ -7.322822703157773, 43.366942082579001 ], [ -7.282658359653567, 43.397603463264431 ], [ -7.269964574065682, 43.398765114695834 ], [ -7.266590913703055, 43.38709578177918 ], [ -7.240835290309803, 43.397538198295933 ], [ -7.232075758566054, 43.417912280352766 ], [ -7.244813327797146, 43.460804179634465 ], [ -7.226939934015775, 43.468280076843882 ], [ -7.229840277626238, 43.476740666623016 ], [ -7.213925391126963, 43.494930102677472 ], [ -7.213075368312445, 43.516137968236819 ], [ -7.181927791132807, 43.516719289454443 ], [ -7.157831977870444, 43.532176219847486 ], [ -7.133927438230899, 43.523657435345001 ], [ -7.077581848512978, 43.52158120157037 ], [ -7.046117874003414, 43.539102588821493 ], [ -7.040569453867931, 43.549330860715315 ], [ -7.042270220164204, 43.621751386111185 ] ] ] } },
{ "type": "Feature", "properties": { "CodDemarc": "ES020", "Nombre": "DUERO" }, "geometry": { "type": "Polygon", "coordinates": [ [ [ -4.850342978474925, 43.125762827544428 ], [ -4.836239674086861, 43.115962533017587 ], [ -4.833253853349571, 43.102073063128927 ], [ -4.773125322416144, 43.079210896610149 ], [ -4.761195474359003, 43.05614387456999 ], [ -4.733882626539764, 43.04759206721851 ], [ -4.743288048944669, 43.027226984900039 ], [ -4.73773923497873, 43.021336302530806 ], [ -4.683712414058447, 43.026780481569403 ], [ -4.639696991412642, 43.01644094967002 ], [ -4.606208611207567, 43.035583671657321 ], [ -4.592180782034747, 43.025279399652604 ], [ -4.558814110635965, 43.01922251407084 ], [ -4.520743001733694, 43.047538781178893 ], [ -4.498384843088788, 43.051656923563634 ], [ -4.487932424227904, 43.04063734532189 ], [ -4.462459715358089, 43.039339726361689 ], [ -4.431558434292755, 43.045754694231199 ], [ -4.397793478860003, 43.034701699103316 ], [ -4.372723161084589, 42.994354864951781 ], [ -4.346166050876265, 42.972161445398086 ], [ -4.228592255273107, 42.960322395531492 ], [ -4.139351362328142, 42.934864807641731 ], [ -4.137752097694941, 42.92444513281545 ], [ -4.128961060891408, 42.923125654962419 ], [ -4.128496775531971, 42.901476534077837 ], [ -4.119903012113149, 42.895971747919454 ], [ -4.124507019899925, 42.88546329912829 ], [ -4.112910331910342, 42.88030542170948 ], [ -4.127312832268186, 42.852311789390079 ], [ -4.112891011277191, 42.844548319112128 ], [ -4.113608376425701, 42.833791880455834 ], [ -4.128643334198376, 42.815819305461893 ], [ -4.16200938113124, 42.824828917621176 ], [ -4.182998753658038, 42.823878681275836 ], [ -4.187142312174123, 42.814583029237525 ], [ -4.147990243115498, 42.78317847823061 ], [ -4.102633741479207, 42.781514500737323 ], [ -4.118521472010493, 42.756075829561802 ], [ -4.043922773825089, 42.726339336903131 ], [ -4.061621336707785, 42.698661636768627 ], [ -4.038405304941313, 42.691026738272214 ], [ -4.049243848772994, 42.674951771574229 ], [ -3.976893761701153, 42.65502038294234 ], [ -3.926983638828514, 42.674514593483906 ], [ -3.867942879953527, 42.645826176574779 ], [ -3.728499211750336, 42.607569260352811 ], [ -3.717691101515839, 42.610846150048673 ], [ -3.703690874279795, 42.63782491613523 ], [ -3.685396863546906, 42.636317797256318 ], [ -3.679655007576932, 42.626758210501031 ], [ -3.685346521522809, 42.598214197672739 ], [ -3.637977683114632, 42.56852043842396 ], [ -3.64806199931576, 42.52436299991848 ], [ -3.663344452975883, 42.506710948108825 ], [ -3.60793460318185, 42.488297618599127 ], [ -3.573130715702105, 42.500054552544704 ], [ -3.563665700145513, 42.488115996329711 ], [ -3.518931958702533, 42.504098652210388 ], [ -3.495421416378612, 42.518070811067354 ], [ -3.493101353945095, 42.529912500079519 ], [ -3.474527792086671, 42.535449348316419 ], [ -3.452581391345859, 42.533762648957349 ], [ -3.455255332532633, 42.522996170748762 ], [ -3.420853560770867, 42.522771509353056 ], [ -3.413200270892562, 42.515119811542043 ], [ -3.424358640611692, 42.505407438711387 ], [ -3.469096414642254, 42.487854429865642 ], [ -3.463369479875775, 42.467186093563356 ], [ -3.493211282516988, 42.462394509808412 ], [ -3.488120222669693, 42.453701813598123 ], [ -3.494894649611193, 42.440744400359335 ], [ -3.480006956890187, 42.435512120547472 ], [ -3.494607146934511, 42.402719505736684 ], [ -3.473617164878889, 42.405977018901787 ], [ -3.43911562875768, 42.378775185311461 ], [ -3.408660655005433, 42.378955706749814 ], [ -3.344787852326544, 42.361137000532253 ], [ -3.343896817822837, 42.346072823359869 ], [ -3.320612399665501, 42.332112791173515 ], [ -3.319747417112681, 42.315037661807814 ], [ -3.277941305313537, 42.302094088882747 ], [ -3.283001536315512, 42.290522270059853 ], [ -3.274300876059978, 42.272104585411597 ], [ -3.251134989684189, 42.269736642657818 ], [ -3.241494030248573, 42.25142385730642 ], [ -3.22134950789339, 42.247281406675263 ], [ -3.20965147178396, 42.233294758128871 ], [ -3.1832636751401, 42.242256262700927 ], [ -3.168268942836191, 42.235343309227176 ], [ -3.134174754624147, 42.240758605037577 ], [ -3.102317499292708, 42.232147408063909 ], [ -3.09774318740049, 42.222427364522325 ], [ -3.105330201088811, 42.207261628986828 ], [ -3.057645470189983, 42.174654819415636 ], [ -3.074160117929167, 42.156014244382199 ], [ -3.078708188988616, 42.13587541938108 ], [ -3.053483927635145, 42.13358576838435 ], [ -3.057192701522457, 42.122756787835442 ], [ -3.034022506530786, 42.085803879854232 ], [ -3.047309612318235, 42.059498945996864 ], [ -3.066165802338366, 42.050719011682418 ], [ -3.061319674889769, 42.0405025484622 ], [ -3.004087512615661, 42.043964593302029 ], [ -2.955535334649279, 42.019550375271841 ], [ -2.912505695733805, 42.022831203222317 ], [ -2.883986901214494, 42.009536028992059 ], [ -2.844050432030075, 42.03465264545116 ], [ -2.822969245980201, 42.040909356065441 ], [ -2.811193593798838, 42.036508509072846 ], [ -2.797460209649676, 42.046558263652415 ], [ -2.761849293008091, 42.036773649491558 ], [ -2.746252325821058, 42.008920740865463 ], [ -2.706268435718071, 42.01525707438406 ], [ -2.673500101436824, 41.99812012726197 ], [ -2.658685343020145, 42.006793937367434 ], [ -2.6270651138895, 42.006434154395883 ], [ -2.579545080743351, 41.996485112112495 ], [ -2.549188131708124, 42.052152514171709 ], [ -2.514846120501671, 42.068598466892567 ], [ -2.481280888784367, 42.041954337577742 ], [ -2.478825305602268, 42.028762260414361 ], [ -2.443815999344328, 42.008671941397111 ], [ -2.437152010572387, 41.994371591907907 ], [ -2.348319405568779, 41.964459390142572 ], [ -2.339015178566421, 41.953040794768768 ], [ -2.313197258247293, 41.955500580677821 ], [ -2.279883753031588, 41.944426128182798 ], [ -2.251064444802294, 41.911342312134416 ], [ -2.251095692745738, 41.840168748835922 ], [ -2.202459922879154, 41.828740467200774 ], [ -2.187623994173689, 41.85391978862976 ], [ -2.196973978901503, 41.862752398578579 ], [ -2.176385661588934, 41.867221022661781 ], [ -2.143243270604467, 41.84071999391643 ], [ -2.127334612245257, 41.840519309898106 ], [ -2.102832944594651, 41.824807910334464 ], [ -2.101370072608821, 41.806757521369242 ], [ -2.089295065408347, 41.790360799165192 ], [ -2.065659235285407, 41.790682539645559 ], [ -2.051208025554894, 41.77200303614908 ], [ -1.96302942416086, 41.741542900993629 ], [ -1.930009538553303, 41.754250921189133 ], [ -1.896037592957663, 41.792970206091717 ], [ -1.865795327834913, 41.799936995322945 ], [ -1.859085090304667, 41.789630295017268 ], [ -1.826097515028662, 41.778782452411775 ], [ -1.803693311579257, 41.752455478072484 ], [ -1.808989114797995, 41.736646469606711 ], [ -1.796957350516801, 41.725555739308199 ], [ -1.825736842971786, 41.69130373733735 ], [ -1.918396227762793, 41.718953242782696 ], [ -1.953482465975019, 41.705247008997105 ], [ -1.967512257729548, 41.683883438564401 ], [ -1.99126340925413, 41.671704980224881 ], [ -1.982834177395189, 41.655282057354263 ], [ -1.999803378952583, 41.625541189504624 ], [ -1.986818261744106, 41.617027792127509 ], [ -1.991821578459445, 41.606238681861541 ], [ -2.024013967920558, 41.59745149436317 ], [ -2.04388452352254, 41.60426007434404 ], [ -2.056018093106292, 41.591036182218993 ], [ -2.07612534147421, 41.60750827483011 ], [ -2.086807988841465, 41.603894607755876 ], [ -2.082273670077033, 41.59482851564406 ], [ -2.126809608055602, 41.583441609117038 ], [ -2.196805972651309, 41.626870630664193 ], [ -2.201462142884469, 41.618531675181337 ], [ -2.188332967231118, 41.603081057939512 ], [ -2.192453473346319, 41.594107896211085 ], [ -2.176321566040489, 41.580614807043666 ], [ -2.188097480038901, 41.571567365237875 ], [ -2.221373804738145, 41.55954159596277 ], [ -2.279525134281859, 41.566622073705268 ], [ -2.323664198685131, 41.505040842664805 ], [ -2.313414392182811, 41.492663303757588 ], [ -2.321380736982515, 41.487527738234071 ], [ -2.307991971249917, 41.475320337996088 ], [ -2.3030776068881, 41.450388122583405 ], [ -2.311523046316818, 41.43605067281419 ], [ -2.30477769479807, 41.427553634202361 ], [ -2.31583634493276, 41.416153986292052 ], [ -2.31373619751261, 41.404206394258757 ], [ -2.331233262512413, 41.402586640399875 ], [ -2.385570484529513, 41.357065702043215 ], [ -2.369080581510223, 41.341242691078499 ], [ -2.422413322526538, 41.3084423083438 ], [ -2.40947312925793, 41.294469026727825 ], [ -2.418447153212167, 41.293322436781857 ], [ -2.426279701379836, 41.279803525490628 ], [ -2.426617813006619, 41.260661771590861 ], [ -2.445549552415184, 41.256940757882639 ], [ -2.49747108720491, 41.222572670496938 ], [ -2.493864193017604, 41.210001289050631 ], [ -2.512785559943691, 41.206996391046417 ], [ -2.51652684631023, 41.193772885955234 ], [ -2.509042131016546, 41.186071138171428 ], [ -2.480374383949105, 41.188714868137716 ], [ -2.479481444609991, 41.178916327025668 ], [ -2.51010641011706, 41.180751514916452 ], [ -2.529059072209694, 41.158436215535986 ], [ -2.546691289990911, 41.162058785299507 ], [ -2.549664608968613, 41.169644113687418 ], [ -2.58160893467582, 41.173738848574331 ], [ -2.587003149841062, 41.184644579037325 ], [ -2.620479381764499, 41.20347256959959 ], [ -2.617369644435157, 41.219097989323991 ], [ -2.597770392278827, 41.23275826628997 ], [ -2.600782447218323, 41.245702405164948 ], [ -2.634463239062789, 41.247820177444332 ], [ -2.668976466441493, 41.23879683966873 ], [ -2.729855349290332, 41.263684485788502 ], [ -2.777878522423209, 41.248735098397098 ], [ -2.803204445673675, 41.256859331758619 ], [ -2.821386171538053, 41.253547210949101 ], [ -2.837549711176345, 41.271695803361126 ], [ -2.85851459782845, 41.274807587925345 ], [ -2.881060486740851, 41.294913894613011 ], [ -2.901442801198905, 41.298430512959229 ], [ -2.95470193742765, 41.278452224527477 ], [ -2.980220790930296, 41.285818749064582 ], [ -3.006244625467766, 41.268828568987757 ], [ -3.043577097276284, 41.279095426214155 ], [ -3.061717023136981, 41.273286361453152 ], [ -3.199535551188105, 41.304591351138853 ], [ -3.199633933758729, 41.287568608474643 ], [ -3.210958010824751, 41.273975529380877 ], [ -3.221801416372172, 41.273657515472465 ], [ -3.223741814997408, 41.255349111859346 ], [ -3.231636952073227, 41.251443370018954 ], [ -3.25272319052125, 41.252126567241859 ], [ -3.25479681745168, 41.269970802264538 ], [ -3.272637152575694, 41.276087553586869 ], [ -3.290295945143451, 41.256768845370658 ], [ -3.395713778374668, 41.257199114550374 ], [ -3.40629004957322, 41.233945736928206 ], [ -3.401685407673545, 41.213604387809603 ], [ -3.443777272788911, 41.215145412131768 ], [ -3.467389619008714, 41.183867340190965 ], [ -3.500155280175173, 41.17865293279668 ], [ -3.515619454045093, 41.163372651464613 ], [ -3.53932015594817, 41.165498145578312 ], [ -3.537067656939967, 41.155788475057591 ], [ -3.548091623852414, 41.138909318936498 ], [ -3.583058090122576, 41.135119940393402 ], [ -3.596716461806815, 41.154989434519571 ], [ -3.613463629994407, 41.149285175907259 ], [ -3.675213203502029, 41.087176578165611 ], [ -3.700027319262085, 41.081225549410817 ], [ -3.739979135638481, 41.053929964484098 ], [ -3.781405312518443, 41.00048971943253 ], [ -3.89441531416213, 40.966757883678042 ], [ -3.921845998021737, 40.930514604710083 ], [ -3.937750315208299, 40.926991300392572 ], [ -3.936813305475595, 40.915347683752195 ], [ -3.951875573614185, 40.894081791153909 ], [ -3.942013980958741, 40.886971118147095 ], [ -3.946486857274271, 40.864825082691027 ], [ -3.965557668318621, 40.837826412857382 ], [ -3.961863295853659, 40.821982266977898 ], [ -3.97923435427088, 40.80032747688724 ], [ -3.979440878520826, 40.784833689904275 ], [ -4.006501086535387, 40.788509913356826 ], [ -4.031114304374847, 40.781557062504234 ], [ -4.070139234261684, 40.793693326063924 ], [ -4.096286507775811, 40.765325967171719 ], [ -4.097424510314403, 40.748752021611324 ], [ -4.115478452980326, 40.742198544048037 ], [ -4.136045850299897, 40.717646142790869 ], [ -4.144186832821069, 40.6955974492042 ], [ -4.171418097793528, 40.680725890938568 ], [ -4.213031128722482, 40.693283859710583 ], [ -4.226856193252918, 40.686244998674297 ], [ -4.245455979382397, 40.689310214542211 ], [ -4.26130671666337, 40.674576889707438 ], [ -4.29091885236141, 40.679777359313981 ], [ -4.321647993766136, 40.658601428456237 ], [ -4.358754943662315, 40.647652367022111 ], [ -4.368765315300008, 40.635293505963233 ], [ -4.444012454029532, 40.629229243090812 ], [ -4.47030637523495, 40.63442541008537 ], [ -4.488681694864948, 40.626358913588419 ], [ -4.509571501954857, 40.62870157801018 ], [ -4.53401657703377, 40.608943517168797 ], [ -4.578037685903286, 40.609287331104284 ], [ -4.581690924887988, 40.593253959093474 ], [ -4.602816735957564, 40.581263040422577 ], [ -4.601181124585598, 40.566574122439363 ], [ -4.63267872485187, 40.548871427757433 ], [ -4.646615566553875, 40.529220892067542 ], [ -4.694358032816588, 40.513759296969873 ], [ -4.714801322108641, 40.494225014277802 ], [ -4.76509904182678, 40.494435482532502 ], [ -4.793462411452765, 40.476577377430047 ], [ -4.858290766858113, 40.494190223423345 ], [ -4.941760620669205, 40.476688094338932 ], [ -4.959029410583326, 40.475442003642641 ], [ -4.969262926545603, 40.483343536689212 ], [ -4.999050750624503, 40.474973214673739 ], [ -5.030884259478453, 40.476947604846465 ], [ -5.043187540030825, 40.498235694117227 ], [ -5.05777395458205, 40.488141816449854 ], [ -5.069928259489483, 40.490936532650792 ], [ -5.075680337976896, 40.477521255389703 ], [ -5.093251427262314, 40.47173751211632 ], [ -5.134689233641808, 40.476053048429577 ], [ -5.148539202457508, 40.457894149069752 ], [ -5.180045849646253, 40.455029049844242 ], [ -5.189335770392716, 40.462245190875066 ], [ -5.207151481046165, 40.450748826130962 ], [ -5.235931917724797, 40.453641127858674 ], [ -5.22573049836027, 40.409900506021366 ], [ -5.211725253780102, 40.398200183996352 ], [ -5.125808024694413, 40.393150707461494 ], [ -5.128737971139366, 40.381736305956629 ], [ -5.101038339106531, 40.366399334056247 ], [ -5.108174437848409, 40.341843691896315 ], [ -5.092800338492661, 40.330201222856651 ], [ -5.100910173379372, 40.318105559620108 ], [ -5.080931335190344, 40.305774718910577 ], [ -5.098050081748231, 40.294192231036618 ], [ -5.132680033301469, 40.290970605906089 ], [ -5.182546209338215, 40.261106756442892 ], [ -5.198518986589613, 40.267936815025102 ], [ -5.246393857190684, 40.244142127555662 ], [ -5.266276910895189, 40.251790444432842 ], [ -5.283603793043654, 40.241107053844544 ], [ -5.315889577792193, 40.263172519909453 ], [ -5.353910814010736, 40.264425811470268 ], [ -5.389766437584523, 40.251117197385433 ], [ -5.421196721494966, 40.255160789666753 ], [ -5.434871636177991, 40.246274433047631 ], [ -5.437840430480315, 40.234619843246548 ], [ -5.467118204957595, 40.220863817738831 ], [ -5.469789772312213, 40.20968633612376 ], [ -5.525133753057938, 40.192697984841438 ], [ -5.594180708302932, 40.216708971413901 ], [ -5.610079570469131, 40.215596270978295 ], [ -5.622011018917532, 40.246661202009484 ], [ -5.649882745620196, 40.25022254715897 ], [ -5.659580604876589, 40.257141752002312 ], [ -5.659129744953606, 40.271100145320112 ], [ -5.691257218826698, 40.290319717697692 ], [ -5.737394693457854, 40.29371593861665 ], [ -5.723631880053353, 40.317266485229979 ], [ -5.686590634711953, 40.342690082560033 ], [ -5.692406125313313, 40.372536578652827 ], [ -5.681729257944856, 40.384510231304645 ], [ -5.703432677679454, 40.450302863163259 ], [ -5.684054938906299, 40.481357314460404 ], [ -5.685847443067427, 40.490440006023832 ], [ -5.665218197521726, 40.501642429026823 ], [ -5.659509131371839, 40.520085884918238 ], [ -5.704431083419303, 40.535753484044562 ], [ -5.725540638564536, 40.531549682042254 ], [ -5.752327801886948, 40.550809810162683 ], [ -5.747032780169454, 40.561279445488132 ], [ -5.768397871125821, 40.5823820039476 ], [ -5.769151198469593, 40.606409959461416 ], [ -5.754129274654073, 40.618724703898067 ], [ -5.758664530030343, 40.632492510389682 ], [ -5.741192154392545, 40.659229293310581 ], [ -5.758997791950167, 40.679272486879661 ], [ -5.789125137028701, 40.689487899963552 ], [ -5.802252403469149, 40.700391906676934 ], [ -5.800125849459929, 40.707515074774776 ], [ -5.817774042831424, 40.71338784732994 ], [ -5.864400707598626, 40.708124139790783 ], [ -5.879193187552935, 40.715005725131263 ], [ -5.899483299170472, 40.697782270952231 ], [ -5.898543492455558, 40.675542033421706 ], [ -5.888810438236701, 40.666855780955721 ], [ -5.905451464079029, 40.632975153958668 ], [ -5.927993706470555, 40.613977770542284 ], [ -5.937895101639171, 40.616000880992679 ], [ -5.945046402986633, 40.599130560609929 ], [ -5.963273672428326, 40.585617509722468 ], [ -6.026684215897691, 40.586028041530355 ], [ -6.040712161757242, 40.575055604157434 ], [ -6.026523519954321, 40.557990728983008 ], [ -6.061606072373672, 40.537786569072097 ], [ -6.087370099734698, 40.543881173521321 ], [ -6.095554289147324, 40.527628543098835 ], [ -6.114742969021956, 40.51626648675223 ], [ -6.127510228192995, 40.525978603364059 ], [ -6.148670964196377, 40.525394030749503 ], [ -6.185940000612494, 40.50182437488025 ], [ -6.186417637960695, 40.488521686986282 ], [ -6.197321822773688, 40.481613712969086 ], [ -6.239736968252246, 40.486389852812316 ], [ -6.274895267147078, 40.458527586655322 ], [ -6.33781597669926, 40.446644426067799 ], [ -6.364909330105836, 40.422147536312309 ], [ -6.362910483441405, 40.407584043559211 ], [ -6.377391202235426, 40.399890204777954 ], [ -6.420061613816501, 40.399400628070268 ], [ -6.441494013690519, 40.380642579611361 ], [ -6.433527314701244, 40.355100875552296 ], [ -6.482877994871501, 40.344871981436476 ], [ -6.49438624826574, 40.330698717066895 ], [ -6.514269028849776, 40.325480135419944 ], [ -6.520797086776829, 40.301083331843827 ], [ -6.540548910564222, 40.290574702910774 ], [ -6.555981065883167, 40.290612434012075 ], [ -6.610747958096804, 40.264057265671077 ], [ -6.670556070865029, 40.26388116099799 ], [ -6.690232111070761, 40.240867942509524 ], [ -6.71717422615005, 40.269843480400958 ], [ -6.752129158228812, 40.24995622033974 ], [ -6.755546839729788, 40.238533779128296 ], [ -6.780838734882664, 40.249264391322775 ], [ -6.818716340273804, 40.243647505539144 ], [ -6.856179540088252, 40.259724018733202 ], [ -6.865343378550121, 40.269960571526227 ], [ -6.861748918383487, 40.299444998573279 ], [ -6.825598943921461, 40.322407998423344 ], [ -6.793500962941727, 40.328645998702989 ], [ -6.793465965177417, 40.356082998840009 ], [ -6.780996971557072, 40.364672998753861 ], [ -6.834801952005494, 40.408156995904754 ], [ -6.849696953708698, 40.452573993742433 ], [ -6.814405971515217, 40.501889993814665 ], [ -6.795011978461132, 40.512157994492824 ], [ -6.804977977497699, 40.537035993799023 ], [ -6.800807979156317, 40.550669993962401 ], [ -6.844723967309402, 40.566214992056288 ], [ -6.837567972194248, 40.594228992746693 ], [ -6.80787798289837, 40.62951899445612 ], [ -6.79389698614931, 40.661679996232301 ], [ -6.805483985041274, 40.668683995156933 ], [ -6.810754985136919, 40.716886995394418 ], [ -6.824599982000699, 40.729666995030598 ], [ -6.831030980242011, 40.752758995360246 ], [ -6.81686798223447, 40.797139997656032 ], [ -6.826096979258001, 40.843505998518012 ], [ -6.80020398564586, 40.848553998971703 ], [ -6.809054980269255, 40.882329999903874 ], [ -6.830101975058805, 40.885476000790895 ], [ -6.848905969175896, 40.902564001864754 ], [ -6.847661967831251, 40.924465003988587 ], [ -6.85900696266127, 40.949544006444597 ], [ -6.908603942165194, 40.998783015383765 ], [ -6.92099393673486, 41.002124016942261 ], [ -6.931125928050717, 41.029428022538688 ], [ -6.915735932352764, 41.038446021883523 ], [ -6.866499951748214, 41.026951014685913 ], [ -6.808833969083709, 41.036407009502824 ], [ -6.8096459680053, 41.043853010945583 ], [ -6.779996975797789, 41.067254008906474 ], [ -6.753985981287753, 41.102779007924688 ], [ -6.771140973410043, 41.125414011585015 ], [ -6.767413973780439, 41.135214011481168 ], [ -6.708396989394096, 41.173478005715808 ], [ -6.690394992328412, 41.196275004203628 ], [ -6.691003991471622, 41.210158004993495 ], [ -6.652807994659931, 41.235641002992615 ], [ -6.648922994603065, 41.246829004276449 ], [ -6.629550997710757, 41.242640001710619 ], [ -6.608910997510562, 41.249743001931996 ], [ -6.599143998935648, 41.243991001382511 ], [ -6.592047998724015, 41.255255001936014 ], [ -6.585034000863612, 41.241552999942108 ], [ -6.57100800134415, 41.239095999640455 ], [ -6.551949001799412, 41.245248999786618 ], [ -6.546956001538974, 41.258149000813418 ], [ -6.52217900131057, 41.275793001827061 ], [ -6.512106002298867, 41.264696001184809 ], [ -6.497295002664758, 41.265861000648286 ], [ -6.478535002053599, 41.275674000436624 ], [ -6.491213000736917, 41.284724001484946 ], [ -6.485909001137871, 41.291939001466368 ], [ -6.437567000615776, 41.305707001234047 ], [ -6.434765999356843, 41.319263001280277 ], [ -6.418701999052345, 41.326721001828574 ], [ -6.426440999126346, 41.333775002317864 ], [ -6.414919998109928, 41.348018002192639 ], [ -6.377839998553737, 41.358266001219476 ], [ -6.393576998035538, 41.370098001684468 ], [ -6.389923998488723, 41.384614002178139 ], [ -6.366138998055899, 41.393178001385841 ], [ -6.350775997996489, 41.378055999979729 ], [ -6.317090997913525, 41.386181000034469 ], [ -6.317260998749247, 41.397164000663892 ], [ -6.333374998754559, 41.410265000919104 ], [ -6.298093999593415, 41.431057000397672 ], [ -6.305484998717287, 41.449675000606014 ], [ -6.286242999013286, 41.466172000493245 ], [ -6.283920999718311, 41.479060000686452 ], [ -6.26204299958373, 41.486970999490374 ], [ -6.266129999703585, 41.498001000289442 ], [ -6.250772999480082, 41.500543999555973 ], [ -6.257559000038524, 41.514324000009147 ], [ -6.236682999872762, 41.52169499907032 ], [ -6.211614000427862, 41.559328999127565 ], [ -6.189208999232994, 41.574813999525503 ], [ -6.203185000242034, 41.595985999982666 ], [ -6.235875999655908, 41.606719999876624 ], [ -6.254179999364984, 41.632627999901636 ], [ -6.305814000582886, 41.662778000422442 ], [ -6.356777999800988, 41.677012000052223 ], [ -6.444497996102019, 41.684833003708476 ], [ -6.457725994939657, 41.666835004700367 ], [ -6.499718990344411, 41.657138008638057 ], [ -6.548285986012857, 41.685671011696449 ], [ -6.554939987160258, 41.69853501235216 ], [ -6.542445987467827, 41.701371010869956 ], [ -6.554952987975021, 41.720944010742656 ], [ -6.548719988899774, 41.725596010596689 ], [ -6.569087989040933, 41.743534010994942 ], [ -6.543442994272598, 41.778412006746365 ], [ -6.546936994794881, 41.794974006240402 ], [ -6.535683996443519, 41.818181004207126 ], [ -6.527393996331484, 41.820838003753352 ], [ -6.532360997060854, 41.835124003059086 ], [ -6.515528999007969, 41.871660001464228 ], [ -6.571153997269904, 41.883635002576042 ], [ -6.545842999192809, 41.935934000488217 ], [ -6.58847600043539, 41.967756000017971 ], [ -6.599358999911226, 41.948207000351793 ], [ -6.61683899994645, 41.941231000273774 ], [ -6.69927699750467, 41.933331001191029 ], [ -6.750618997940328, 41.943391001954723 ], [ -6.768698999413447, 41.98390199942385 ], [ -6.811484000151322, 41.992525000424777 ], [ -6.810221997307049, 41.970184002152735 ], [ -6.821148993581252, 41.946310004389169 ], [ -6.8696539933884, 41.9474810049526 ], [ -6.893472991192514, 41.939626006899488 ], [ -6.944273990661623, 41.94508700746718 ], [ -6.957855994899036, 41.969294004124613 ], [ -6.978607994981337, 41.974039004342785 ], [ -7.005904992309938, 41.950542006054498 ], [ -7.042931992633738, 41.954881005407813 ], [ -7.068990991568961, 41.949351005987864 ], [ -7.087559995307655, 41.973915002569633 ], [ -7.140569995814638, 41.990826001403555 ], [ -7.158384993706805, 41.976202003573022 ], [ -7.177543993847079, 41.979964003412675 ], [ -7.185425991979041, 41.972326004299518 ], [ -7.182155990452316, 41.95205900709275 ], [ -7.18955298789737, 41.941642008305649 ], [ -7.1735229839648, 41.919042012350111 ], [ -7.197293973619287, 41.880062019569088 ], [ -7.232505969222568, 41.867200021997917 ], [ -7.253253970148567, 41.86661602160752 ], [ -7.314911964671558, 41.842635025299288 ], [ -7.356460966001989, 41.840490024097065 ], [ -7.367280971732302, 41.851686020517398 ], [ -7.390415968502686, 41.842302022639196 ], [ -7.397424961188471, 41.826344028046584 ], [ -7.427485948066336, 41.807362037791762 ], [ -7.42599196229021, 41.830090027163749 ], [ -7.444135965447463, 41.839775025060128 ], [ -7.450981976321346, 41.863564016174649 ], [ -7.484776972472916, 41.861051019483298 ], [ -7.490487977280747, 41.871808016420545 ], [ -7.511175972114874, 41.865143020643799 ], [ -7.505784965792804, 41.850870024704122 ], [ -7.521895959995163, 41.841775030100862 ], [ -7.613880944657289, 41.829656042230141 ], [ -7.6019249658032, 41.86644802497019 ], [ -7.584087972444782, 41.875694019640306 ], [ -7.585860974958457, 41.881864017309127 ], [ -7.653845971984625, 41.881369020109588 ], [ -7.697332980573747, 41.90734101331784 ], [ -7.717471282482058, 41.905461670671855 ], [ -7.679293000775722, 41.919201362015279 ], [ -7.671817356662281, 41.933761174351517 ], [ -7.632416417409742, 41.957211623267142 ], [ -7.6001989709935, 41.958426308363713 ], [ -7.596637106760143, 41.970029087800739 ], [ -7.552012272479691, 42.001808438368698 ], [ -7.544811803637572, 42.015687302400089 ], [ -7.566757374666022, 42.033392801764947 ], [ -7.55554875658585, 42.047342766193879 ], [ -7.559903748554665, 42.075634464347267 ], [ -7.549510414616683, 42.090572849711897 ], [ -7.557922937260167, 42.098640490173906 ], [ -7.553306003682669, 42.108805144647313 ], [ -7.56678454941704, 42.138526967192909 ], [ -7.539756782994324, 42.125535191235656 ], [ -7.506821218306891, 42.125262932865688 ], [ -7.481624849767824, 42.145576191792799 ], [ -7.47926283657398, 42.163121554731937 ], [ -7.467703897833413, 42.167648626983478 ], [ -7.452992328747917, 42.146133095072024 ], [ -7.430194839619602, 42.13260885088701 ], [ -7.430201569813417, 42.114323870905771 ], [ -7.390545243869025, 42.097068469340321 ], [ -7.371394480004707, 42.075266397958195 ], [ -7.381194422515094, 42.066265252461783 ], [ -7.365761080927164, 42.062165066038361 ], [ -7.349933630364324, 42.041776424933005 ], [ -7.333998059262491, 42.057106795358173 ], [ -7.285768435636576, 42.062169675875055 ], [ -7.275725516610541, 42.070069004140535 ], [ -7.237562301813084, 42.067091717854957 ], [ -7.220050727166725, 42.079831520448828 ], [ -7.190117147092931, 42.069090427580463 ], [ -7.177225770472081, 42.074897052505904 ], [ -7.152445648444465, 42.069697888465939 ], [ -7.112421009833707, 42.05295480375608 ], [ -7.08929619554003, 42.083272162699345 ], [ -7.041508567855088, 42.074278228628877 ], [ -7.031943863768158, 42.066029379661501 ], [ -7.017372427776689, 42.074245642743691 ], [ -6.994427086671119, 42.069679184927637 ], [ -6.977597437374301, 42.057693958482666 ], [ -6.976699558487948, 42.071624837109454 ], [ -6.959204744943905, 42.072830777702457 ], [ -6.950419773990828, 42.095217678580042 ], [ -6.923912091497156, 42.111265065346927 ], [ -6.904087693324303, 42.117152489195568 ], [ -6.8575515511368, 42.099947323377933 ], [ -6.848071623121164, 42.108542446119408 ], [ -6.859663716869669, 42.118020286656119 ], [ -6.846826929661955, 42.124699849170753 ], [ -6.850142364807763, 42.135627970662092 ], [ -6.826908182236429, 42.13580699078824 ], [ -6.81734026319826, 42.148855058947319 ], [ -6.788151461416004, 42.153642603130606 ], [ -6.785912449751891, 42.16700926563631 ], [ -6.820001799620612, 42.193547265193168 ], [ -6.787879452937036, 42.21575383952144 ], [ -6.802868861790035, 42.239014768066454 ], [ -6.787846910506812, 42.254314074530939 ], [ -6.774624500847545, 42.25497093761691 ], [ -6.759137425692251, 42.238937025186978 ], [ -6.742784308351871, 42.240640600769815 ], [ -6.721310761628166, 42.214076807405966 ], [ -6.706141177552049, 42.20957363276748 ], [ -6.63851799711877, 42.217461678047393 ], [ -6.613392748054515, 42.203765707711817 ], [ -6.557041115339707, 42.20737267430561 ], [ -6.556355903861547, 42.221170171273442 ], [ -6.534111475834623, 42.231761685319967 ], [ -6.541826215721472, 42.25155841839981 ], [ -6.534453805360193, 42.263103732175317 ], [ -6.482704496959941, 42.287460887771928 ], [ -6.461249242414514, 42.312166693102753 ], [ -6.4730935767578, 42.337415211105188 ], [ -6.456636685815211, 42.349388788651751 ], [ -6.458365889532637, 42.369163880930095 ], [ -6.485852281202051, 42.374584549310001 ], [ -6.494781744794463, 42.390319792878032 ], [ -6.528329313199074, 42.403046535057136 ], [ -6.495905610758821, 42.410941921845037 ], [ -6.492335397158261, 42.425730511513272 ], [ -6.455658304257131, 42.439009455939555 ], [ -6.436635622004639, 42.442335674606042 ], [ -6.400093777597702, 42.431089197347369 ], [ -6.389454555371974, 42.437308104786183 ], [ -6.362056768934205, 42.491316824840446 ], [ -6.317327796454085, 42.493721277694689 ], [ -6.299464718485272, 42.512272586005636 ], [ -6.30022533723699, 42.530040140242455 ], [ -6.271663829244591, 42.549375678119503 ], [ -6.231684475134705, 42.560073146650431 ], [ -6.227008236840882, 42.613112496646615 ], [ -6.239155847740398, 42.624597287196224 ], [ -6.23534355090496, 42.646994084399743 ], [ -6.221263745581835, 42.659069255290703 ], [ -6.201590286552386, 42.660333055618551 ], [ -6.193210262489884, 42.679840211065724 ], [ -6.174899310173566, 42.682282411110613 ], [ -6.176690728614166, 42.697897306008272 ], [ -6.118919874445086, 42.716735911120487 ], [ -6.122360967807621, 42.729329122238468 ], [ -6.167237751699022, 42.746024013817561 ], [ -6.161933329255738, 42.765352650071172 ], [ -6.211545858894396, 42.788339394298674 ], [ -6.241258804985208, 42.78858416902542 ], [ -6.257513509850988, 42.80201691430122 ], [ -6.259863813433454, 42.814353036805024 ], [ -6.281694245522675, 42.82564104245305 ], [ -6.276075402485702, 42.83684902152423 ], [ -6.281673509053678, 42.841819830280336 ], [ -6.26612417982036, 42.860830472141423 ], [ -6.23901254140829, 42.850685734507103 ], [ -6.220981778037161, 42.863907191275274 ], [ -6.193336915234186, 42.869061758288026 ], [ -6.177546987570987, 42.89680420711764 ], [ -6.208058595236639, 42.90833943755635 ], [ -6.230402043582512, 42.926897547856512 ], [ -6.209424949365718, 42.923101663103928 ], [ -6.187338108288925, 42.933221450334877 ], [ -6.183446383394085, 42.940044620632413 ], [ -6.198250639282112, 42.962858313164496 ], [ -6.192718774342672, 42.970215350942055 ], [ -6.198640780183347, 42.982042198036289 ], [ -6.161987754637912, 42.984989668345364 ], [ -6.147767537653535, 42.998199911337743 ], [ -6.156551526440436, 43.009577390945893 ], [ -6.130980204907621, 43.010874940973181 ], [ -6.117537093095641, 43.027280478169935 ], [ -6.09738485435644, 43.030907787336304 ], [ -6.089951950122341, 43.041924091913621 ], [ -6.091949332302021, 43.067094253504798 ], [ -6.079659119976215, 43.073551729499805 ], [ -6.016873353033612, 43.053513949985465 ], [ -5.988694858579994, 43.067443462231601 ], [ -5.973836007384602, 43.065337010580414 ], [ -5.962404608911357, 43.051833853537069 ], [ -5.969465271578455, 43.040658045317308 ], [ -5.95636804008951, 43.017778826612584 ], [ -5.925341785574584, 43.007124510995325 ], [ -5.908088960751922, 42.990848557659376 ], [ -5.890884481550072, 42.992947778268288 ], [ -5.888544805253901, 42.979408876627772 ], [ -5.862776849177528, 42.981013005561543 ], [ -5.844576329901678, 42.963405442737347 ], [ -5.803699135207016, 42.963079954865158 ], [ -5.760536225220101, 42.972422340624426 ], [ -5.766803547765917, 42.986350599832342 ], [ -5.727934344772414, 43.042569703685956 ], [ -5.692768881357189, 43.056571766481539 ], [ -5.636369358646904, 43.035221353551748 ], [ -5.574619107119324, 43.032265868491486 ], [ -5.566191884573214, 43.021326462362389 ], [ -5.540389668654222, 43.018468912821376 ], [ -5.506213469251362, 43.02861101429913 ], [ -5.496501424402391, 43.021900059752035 ], [ -5.476373479499141, 43.055377199237654 ], [ -5.392243886697875, 43.046717527791159 ], [ -5.385540977623146, 43.067322555109207 ], [ -5.393306524334355, 43.080543061995883 ], [ -5.35700238719054, 43.099341502803064 ], [ -5.331797163462644, 43.080351432396732 ], [ -5.311457676723266, 43.084297437789779 ], [ -5.281574313883442, 43.077510773555737 ], [ -5.252103128369885, 43.089527088898748 ], [ -5.213824890371463, 43.085610552060103 ], [ -5.147965717584432, 43.114863690570814 ], [ -5.139320826838462, 43.096570883262814 ], [ -5.130857178928556, 43.094384491521382 ], [ -5.105473732294572, 43.102017196494188 ], [ -5.076497809768707, 43.093312072912745 ], [ -5.063463007275366, 43.100219146145882 ], [ -5.0406282438722, 43.090395224560375 ], [ -4.990236740605048, 43.115694469872771 ], [ -4.972691860443859, 43.094119337968273 ], [ -4.957519866662885, 43.091885588044491 ], [ -4.884092897343802, 43.103263556798673 ], [ -4.863950253927602, 43.109688975970549 ], [ -4.850342978474925, 43.125762827544428 ] ] ] } },
{ "type": "Feature", "properties": { "CodDemarc": "ES030", "Nombre": "TAJO" }, "geometry": { "type": "Polygon", "coordinates": [ [ [ -6.865343378550121, 40.269960571526227 ], [ -6.835207349008894, 40.247417042459972 ], [ -6.804722117560667, 40.24161665422546 ], [ -6.780838734882664, 40.249264391322775 ], [ -6.75559915075442, 40.23853244116944 ], [ -6.752129158228812, 40.24995622033974 ], [ -6.71717422615005, 40.269843480400958 ], [ -6.690232111070761, 40.240867942509524 ], [ -6.670556070865029, 40.26388116099799 ], [ -6.610747958096804, 40.264057265671077 ], [ -6.555981065883167, 40.290612434012075 ], [ -6.540548910564222, 40.290574702910774 ], [ -6.520797086776829, 40.301083331843827 ], [ -6.514269028849776, 40.325480135419944 ], [ -6.49438624826574, 40.330698717066895 ], [ -6.482877994871501, 40.344871981436476 ], [ -6.433527314701244, 40.355100875552296 ], [ -6.441494013690519, 40.380642579611361 ], [ -6.420061613816501, 40.399400628070268 ], [ -6.377391202235426, 40.399890204777954 ], [ -6.362910483441405, 40.407584043559211 ], [ -6.364909330105836, 40.422147536312309 ], [ -6.33781597669926, 40.446644426067799 ], [ -6.274895267147078, 40.458527586655322 ], [ -6.239736968252246, 40.486389852812316 ], [ -6.197321822773688, 40.481613712969086 ], [ -6.186417637960695, 40.488521686986282 ], [ -6.185940000612494, 40.50182437488025 ], [ -6.148670964196377, 40.525394030749503 ], [ -6.127510228192995, 40.525978603364059 ], [ -6.114742969021956, 40.51626648675223 ], [ -6.095554289147324, 40.527628543098835 ], [ -6.087370099734698, 40.543881173521321 ], [ -6.061606072373672, 40.537786569072097 ], [ -6.026523519954321, 40.557990728983008 ], [ -6.040712161757242, 40.575055604157434 ], [ -6.026684215897691, 40.586028041530355 ], [ -5.963273672428326, 40.585617509722468 ], [ -5.945046402986633, 40.599130560609929 ], [ -5.937895101639171, 40.616000880992679 ], [ -5.927993706470555, 40.613977770542284 ], [ -5.905451464079029, 40.632975153958668 ], [ -5.888810438236701, 40.666855780955721 ], [ -5.898543492455558, 40.675542033421706 ], [ -5.899483299170472, 40.697782270952231 ], [ -5.879193187552935, 40.715005725131263 ], [ -5.864400707598626, 40.708124139790783 ], [ -5.817774042831424, 40.71338784732994 ], [ -5.800125849459929, 40.707515074774776 ], [ -5.802252403469149, 40.700391906676934 ], [ -5.789125137028701, 40.689487899963552 ], [ -5.758997791950167, 40.679272486879661 ], [ -5.741192154392545, 40.659229293310581 ], [ -5.758664530030343, 40.632492510389682 ], [ -5.754129274654073, 40.618724703898067 ], [ -5.769151198469593, 40.606409959461416 ], [ -5.768397871125821, 40.5823820039476 ], [ -5.747032780169454, 40.561279445488132 ], [ -5.752327801886948, 40.550809810162683 ], [ -5.725540638564536, 40.531549682042254 ], [ -5.704431083419303, 40.535753484044562 ], [ -5.659509131371839, 40.520085884918238 ], [ -5.665218197521726, 40.501642429026823 ], [ -5.685847443067427, 40.490440006023832 ], [ -5.684054938906299, 40.481357314460404 ], [ -5.703432677679454, 40.450302863163259 ], [ -5.681729257944856, 40.384510231304645 ], [ -5.692406125313313, 40.372536578652827 ], [ -5.686590634711953, 40.342690082560033 ], [ -5.723631880053353, 40.317266485229979 ], [ -5.737394693457854, 40.29371593861665 ], [ -5.691257218826698, 40.290319717697692 ], [ -5.659129744953606, 40.271100145320112 ], [ -5.659580604876589, 40.257141752002312 ], [ -5.649882745620196, 40.25022254715897 ], [ -5.622011018917532, 40.246661202009484 ], [ -5.610079570469131, 40.215596270978295 ], [ -5.594180708302932, 40.216708971413901 ], [ -5.525133753057938, 40.192697984841438 ], [ -5.469789772312213, 40.20968633612376 ], [ -5.467118204957595, 40.220863817738831 ], [ -5.437840430480315, 40.234619843246548 ], [ -5.434871636177991, 40.246274433047631 ], [ -5.421196721494966, 40.255160789666753 ], [ -5.389766437584523, 40.251117197385433 ], [ -5.353910814010736, 40.264425811470268 ], [ -5.315889577792193, 40.263172519909453 ], [ -5.283603793043654, 40.241107053844544 ], [ -5.266276910895189, 40.251790444432842 ], [ -5.246393857190684, 40.244142127555662 ], [ -5.198518986589613, 40.267936815025102 ], [ -5.182546209338215, 40.261106756442892 ], [ -5.132680033301469, 40.290970605906089 ], [ -5.098050081748231, 40.294192231036618 ], [ -5.080931335190344, 40.305774718910577 ], [ -5.100910173379372, 40.318105559620108 ], [ -5.092800338492661, 40.330201222856651 ], [ -5.108174437848409, 40.341843691896315 ], [ -5.101038339106531, 40.366399334056247 ], [ -5.128737971139366, 40.381736305956629 ], [ -5.125808024694413, 40.393150707461494 ], [ -5.211725253780102, 40.398200183996352 ], [ -5.22573049836027, 40.409900506021366 ], [ -5.235931917724797, 40.453641127858674 ], [ -5.207151481046165, 40.450748826130962 ], [ -5.189335770392716, 40.462245190875066 ], [ -5.180045849646253, 40.455029049844242 ], [ -5.148539202457508, 40.457894149069752 ], [ -5.134689233641808, 40.476053048429577 ], [ -5.093251427262314, 40.47173751211632 ], [ -5.075680337976896, 40.477521255389703 ], [ -5.069928259489483, 40.490936532650792 ], [ -5.05777395458205, 40.488141816449854 ], [ -5.043187540030825, 40.498235694117227 ], [ -5.030884259478453, 40.476947604846465 ], [ -4.999050750624503, 40.474973214673739 ], [ -4.969262926545603, 40.483343536689212 ], [ -4.959029410583326, 40.475442003642641 ], [ -4.941760620669205, 40.476688094338932 ], [ -4.858290766858113, 40.494190223423345 ], [ -4.793462411452765, 40.476577377430047 ], [ -4.76509904182678, 40.494435482532502 ], [ -4.714801322108641, 40.494225014277802 ], [ -4.694358032816588, 40.513759296969873 ], [ -4.646615566553875, 40.529220892067542 ], [ -4.63267872485187, 40.548871427757433 ], [ -4.601181124585598, 40.566574122439363 ], [ -4.602816735957564, 40.581263040422577 ], [ -4.581690924887988, 40.593253959093474 ], [ -4.578037685903286, 40.609287331104284 ], [ -4.53401657703377, 40.608943517168797 ], [ -4.509571501954857, 40.62870157801018 ], [ -4.488681694864948, 40.626358913588419 ], [ -4.47030637523495, 40.63442541008537 ], [ -4.444012454029532, 40.629229243090812 ], [ -4.368765315300008, 40.635293505963233 ], [ -4.358754943662315, 40.647652367022111 ], [ -4.321647993766136, 40.658601428456237 ], [ -4.29091885236141, 40.679777359313981 ], [ -4.26130671666337, 40.674576889707438 ], [ -4.245455979382397, 40.689310214542211 ], [ -4.226856193252918, 40.686244998674297 ], [ -4.213031128722482, 40.693283859710583 ], [ -4.171418097793528, 40.680725890938568 ], [ -4.144186832821069, 40.6955974492042 ], [ -4.136045850299897, 40.717646142790869 ], [ -4.115478452980326, 40.742198544048037 ], [ -4.097424510314403, 40.748752021611324 ], [ -4.096286507775811, 40.765325967171719 ], [ -4.070139234261684, 40.793693326063924 ], [ -4.031114304374847, 40.781557062504234 ], [ -4.006501086535387, 40.788509913356826 ], [ -3.979484810495709, 40.784789070002965 ], [ -3.97923435427088, 40.80032747688724 ], [ -3.961863295853659, 40.821982266977898 ], [ -3.965557668318621, 40.837826412857382 ], [ -3.946486857274271, 40.864825082691027 ], [ -3.942013980958741, 40.886971118147095 ], [ -3.951875573614185, 40.894081791153909 ], [ -3.936813305475595, 40.915347683752195 ], [ -3.937721022581813, 40.927028276468803 ], [ -3.921891220045555, 40.93047390298765 ], [ -3.906934764727937, 40.955473115123965 ], [ -3.879569717281096, 40.975729247267736 ], [ -3.868800092599407, 40.971414211024936 ], [ -3.781405312518443, 41.00048971943253 ], [ -3.739979135638481, 41.053929964484098 ], [ -3.700027319262085, 41.081225549410817 ], [ -3.675213203502029, 41.087176578165611 ], [ -3.61351766054721, 41.149250883312767 ], [ -3.596716461806815, 41.154989434519571 ], [ -3.583058090122576, 41.135119940393402 ], [ -3.548009473289397, 41.138937903646195 ], [ -3.537067656939967, 41.155788475057591 ], [ -3.53932015594817, 41.165498145578312 ], [ -3.515619454045093, 41.163372651464613 ], [ -3.500155280175173, 41.17865293279668 ], [ -3.467389619008714, 41.183867340190965 ], [ -3.443777272788911, 41.215145412131768 ], [ -3.401623746072949, 41.21364834084816 ], [ -3.40629004957322, 41.233945736928206 ], [ -3.395627124874323, 41.257223985165396 ], [ -3.290295945143451, 41.256768845370658 ], [ -3.272637152575694, 41.276087553586869 ], [ -3.25479681745168, 41.269970802264538 ], [ -3.25272319052125, 41.252126567241859 ], [ -3.231556801446017, 41.251469585869344 ], [ -3.223741814997408, 41.255349111859346 ], [ -3.221801416372172, 41.273657515472465 ], [ -3.210958010824751, 41.273975529380877 ], [ -3.199633933758729, 41.287568608474643 ], [ -3.199535551188105, 41.304591351138853 ], [ -3.061717023136981, 41.273286361453152 ], [ -3.043577097276284, 41.279095426214155 ], [ -3.006244625467766, 41.268828568987757 ], [ -2.980220790930296, 41.285818749064582 ], [ -2.95470193742765, 41.278452224527477 ], [ -2.90133766894423, 41.298421120163248 ], [ -2.881060486740851, 41.294913894613011 ], [ -2.85851459782845, 41.274807587925345 ], [ -2.837549711176345, 41.271695803361126 ], [ -2.821386171538053, 41.253547210949101 ], [ -2.803204445673675, 41.256859331758619 ], [ -2.777878522423209, 41.248735098397098 ], [ -2.729855349290332, 41.263684485788502 ], [ -2.668976466441493, 41.23879683966873 ], [ -2.634463239062789, 41.247820177444332 ], [ -2.600782447218323, 41.245702405164948 ], [ -2.597770392278827, 41.23275826628997 ], [ -2.617369644435157, 41.219097989323991 ], [ -2.620441914645144, 41.203416122738133 ], [ -2.587003149841062, 41.184644579037325 ], [ -2.581550988045024, 41.173707339961084 ], [ -2.549664608968613, 41.169644113687418 ], [ -2.54676664050802, 41.162087081634709 ], [ -2.522008073230037, 41.155063840277194 ], [ -2.512130994197763, 41.132211296679216 ], [ -2.488298471105874, 41.123234343596764 ], [ -2.477298665084905, 41.099671908776109 ], [ -2.460807825132519, 41.096023015981444 ], [ -2.44389208805712, 41.064799063609911 ], [ -2.422736024684503, 41.059765649106367 ], [ -2.40835648977911, 41.076221219482299 ], [ -2.367587376529636, 41.050466669433291 ], [ -2.335986314370434, 41.05059317701005 ], [ -2.307865960129701, 41.036844467991578 ], [ -2.249404562027715, 41.045269627374559 ], [ -2.240207645447367, 41.063758573235731 ], [ -2.167207386412533, 41.060748435616716 ], [ -2.169183046354982, 41.045597430258702 ], [ -2.157033657081473, 41.031593735941414 ], [ -2.168859499788926, 41.023256013587641 ], [ -2.181591089459936, 41.026202589078643 ], [ -2.180541231263764, 41.012132664967758 ], [ -2.200730914173086, 40.995152733659417 ], [ -2.185547984331834, 40.97838861983081 ], [ -2.165786907820324, 40.975540435296708 ], [ -2.144977409342398, 40.940497529075216 ], [ -2.124360990357443, 40.933048952752237 ], [ -2.079477928684952, 40.943778737414277 ], [ -2.067094089256153, 40.960664324749303 ], [ -2.036368177187259, 40.953492699322453 ], [ -2.021145516149942, 40.963257641682958 ], [ -1.968654626908575, 40.934735700185712 ], [ -1.942284344349489, 40.926100372545378 ], [ -1.921684004009664, 40.929641148154694 ], [ -1.88957868232232, 40.915616125771216 ], [ -1.893668445658041, 40.906819284730908 ], [ -1.884459472959046, 40.890938896801444 ], [ -1.855521404450412, 40.865208695579767 ], [ -1.836493240447181, 40.871673635897153 ], [ -1.794705360463106, 40.852844416505533 ], [ -1.77005228456699, 40.870514778852723 ], [ -1.743048576489871, 40.851865623284134 ], [ -1.717855865992925, 40.845599820780826 ], [ -1.638092109047937, 40.788140897259581 ], [ -1.598122215862771, 40.747220171249836 ], [ -1.560547208045393, 40.738103928293746 ], [ -1.555034229414304, 40.702898409206227 ], [ -1.535078367667177, 40.686551790303753 ], [ -1.546319511059586, 40.66757536261057 ], [ -1.542022938283381, 40.660185118819022 ], [ -1.488234667306395, 40.643987346146851 ], [ -1.490659510856688, 40.629049851128116 ], [ -1.471771480598051, 40.624429927056667 ], [ -1.467175816516513, 40.613354838809428 ], [ -1.494993293474954, 40.604646866492331 ], [ -1.504510981112152, 40.585595793169439 ], [ -1.526106693612757, 40.576660012573662 ], [ -1.523524616287107, 40.566932209690286 ], [ -1.564035116490001, 40.543360473574459 ], [ -1.561995875754424, 40.520183940801537 ], [ -1.575016854327446, 40.514539096551509 ], [ -1.571937826789723, 40.486777279152108 ], [ -1.589340457224292, 40.483640430228462 ], [ -1.592159285262562, 40.492129569106389 ], [ -1.620078834672837, 40.498129188985224 ], [ -1.6309626109328, 40.488671288741074 ], [ -1.672170926666217, 40.479115844186474 ], [ -1.675448121921867, 40.468517730733694 ], [ -1.715104744950236, 40.454788936156334 ], [ -1.717612444485726, 40.441259265893208 ], [ -1.726901507301058, 40.438963691776834 ], [ -1.724590054146073, 40.415211204002603 ], [ -1.745471770047017, 40.406272289634124 ], [ -1.73699245750069, 40.388317014595536 ], [ -1.698232219328616, 40.37415970804588 ], [ -1.699314251554622, 40.366750041882078 ], [ -1.710426128979997, 40.364477995865066 ], [ -1.705206658335894, 40.354656230128235 ], [ -1.677960288700834, 40.360465928077403 ], [ -1.667734658801109, 40.330568459381965 ], [ -1.6526156182455, 40.318223740516409 ], [ -1.684945796795241, 40.32392015310468 ], [ -1.691291240854891, 40.319824584758571 ], [ -1.680938551835124, 40.313201598569364 ], [ -1.685107065911025, 40.309138882295272 ], [ -1.721348653189012, 40.311568769653469 ], [ -1.720129030073267, 40.326969418703591 ], [ -1.737279402602288, 40.32800203688614 ], [ -1.767931676700674, 40.35429406549688 ], [ -1.784170785686001, 40.351003632643192 ], [ -1.842820091711431, 40.403727079772715 ], [ -1.875515708680226, 40.40042042716108 ], [ -1.878913912135167, 40.382783301332744 ], [ -1.899766397475345, 40.38270823349076 ], [ -1.860858374794792, 40.326090544316074 ], [ -1.833437198386565, 40.306306174490885 ], [ -1.829730613379335, 40.299677846071233 ], [ -1.835744588500942, 40.296088637858709 ], [ -1.943114169379843, 40.314878287490586 ], [ -1.976176165603385, 40.309831353784162 ], [ -1.977627696107322, 40.322765581052273 ], [ -1.990416877178399, 40.327894684026369 ], [ -1.978008340972, 40.335980154234917 ], [ -1.996450632026773, 40.334360369266577 ], [ -1.999685318164673, 40.347979822498104 ], [ -2.0192083678416, 40.334255107737022 ], [ -2.060750024899184, 40.343946704018371 ], [ -2.076212469572529, 40.32238762553407 ], [ -2.093539232555212, 40.320865502907814 ], [ -2.103990427258706, 40.309123133517659 ], [ -2.119153288114652, 40.309066747542907 ], [ -2.137621156954057, 40.297147345649137 ], [ -2.155443971856074, 40.301227462997055 ], [ -2.169434435997459, 40.290767564672116 ], [ -2.179046531199033, 40.240070815688931 ], [ -2.233216923631637, 40.240239454498209 ], [ -2.266009559724798, 40.195054641670581 ], [ -2.291603697468271, 40.195137898598077 ], [ -2.306665120261518, 40.18481451299597 ], [ -2.308511828318883, 40.159041660241407 ], [ -2.317262464974688, 40.154949786863227 ], [ -2.328152771870862, 40.118109118653955 ], [ -2.305623748415018, 40.07177754461668 ], [ -2.325086378782865, 40.075092584172786 ], [ -2.342853818873554, 40.053454440278955 ], [ -2.399685318308698, 40.063716804660366 ], [ -2.446927262299215, 40.086566049429102 ], [ -2.463583843280091, 40.084488618660657 ], [ -2.48099352132081, 40.100639830885939 ], [ -2.520801277457007, 40.114997297948456 ], [ -2.548809919923801, 40.111682145809489 ], [ -2.576020749802505, 40.116030200281394 ], [ -2.581437703143741, 40.12389854496557 ], [ -2.589606551122123, 40.110530601264195 ], [ -2.585374652636129, 40.105759006353168 ], [ -2.600159349382255, 40.10038251320757 ], [ -2.608302777282162, 40.109282649720285 ], [ -2.615483407537155, 40.105853284681643 ], [ -2.620246828522409, 40.095995713456688 ], [ -2.609878133600462, 40.090519504899142 ], [ -2.621679212420176, 40.080796594420946 ], [ -2.638957984739736, 40.085077729678012 ], [ -2.643311670347986, 40.074208569496108 ], [ -2.657281947140541, 40.079078073963835 ], [ -2.667075843746334, 40.070350959284596 ], [ -2.680373998269526, 40.081140601874019 ], [ -2.700967889901101, 40.080834785634764 ], [ -2.701010591981149, 40.098310471524741 ], [ -2.7198992879565, 40.099616314822349 ], [ -2.73991556301304, 40.126334506563516 ], [ -2.767869663503758, 40.132623640248852 ], [ -2.76398377593238, 40.140082806382352 ], [ -2.785896497964425, 40.15385936407462 ], [ -2.806975755340481, 40.141859143830992 ], [ -2.827733370390067, 40.145622109978135 ], [ -2.834714642026966, 40.121523765865028 ], [ -2.85476971860408, 40.116653976905177 ], [ -2.863548245913062, 40.091292357958778 ], [ -2.874875993430326, 40.081820375755562 ], [ -2.892664174714644, 40.082000915964393 ], [ -2.903394598864852, 40.064994655526228 ], [ -2.916787788048684, 40.05982596795468 ], [ -2.919051207867171, 40.044516781222015 ], [ -2.963668704023755, 40.021154081327552 ], [ -2.959163731288847, 40.017164066187128 ], [ -2.965938837263514, 40.008028407827297 ], [ -3.025185578022718, 39.988058963945257 ], [ -3.019803915832189, 39.973883233119594 ], [ -3.05530789519038, 39.953803526003774 ], [ -3.078047336560429, 39.922215262329274 ], [ -3.088937823554091, 39.921133539648253 ], [ -3.117301234352451, 39.88209180638362 ], [ -3.11568895522565, 39.864069657762755 ], [ -3.181113111856871, 39.848972593343106 ], [ -3.20460082115019, 39.82965152784741 ], [ -3.263416365453643, 39.818549742991635 ], [ -3.27373849990836, 39.822655840336004 ], [ -3.29789812568153, 39.810921100114754 ], [ -3.304122496922329, 39.792117353407242 ], [ -3.335443255640202, 39.781468719321118 ], [ -3.351760993881722, 39.760882084801189 ], [ -3.366570820217672, 39.718918432700271 ], [ -3.381861021981906, 39.707167611125172 ], [ -3.350163590453852, 39.698767707950978 ], [ -3.348287270547528, 39.68390902355916 ], [ -3.390672437091407, 39.652863703441547 ], [ -3.403758796037604, 39.664193912461968 ], [ -3.426363158816683, 39.658859339049179 ], [ -3.4514807008069, 39.608118549505718 ], [ -3.449093150507904, 39.577554812245772 ], [ -3.467320913632269, 39.581855393041764 ], [ -3.47928300393647, 39.597211864192751 ], [ -3.484357266270584, 39.586261785345073 ], [ -3.510749325188764, 39.584726144901637 ], [ -3.527574293024585, 39.600335213786963 ], [ -3.540294228271383, 39.599209085988875 ], [ -3.572481525227661, 39.565792034101428 ], [ -3.638097377620128, 39.553649625687079 ], [ -3.655309093601909, 39.541451676732905 ], [ -3.686037904664874, 39.545262710590009 ], [ -3.789524292790697, 39.508066230362132 ], [ -3.789333349692462, 39.4992173810761 ], [ -3.812535901611714, 39.481283027251557 ], [ -3.808848693677996, 39.466031746341137 ], [ -3.757138139002655, 39.452220887594521 ], [ -3.748524116410798, 39.441637516548802 ], [ -3.766095654907481, 39.404871892339948 ], [ -3.760760578915018, 39.382468570557648 ], [ -3.775324804386931, 39.373796056196625 ], [ -3.781958474689427, 39.315199478184191 ], [ -3.836585430029042, 39.327049704465381 ], [ -3.843933996488692, 39.353145041239323 ], [ -3.90848895492142, 39.3800623195391 ], [ -3.949298832739912, 39.407806033513019 ], [ -4.009816562409545, 39.412852209073165 ], [ -4.001920164437996, 39.420405933815907 ], [ -4.024625226755338, 39.432245942753703 ], [ -4.003661704636253, 39.44630800445556 ], [ -4.018626578443794, 39.461008064599987 ], [ -4.020570920084571, 39.477919682565677 ], [ -4.036153252798999, 39.480722399910171 ], [ -4.057764169248781, 39.47618187356133 ], [ -4.06456163323659, 39.466368531726481 ], [ -4.075644916118676, 39.469624588032715 ], [ -4.062245051002551, 39.493507569728287 ], [ -4.060267697586919, 39.520198991222934 ], [ -4.071515383876548, 39.572328579247085 ], [ -4.120902498585103, 39.56354768016984 ], [ -4.157531268540015, 39.576692950762848 ], [ -4.192137483633904, 39.57158375815888 ], [ -4.234977942601004, 39.551764225715559 ], [ -4.247309733088629, 39.517815052750677 ], [ -4.272897843232426, 39.508139542921356 ], [ -4.28247059221745, 39.521531745457999 ], [ -4.344872414419226, 39.519597138669553 ], [ -4.367823297347519, 39.528676353452425 ], [ -4.38592030277926, 39.523101321704864 ], [ -4.424474703997045, 39.52854241219061 ], [ -4.440444788315387, 39.545074635170444 ], [ -4.463617790349111, 39.552340248952262 ], [ -4.478294203623842, 39.571226336062544 ], [ -4.524414529831531, 39.581698895729396 ], [ -4.538108726858058, 39.581707725272594 ], [ -4.544333376224909, 39.572976632286306 ], [ -4.569002193292108, 39.578874967913336 ], [ -4.59833349343024, 39.573412221061211 ], [ -4.630366939806986, 39.551828437612357 ], [ -4.615658826978886, 39.527678863282048 ], [ -4.627566120643034, 39.522513096563827 ], [ -4.6783980215432, 39.559753470181775 ], [ -4.698905468192105, 39.558500666749353 ], [ -4.721174649395272, 39.538676781234507 ], [ -4.743341519631837, 39.543278550677847 ], [ -4.757259860922826, 39.537886078898502 ], [ -4.868695819700866, 39.556011015174299 ], [ -4.889538342228992, 39.565500778429303 ], [ -4.915257338857968, 39.553114372249276 ], [ -4.925589129026582, 39.528273965640103 ], [ -4.955692739146592, 39.543898060184837 ], [ -4.97338362387701, 39.538595723468248 ], [ -4.987722582443692, 39.520603852104664 ], [ -4.978555296400359, 39.501514058851058 ], [ -4.992033808909556, 39.501362466964999 ], [ -4.999555667450637, 39.491224627286165 ], [ -5.010511497858118, 39.49593006766429 ], [ -5.053733513074723, 39.484447911927532 ], [ -5.085706984935097, 39.49156785457496 ], [ -5.158523453823375, 39.560315129729879 ], [ -5.211931453557535, 39.598508552479316 ], [ -5.227377853833874, 39.588022194183317 ], [ -5.263777016589029, 39.590345474414264 ], [ -5.29886514596743, 39.569273443404057 ], [ -5.321597173399042, 39.565994802809627 ], [ -5.274302365376331, 39.530196803662029 ], [ -5.279446922354243, 39.517659508200786 ], [ -5.304730663931727, 39.497165362299491 ], [ -5.311278186837404, 39.478272480291295 ], [ -5.329862877324179, 39.469332318996116 ], [ -5.350088290772817, 39.465249640443211 ], [ -5.393161088477925, 39.472385776245012 ], [ -5.427218574503106, 39.449195041858147 ], [ -5.43251584462749, 39.44250707645304 ], [ -5.414657436405844, 39.419358385992339 ], [ -5.434501709658392, 39.41028591472088 ], [ -5.430784742823188, 39.404234368956217 ], [ -5.447245025879005, 39.386272771908544 ], [ -5.500379474531624, 39.376996785084081 ], [ -5.512461122199054, 39.393588387344302 ], [ -5.54270463280132, 39.389477963967643 ], [ -5.553665888157687, 39.380142733003638 ], [ -5.573231559054888, 39.384542038784886 ], [ -5.614083314810054, 39.358994147654222 ], [ -5.641871474096013, 39.356886785200651 ], [ -5.650325887360655, 39.344690763241417 ], [ -5.673834538484783, 39.342862186090024 ], [ -5.691495023062745, 39.329247359104528 ], [ -5.706183901038352, 39.345550316022909 ], [ -5.706597264333986, 39.362619029834832 ], [ -5.687338250548671, 39.38031167602545 ], [ -5.690672477219197, 39.3861263617205 ], [ -5.733546910245387, 39.404600207487078 ], [ -5.79228543025441, 39.382498037178479 ], [ -5.792955719711431, 39.393054965113592 ], [ -5.805587869559867, 39.397675684542797 ], [ -5.840121126723956, 39.367208605139645 ], [ -5.861302206213352, 39.367442872781787 ], [ -5.869175957967535, 39.33549000643368 ], [ -5.881993731042272, 39.332886738158031 ], [ -5.8851369944482, 39.3204133400328 ], [ -5.897174272183269, 39.324040150905404 ], [ -5.9092295841966, 39.313432513918933 ], [ -5.916208884548357, 39.31901539636825 ], [ -5.931032766463838, 39.30597107416007 ], [ -5.924262201176717, 39.280696483818133 ], [ -5.959587005772179, 39.276101295298666 ], [ -6.01796694124198, 39.213873944136303 ], [ -6.037717024792309, 39.214921628844337 ], [ -6.048282636156409, 39.228295165748463 ], [ -6.060640121739867, 39.219477169677724 ], [ -6.076797246648389, 39.226460265149512 ], [ -6.136648759075612, 39.214746760141139 ], [ -6.164521829859988, 39.232816929273689 ], [ -6.185611474070566, 39.235211797535761 ], [ -6.210878913866301, 39.220058803962367 ], [ -6.21382327591341, 39.198926414875267 ], [ -6.232696828859952, 39.197155260712016 ], [ -6.228991691722239, 39.176299602038554 ], [ -6.246800008263939, 39.15976272625737 ], [ -6.360546594313531, 39.201787143133288 ], [ -6.405784292986562, 39.242247409309286 ], [ -6.452478403765761, 39.263305032495985 ], [ -6.492988253198443, 39.294408795348183 ], [ -6.558355321221669, 39.317766932338991 ], [ -6.577142215533151, 39.334721710196796 ], [ -6.572240239859228, 39.349914712000405 ], [ -6.583812073661963, 39.359596193571811 ], [ -6.608003414955377, 39.364982345431734 ], [ -6.611363129030387, 39.354864235112089 ], [ -6.625800197100364, 39.353883790720957 ], [ -6.652098776807323, 39.37083580110545 ], [ -6.663302776551777, 39.35727631692486 ], [ -6.699780272586134, 39.397172968214626 ], [ -6.724815949593505, 39.404082493865296 ], [ -6.754307599599054, 39.401162444796725 ], [ -6.762376909516289, 39.410043951323985 ], [ -6.782986755963387, 39.395696633466166 ], [ -6.797926082796387, 39.400584460511503 ], [ -6.813689032501341, 39.390879752253561 ], [ -6.86519179124028, 39.389531346380778 ], [ -6.872317852830936, 39.363168408502915 ], [ -6.88727968597168, 39.362091245385201 ], [ -6.927791100497842, 39.372015809749271 ], [ -6.923292575339627, 39.382957560422966 ], [ -6.931751940679137, 39.396773338507863 ], [ -6.996087532541551, 39.425433974445049 ], [ -7.049120089870928, 39.436673519175507 ], [ -7.047119050196534, 39.421629830362562 ], [ -7.059248252296596, 39.413776346027902 ], [ -7.062767844680537, 39.39606745282741 ], [ -7.106148429574462, 39.366636746500816 ], [ -7.105871426081089, 39.344041616238734 ], [ -7.171894957552133, 39.364566788354523 ], [ -7.190224707920189, 39.357136911350196 ], [ -7.194728715648173, 39.3408853806569 ], [ -7.210412479887367, 39.336273966146493 ], [ -7.257971806419706, 39.340221668384011 ], [ -7.27598461331911, 39.31531970648053 ], [ -7.308312780530654, 39.336829282410783 ], [ -7.306403312365024, 39.355947481905886 ], [ -7.323483480570525, 39.381935171271735 ], [ -7.302388521353408, 39.412357580910793 ], [ -7.308524095264653, 39.430294807384264 ], [ -7.295747524846325, 39.458994986693611 ], [ -7.343730443094686, 39.478198736003804 ], [ -7.347772684640096, 39.487953467217004 ], [ -7.362457564701713, 39.481403767118934 ], [ -7.381922666527023, 39.491345639465216 ], [ -7.37880498157216, 39.495776883509002 ], [ -7.39034630400752, 39.503323858179286 ], [ -7.390827070443889, 39.529889015611545 ], [ -7.430194712149164, 39.534571454133278 ], [ -7.461268532258321, 39.572833267801613 ], [ -7.499479679678949, 39.589660974582017 ], [ -7.509933969811186, 39.618682215296801 ], [ -7.527478669321246, 39.635033687748667 ], [ -7.527575839761686, 39.65639715464166 ], [ -7.539044262182543, 39.665465953093047 ], [ -7.454779096027843, 39.662435639583791 ], [ -7.403182908696881, 39.646485343857385 ], [ -7.375368981161503, 39.650954620634344 ], [ -7.334820853263392, 39.640939024218056 ], [ -7.251180132144143, 39.667050591769339 ], [ -7.145856575363135, 39.65319894842925 ], [ -7.125360190282063, 39.663509233257891 ], [ -7.064768713269156, 39.65814145179732 ], [ -7.0154618671203, 39.670470552028625 ], [ -6.999546803253678, 39.71403523840457 ], [ -6.98727319912023, 39.727597497116705 ], [ -6.99387762977962, 39.732057581549341 ], [ -6.987123462452082, 39.763170066373036 ], [ -6.976828250845887, 39.772068723414229 ], [ -6.989378088783191, 39.794511004934137 ], [ -6.987125781483909, 39.809983225402569 ], [ -6.970615489716586, 39.82520447334344 ], [ -6.948207224470266, 39.82769251669972 ], [ -6.930780899932231, 39.853026926319501 ], [ -6.903597859194504, 39.87071758540867 ], [ -6.899467182421644, 39.91057317019056 ], [ -6.906510197882324, 39.923974406657365 ], [ -6.884989345400698, 39.940736013846127 ], [ -6.88798112304372, 39.964322270685507 ], [ -6.879591028062569, 39.972325849045447 ], [ -6.886704065341538, 39.979205253020169 ], [ -6.873762818603078, 39.995207099849083 ], [ -6.87386597150152, 40.007488280822592 ], [ -6.863658251677701, 40.012201473548018 ], [ -6.877208098601732, 40.01816657774576 ], [ -6.880962424506355, 40.041871191097648 ], [ -6.89716115418772, 40.052354736897215 ], [ -6.892060545163224, 40.060707647385065 ], [ -6.917427682071811, 40.066184846397277 ], [ -6.920813523779306, 40.08726154229867 ], [ -6.933681185484686, 40.103676498416682 ], [ -6.942856298569927, 40.103808776227403 ], [ -6.940681442483455, 40.112393979189413 ], [ -6.986516623054394, 40.119126900379399 ], [ -6.992877535055948, 40.112313826154981 ], [ -6.99310382942198, 40.11927200765227 ], [ -7.012925351727737, 40.12612161632731 ], [ -7.009052040557283, 40.130157235442859 ], [ -7.020981117872171, 40.143789052147156 ], [ -7.014285532989847, 40.1494259686147 ], [ -7.021991303210442, 40.167340478371386 ], [ -7.016444603709557, 40.176469413278951 ], [ -7.029610936700688, 40.186338974324947 ], [ -7.01910753731439, 40.197069438696886 ], [ -7.012422549049298, 40.225929954615495 ], [ -6.99855849504263, 40.235166903814104 ], [ -6.966245501818337, 40.236852199651537 ], [ -6.951454942440749, 40.257552455895762 ], [ -6.907253370729563, 40.253908742535756 ], [ -6.875441282351124, 40.259662065853419 ], [ -6.865343378550121, 40.269960571526227 ] ] ] } },
{ "type": "Feature", "properties": { "CodDemarc": "ES080", "Nombre": "JÚCAR" }, "geometry": { "type": "Polygon", "coordinates": [ [ [ 0.287730748100427, 40.762419806707634 ], [ 0.292364437369681, 40.750014541984186 ], [ 0.277334725964493, 40.734242879481279 ], [ 0.263253800433175, 40.731390700785532 ], [ 0.2612173307643, 40.715668255609955 ], [ 0.26171072085844, 40.706324844096812 ], [ 0.292009751071539, 40.687836537223426 ], [ 0.282829159881395, 40.672448402092925 ], [ 0.291113595228692, 40.658455639685442 ], [ 0.274206321158737, 40.649453498788397 ], [ 0.323475752237572, 40.614452184349119 ], [ 0.40507915978863, 40.605123830011543 ], [ 0.469396336570421, 40.637741022684104 ], [ 0.480732231876775, 40.617491424121035 ], [ 0.509370843421903, 40.60421478413852 ], [ 0.523583003641806, 40.607164648404229 ], [ 0.521269445495844, 40.587489949837376 ], [ 0.492406290238347, 40.58687728099904 ], [ 0.47686624715838, 40.574671513279178 ], [ 0.473186462587325, 40.554081189969892 ], [ 0.483847035189975, 40.549532962894858 ], [ 0.481263550026987, 40.542731302648804 ], [ 0.593254081056548, 40.473052720090436 ], [ 0.425375563951756, 40.346301837305148 ], [ -0.187123597283559, 39.638590108320997 ], [ -0.187882336432667, 39.59456290878601 ], [ -0.194686333761286, 39.192091559002257 ], [ 0.140699602212876, 38.860663875537625 ], [ 0.214465592076817, 38.813411028150007 ], [ 0.251440453915483, 38.762613143940463 ], [ 0.25276670199151, 38.731470952725807 ], [ 0.246007602382193, 38.719837049802152 ], [ 0.097912271170172, 38.618105757292646 ], [ -0.384305624313587, 38.342612401407017 ], [ -0.44459913033402, 38.155410620023936 ], [ -0.501630053131208, 38.104160266283429 ], [ -0.655871376453898, 38.128453865099047 ], [ -0.660305557912443, 38.141987159045144 ], [ -0.695502782216375, 38.153423687780823 ], [ -0.703572394556623, 38.161474037706682 ], [ -0.703692073600417, 38.205214539687745 ], [ -0.71694209836717, 38.217382209946656 ], [ -0.708101438257471, 38.237624442977442 ], [ -0.710774677181222, 38.252435544394494 ], [ -0.72271227254364, 38.259921460967277 ], [ -0.734128774432786, 38.310848271549013 ], [ -0.754217361436492, 38.327002354279713 ], [ -0.77140337356634, 38.331355322151992 ], [ -0.819795968043977, 38.288242261689312 ], [ -0.866226392307414, 38.282016811019844 ], [ -0.92781337720276, 38.249210648072243 ], [ -0.946718417697117, 38.256966000483438 ], [ -0.939713823300366, 38.276881437805223 ], [ -0.954290489395374, 38.306388258691911 ], [ -0.950412178843609, 38.32725010360025 ], [ -0.974631812185855, 38.334887869730188 ], [ -0.967975651487768, 38.368237537687776 ], [ -0.950723611396382, 38.376328049604361 ], [ -0.978549594896354, 38.386893183618511 ], [ -0.988317544382799, 38.404897379507304 ], [ -1.055175089520815, 38.447891943791724 ], [ -1.041174408823348, 38.469323224291408 ], [ -1.040862849082266, 38.487304668133177 ], [ -1.008498642598337, 38.498508365543493 ], [ -1.012177342633162, 38.518641737421696 ], [ -0.974282840432096, 38.537489843317168 ], [ -0.99078860988674, 38.556780634503816 ], [ -0.98953797809817, 38.580349784062854 ], [ -0.966835398839857, 38.585159569801903 ], [ -0.969082661301939, 38.591606045383458 ], [ -0.953909050247697, 38.59874562957993 ], [ -0.96347857882164, 38.607300406110042 ], [ -0.985211251703048, 38.601215026939165 ], [ -0.993107434520543, 38.612079181381731 ], [ -1.020083429406649, 38.603628677558021 ], [ -1.06277134556263, 38.609739472916495 ], [ -1.064430663346891, 38.635839744864924 ], [ -1.051873977905798, 38.644546139049737 ], [ -1.057584612170985, 38.651410637351162 ], [ -1.067799264596148, 38.65674962321048 ], [ -1.086172527710755, 38.647288536466775 ], [ -1.157702217885173, 38.703711141274752 ], [ -1.151916901562986, 38.737209732851035 ], [ -1.135699330993111, 38.749941189391521 ], [ -1.154005041112585, 38.760311899028657 ], [ -1.141037531344534, 38.799626142458045 ], [ -1.15946723788169, 38.7995083551425 ], [ -1.19135103727474, 38.783390137511617 ], [ -1.231641959433976, 38.807025132719197 ], [ -1.244963560136268, 38.825153953828099 ], [ -1.272575251160458, 38.821374424243167 ], [ -1.29039762887152, 38.829236321917548 ], [ -1.316326136142241, 38.82109323203732 ], [ -1.35268284924112, 38.841267214843398 ], [ -1.337073727500957, 38.859162810416684 ], [ -1.348355496008415, 38.876360772509507 ], [ -1.326856136605676, 38.886242224829104 ], [ -1.35128354207661, 38.896287539580214 ], [ -1.322667573989299, 38.897189633558774 ], [ -1.306777536247867, 38.912055240036111 ], [ -1.356946228224305, 38.925079772764846 ], [ -1.375588800082585, 38.943577679913993 ], [ -1.391373759747718, 38.97570569336785 ], [ -1.37741570168245, 38.991514895528958 ], [ -1.406361402176097, 38.990731243565946 ], [ -1.426384550234937, 38.954415738227084 ], [ -1.448017244012542, 38.944011862852619 ], [ -1.456891292980492, 38.922708951130673 ], [ -1.438268172022068, 38.91976437034532 ], [ -1.456264271384326, 38.888651506894689 ], [ -1.475010034097562, 38.894415816919476 ], [ -1.500566612311144, 38.885535284400504 ], [ -1.54473504186662, 38.889659660299785 ], [ -1.5531388756093, 38.875192630884563 ], [ -1.561855657833865, 38.876746924974874 ], [ -1.59154148880529, 38.848969330103415 ], [ -1.584473184291977, 38.830358335141952 ], [ -1.558212568860003, 38.823931670960484 ], [ -1.560557410579707, 38.809781256275841 ], [ -1.576013428663728, 38.802982104027279 ], [ -1.554076949820473, 38.776935190110343 ], [ -1.57581166626403, 38.770836070572521 ], [ -1.616115098178823, 38.742806196335515 ], [ -1.675280713834103, 38.758509097874608 ], [ -1.69928228752526, 38.754029175456338 ], [ -1.711100343382254, 38.73292177258525 ], [ -1.72670092439471, 38.733157739490409 ], [ -1.773582240556163, 38.699414395017719 ], [ -1.787898294861518, 38.673961722911521 ], [ -1.780281201253866, 38.654335573092823 ], [ -1.808618539004072, 38.641587426465946 ], [ -1.842495617316102, 38.650079189601804 ], [ -1.871327272384512, 38.64422060332911 ], [ -1.895572365242708, 38.655752881529622 ], [ -1.903878990696412, 38.669174032817992 ], [ -1.942367283735625, 38.671000565714003 ], [ -1.965955121326173, 38.691100312399399 ], [ -2.037895110261672, 38.685469080604989 ], [ -2.040413712636217, 38.67230474756397 ], [ -2.090303089538363, 38.67013541615357 ], [ -2.096822159229075, 38.661960585884209 ], [ -2.138647653008431, 38.687869474109505 ], [ -2.187210626527311, 38.680186247877742 ], [ -2.198359556777846, 38.647191124070972 ], [ -2.21924436074764, 38.636384395614868 ], [ -2.213565620438553, 38.627658846224044 ], [ -2.222251564495275, 38.622769014191732 ], [ -2.275405686860159, 38.652753657553795 ], [ -2.280947295835047, 38.643816216123952 ], [ -2.358463135779316, 38.630934658610336 ], [ -2.379093383603617, 38.651902025156438 ], [ -2.392893126960946, 38.649407529487426 ], [ -2.427590284725633, 38.663605560174084 ], [ -2.421980361582599, 38.675565053192869 ], [ -2.432947412404842, 38.681412273368046 ], [ -2.429374052519117, 38.686473193653043 ], [ -2.458712973135901, 38.700369082026477 ], [ -2.451523768424431, 38.720312477216538 ], [ -2.461173443680312, 38.740626655663185 ], [ -2.479069317071524, 38.7405015135773 ], [ -2.494764996756143, 38.726437678292712 ], [ -2.509304468969608, 38.740845140089327 ], [ -2.5131685906593, 38.762877682844632 ], [ -2.495801174361412, 38.768200642286445 ], [ -2.485504706074769, 38.78366302297114 ], [ -2.521265597206789, 38.794773282649423 ], [ -2.501803594826294, 38.810901288267708 ], [ -2.484210031674445, 38.811410876063292 ], [ -2.467544544386545, 38.863622697728857 ], [ -2.44566242202908, 38.88307706374971 ], [ -2.460239548489018, 38.908182857031832 ], [ -2.449571307046566, 38.927446086477509 ], [ -2.470663303960253, 38.938218493232142 ], [ -2.472317115590862, 38.948618124594162 ], [ -2.447694969782062, 38.956799335547743 ], [ -2.449049741387101, 38.971100862889173 ], [ -2.428782431912177, 38.965274165054012 ], [ -2.420661056643397, 38.980598294537195 ], [ -2.426444474015656, 39.013072427192455 ], [ -2.455588081069538, 39.033018831766086 ], [ -2.439877878929043, 39.062062500265696 ], [ -2.451992131672607, 39.079627298283107 ], [ -2.434154169249271, 39.10635581364776 ], [ -2.423339888417371, 39.108396798227744 ], [ -2.408572428832582, 39.14089291677324 ], [ -2.411825619565461, 39.15133666813324 ], [ -2.397382258557253, 39.171138316344688 ], [ -2.383776435468669, 39.16493970949503 ], [ -2.349694151182042, 39.170485078769431 ], [ -2.346021582743509, 39.19201823621286 ], [ -2.330524764786872, 39.204545127354699 ], [ -2.335565463209831, 39.215314790177331 ], [ -2.327322116832517, 39.219736728006495 ], [ -2.343047793138842, 39.227791989131845 ], [ -2.300140962379834, 39.255114066221779 ], [ -2.266067326357501, 39.259409432576255 ], [ -2.259296391919594, 39.272774136904587 ], [ -2.267333982349367, 39.284646735672069 ], [ -2.231773890944921, 39.287661176133895 ], [ -2.242878768633905, 39.294437670305051 ], [ -2.234009136659972, 39.312328336597112 ], [ -2.187815575453587, 39.342120224576938 ], [ -2.180279445174378, 39.36878973994542 ], [ -2.255270011770036, 39.391141636869584 ], [ -2.287080761499781, 39.408206950977487 ], [ -2.279359805442488, 39.414574200514707 ], [ -2.283220877706225, 39.420412420818785 ], [ -2.260669332625835, 39.43053195496509 ], [ -2.220630691016907, 39.424947138207905 ], [ -2.206421843792891, 39.440608242730349 ], [ -2.215773579658928, 39.45474576469794 ], [ -2.163357913764106, 39.461910854533279 ], [ -2.153791850650227, 39.476980964852892 ], [ -2.156830532324943, 39.490557185417558 ], [ -2.184999312836218, 39.504347435283947 ], [ -2.182415728110173, 39.52361076118774 ], [ -2.173699417444916, 39.530360940086801 ], [ -2.190110252096432, 39.535788156323115 ], [ -2.198938584644372, 39.568139447701917 ], [ -2.243367540294816, 39.589368074274333 ], [ -2.26208668237543, 39.624200681166386 ], [ -2.29479701596984, 39.654062500262476 ], [ -2.293577768879793, 39.66621904591539 ], [ -2.324268664771832, 39.670203067918784 ], [ -2.332854079950361, 39.680101415924739 ], [ -2.341279233275262, 39.673265193980328 ], [ -2.359199251213671, 39.684311716080799 ], [ -2.381892218560194, 39.684167838126378 ], [ -2.401411676563733, 39.673071724991146 ], [ -2.44465327097447, 39.69169077712678 ], [ -2.432147623697654, 39.703567682104413 ], [ -2.406948049904394, 39.709227986196666 ], [ -2.403640415904525, 39.718542555760948 ], [ -2.473664267661144, 39.820854204555445 ], [ -2.475618395808046, 39.828929308191938 ], [ -2.46697328102973, 39.839110587090239 ], [ -2.455298998450946, 39.838749359122168 ], [ -2.451883694074572, 39.848858381683179 ], [ -2.476437586075687, 39.878529920556581 ], [ -2.481853951323587, 39.889312975597072 ], [ -2.473387851425, 39.905346494440352 ], [ -2.485847520884659, 39.914277585283237 ], [ -2.476297647226214, 39.917891653581776 ], [ -2.477477675400222, 39.931039713821747 ], [ -2.459150111467622, 39.950078914890156 ], [ -2.442842897236615, 39.94184336084507 ], [ -2.412049528139331, 39.950214356533778 ], [ -2.408091108014284, 39.964692478786951 ], [ -2.393316745678514, 39.963922197517441 ], [ -2.378662459269461, 39.973944533234786 ], [ -2.378656536091028, 39.983698629912226 ], [ -2.360069055711957, 39.993191268494733 ], [ -2.365033865750358, 40.008277294900459 ], [ -2.348632177565663, 40.026508249957658 ], [ -2.35364592188807, 40.037716187223204 ], [ -2.343467750911051, 40.041995589571187 ], [ -2.341418100315129, 40.058452185689191 ], [ -2.325011217877064, 40.075126518021008 ], [ -2.305623748415018, 40.07177754461668 ], [ -2.328152771870862, 40.118109118653955 ], [ -2.317262464974688, 40.154949786863227 ], [ -2.308511828318883, 40.159041660241407 ], [ -2.307549770223079, 40.18376319875626 ], [ -2.291603697468271, 40.195137898598077 ], [ -2.264676148031513, 40.196064386922814 ], [ -2.233216923631637, 40.240239454498209 ], [ -2.179046531199033, 40.240070815688931 ], [ -2.169974337380046, 40.289874888801506 ], [ -2.156599567982275, 40.300537035626334 ], [ -2.137711055200208, 40.29713167819537 ], [ -2.119153288114652, 40.309066747542907 ], [ -2.106716658185368, 40.307764076771591 ], [ -2.093614275646395, 40.320834439717608 ], [ -2.075880831564436, 40.322583642920293 ], [ -2.060750024899184, 40.343946704018371 ], [ -2.0192083678416, 40.334255107737022 ], [ -1.999822617455572, 40.347996019478117 ], [ -1.996450632026773, 40.334360369266577 ], [ -1.978008340972, 40.335980154234917 ], [ -1.990416877178399, 40.327894684026369 ], [ -1.977627696107322, 40.322765581052273 ], [ -1.976176165603385, 40.309831353784162 ], [ -1.943114169379843, 40.314878287490586 ], [ -1.835665926735606, 40.296114171912841 ], [ -1.829730613379335, 40.299677846071233 ], [ -1.833437198386565, 40.306306174490885 ], [ -1.860858374794792, 40.326090544316074 ], [ -1.899735183979961, 40.382462347482743 ], [ -1.897505672334917, 40.387560944578127 ], [ -1.879235929555536, 40.382579652361684 ], [ -1.87344889399006, 40.389771206469483 ], [ -1.879071573164786, 40.397322624567387 ], [ -1.86342432241517, 40.403059587337125 ], [ -1.842680045083781, 40.403680828543855 ], [ -1.784170785686001, 40.351003632643192 ], [ -1.767931676700674, 40.35429406549688 ], [ -1.737279402602288, 40.32800203688614 ], [ -1.720176514100456, 40.327002709654387 ], [ -1.721348653189012, 40.311568769653469 ], [ -1.685107065911025, 40.309138882295272 ], [ -1.680938551835124, 40.313201598569364 ], [ -1.691291240854891, 40.319824584758571 ], [ -1.684945796795241, 40.32392015310468 ], [ -1.652654739980389, 40.318204918492363 ], [ -1.667734658801109, 40.330568459381965 ], [ -1.677960288700834, 40.360465928077403 ], [ -1.706064932001851, 40.355128454267344 ], [ -1.710401269640727, 40.364547092586683 ], [ -1.697125713342163, 40.372872227663102 ], [ -1.731465986208721, 40.382209787834093 ], [ -1.745454686478816, 40.406311196862674 ], [ -1.724590054146073, 40.415211204002603 ], [ -1.73095831918146, 40.43136092751331 ], [ -1.717612444485726, 40.441259265893208 ], [ -1.715104744950236, 40.454788936156334 ], [ -1.686522203511589, 40.460762446300009 ], [ -1.672170926666217, 40.479115844186474 ], [ -1.6309626109328, 40.488671288741074 ], [ -1.61989886400102, 40.498157662554306 ], [ -1.592159285262562, 40.492129569106389 ], [ -1.589340457224292, 40.483640430228462 ], [ -1.571885068524719, 40.48681293874391 ], [ -1.575016854327446, 40.514539096551509 ], [ -1.561995875754424, 40.520183940801537 ], [ -1.564948576030035, 40.542023419751267 ], [ -1.523524616287107, 40.566932209690286 ], [ -1.525032638085191, 40.577594041002698 ], [ -1.484301957739045, 40.552832127385777 ], [ -1.470486836691593, 40.564029859004187 ], [ -1.457040067654871, 40.55846696183702 ], [ -1.449635235572335, 40.535963720317348 ], [ -1.426741537570509, 40.530557459777746 ], [ -1.404719148841068, 40.511111614900017 ], [ -1.411932657349787, 40.497560539047974 ], [ -1.405671966886848, 40.479170961295765 ], [ -1.420816527718203, 40.457180533851087 ], [ -1.39418992867831, 40.456443812872536 ], [ -1.361114594078513, 40.433795914305072 ], [ -1.297400821888693, 40.416849987515434 ], [ -1.261555220796852, 40.424254532854121 ], [ -1.225271647090699, 40.452888978823474 ], [ -1.187394141368972, 40.453171634491198 ], [ -1.163719267683692, 40.435973174418336 ], [ -1.151209694389649, 40.436059355760008 ], [ -1.139964121212335, 40.446803949498126 ], [ -1.118458554744346, 40.440927900124727 ], [ -1.100762152279206, 40.465872730689021 ], [ -1.11534418874302, 40.480916092102852 ], [ -1.096022627364651, 40.499081292835911 ], [ -1.116885785570095, 40.52155149668009 ], [ -1.134987045312712, 40.528832675628003 ], [ -1.139373849879624, 40.541342874704995 ], [ -1.108575421097535, 40.547364982340262 ], [ -1.107985150949169, 40.567805280233159 ], [ -1.121168798437908, 40.576784297759495 ], [ -1.117616937733615, 40.582138244349558 ], [ -1.14047882301955, 40.604872463451116 ], [ -1.140456561911508, 40.613702104377616 ], [ -1.185240760673468, 40.631673137422403 ], [ -1.183503064355366, 40.638421250294563 ], [ -1.213297967629843, 40.666297190452006 ], [ -1.213570678607949, 40.683664124118394 ], [ -1.228896389010189, 40.70191163980855 ], [ -1.186555936688064, 40.749702241312406 ], [ -1.1561356294857, 40.743698358843382 ], [ -1.14418272008802, 40.751388367280285 ], [ -1.086430111739054, 40.747472287770989 ], [ -1.085200980621273, 40.738585013794712 ], [ -1.068272447886858, 40.729213890818706 ], [ -1.0499102788862, 40.7453331980239 ], [ -1.008957023513483, 40.730311618674584 ], [ -0.980419128246312, 40.74641557439584 ], [ -0.982270478010785, 40.753355658284917 ], [ -0.972497812067845, 40.753130167423876 ], [ -0.943587749953222, 40.724433104900939 ], [ -0.92395978968838, 40.728215722226714 ], [ -0.887608647616531, 40.712654653038953 ], [ -0.887733895052341, 40.701569227216162 ], [ -0.859742240798248, 40.693941270339046 ], [ -0.858115040903884, 40.682956578748076 ], [ -0.849714061459679, 40.682892081170259 ], [ -0.81951215101057, 40.652329091182878 ], [ -0.745208371655499, 40.659057640582773 ], [ -0.743875806830819, 40.62526710132866 ], [ -0.723576230131657, 40.61697449625818 ], [ -0.721159829182428, 40.609003823244706 ], [ -0.721588271634804, 40.59886373164904 ], [ -0.739095254302058, 40.581929733558049 ], [ -0.738629936858035, 40.562102442444356 ], [ -0.727626711266166, 40.548777521152275 ], [ -0.734113190113999, 40.535831150426731 ], [ -0.705047977179725, 40.528284410426963 ], [ -0.697300733336021, 40.485376669092496 ], [ -0.618050234863111, 40.46201205360321 ], [ -0.61585729441383, 40.442755499231843 ], [ -0.604164010432514, 40.434615674788191 ], [ -0.617660856633347, 40.416665579706311 ], [ -0.601887353991999, 40.410558652988357 ], [ -0.59696765099388, 40.395272257648301 ], [ -0.578767498428633, 40.389084829548146 ], [ -0.573855026895538, 40.370201072611174 ], [ -0.557976930341325, 40.38029589396978 ], [ -0.538029934815169, 40.373565876068703 ], [ -0.526653693836459, 40.335172312322456 ], [ -0.496456975950715, 40.344439698813183 ], [ -0.485259002881299, 40.365278193811108 ], [ -0.468678240443347, 40.363950123026953 ], [ -0.464633053376256, 40.378094912386352 ], [ -0.432007970136613, 40.368730528679095 ], [ -0.408260831416133, 40.38225425662656 ], [ -0.397990395133647, 40.376918616018024 ], [ -0.386378400258444, 40.386252717802648 ], [ -0.37192815001539, 40.384503947627266 ], [ -0.373884813603248, 40.395917579080105 ], [ -0.3307506166686, 40.422771045605749 ], [ -0.300016328048948, 40.416627904427365 ], [ -0.278145971639081, 40.423975344507966 ], [ -0.276368312398992, 40.448511448062952 ], [ -0.261225078795579, 40.43437654684012 ], [ -0.243060482138672, 40.445733359431273 ], [ -0.239664351882064, 40.458702027665055 ], [ -0.219951748912922, 40.466566334227451 ], [ -0.205634355747172, 40.448758390973211 ], [ -0.180338553531814, 40.456239869675201 ], [ -0.155181699113265, 40.449131988704465 ], [ -0.127099608874137, 40.468611545944896 ], [ -0.102522882974184, 40.46527044363949 ], [ -0.081969688669754, 40.44557076713177 ], [ -0.072924616388036, 40.447548599418937 ], [ -0.041091432752443, 40.499699232844975 ], [ -0.07052793382973, 40.519628553643024 ], [ -0.068130484834668, 40.533686983619532 ], [ -0.050678634964404, 40.533664518922087 ], [ -0.034640497682792, 40.547230897602155 ], [ -0.029297543702949, 40.576198425608432 ], [ 0.000712473370514, 40.576224099546465 ], [ 0.002451259155457, 40.582300065401533 ], [ -0.032043290356977, 40.607465490963051 ], [ -0.028977942422645, 40.615828164574118 ], [ -0.055961463393921, 40.628142346595979 ], [ -0.069875625910137, 40.657090062469464 ], [ -0.061137871697856, 40.671433050885014 ], [ -0.028270404455569, 40.658281815063077 ], [ 0.000100524170884, 40.658076032630404 ], [ 0.015106935619859, 40.647904190323572 ], [ 0.061736290275456, 40.644201911997847 ], [ 0.089879886755666, 40.650677969746702 ], [ 0.100511435579996, 40.655112434054864 ], [ 0.097986794526779, 40.664310039643247 ], [ 0.154157760351993, 40.682028930412677 ], [ 0.168064709850132, 40.715306508393446 ], [ 0.225553098075991, 40.732795693719247 ], [ 0.237764417544951, 40.754799239787026 ], [ 0.287730748100427, 40.762419806707634 ] ] ] } },
{ "type": "Feature", "properties": { "CodDemarc": "ES050", "Nombre": "GUADALQUIVIR" }, "geometry": { "type": "Polygon", "coordinates": [ [ [ -2.355707137404133, 37.546929422377346 ], [ -2.357073531334947, 37.522622079328812 ], [ -2.363110766136742, 37.519549279343323 ], [ -2.384597199773111, 37.523831489125257 ], [ -2.396904601008885, 37.512968844527222 ], [ -2.410524416841952, 37.52511263945263 ], [ -2.423199977019976, 37.512851824365839 ], [ -2.460293869226803, 37.507542564810308 ], [ -2.459146151181301, 37.481778484705387 ], [ -2.449175753918212, 37.476317089337783 ], [ -2.455565419353547, 37.471477688340883 ], [ -2.444748866892553, 37.459120138592425 ], [ -2.462675855435862, 37.455821328142918 ], [ -2.473494198642925, 37.471278450490672 ], [ -2.511601194238722, 37.484530464732188 ], [ -2.525251879703603, 37.480108017987732 ], [ -2.530944372792874, 37.46491603801843 ], [ -2.566725530529766, 37.447750810175762 ], [ -2.574986540544103, 37.434653669587703 ], [ -2.610317798978201, 37.42836077521514 ], [ -2.633623279015978, 37.412618309986158 ], [ -2.644285835023254, 37.389661782019402 ], [ -2.634813840705021, 37.364863537055612 ], [ -2.636900390572123, 37.345079918955093 ], [ -2.654027446568648, 37.34071577372697 ], [ -2.650891083099623, 37.312662413015914 ], [ -2.665618560769303, 37.28564744760115 ], [ -2.659923256705326, 37.212035153318993 ], [ -2.6922541104571, 37.217318518646778 ], [ -2.73253671976363, 37.237365760206046 ], [ -2.746970787625457, 37.226900199971794 ], [ -2.759651734198087, 37.228118155749257 ], [ -2.779598509156187, 37.251166453549331 ], [ -2.778839369103139, 37.262643062362486 ], [ -2.814500630621637, 37.270989261370289 ], [ -2.832212870234173, 37.288016958474032 ], [ -2.852214176005077, 37.292689356837002 ], [ -2.860608828003592, 37.311678695953049 ], [ -2.877024883024092, 37.303982713490939 ], [ -2.916792342574865, 37.323472968444889 ], [ -2.923604913663894, 37.319592505713445 ], [ -2.917490854938535, 37.308485921124543 ], [ -2.927022804746855, 37.294962601468114 ], [ -2.915918609308676, 37.270495803220797 ], [ -2.928492898705258, 37.253264713426461 ], [ -2.928101636876988, 37.22376157138774 ], [ -2.940593531912725, 37.21081358748097 ], [ -2.950084609658006, 37.180760864243894 ], [ -2.968505059293875, 37.16778178749081 ], [ -2.98139379373049, 37.143540000527196 ], [ -2.992753543459514, 37.141129445054673 ], [ -2.988030502944866, 37.118259209028054 ], [ -2.995943807346464, 37.09606868886641 ], [ -3.025979058642065, 37.116434758673904 ], [ -3.053265202090074, 37.092828452924437 ], [ -3.074979013895131, 37.091010178474676 ], [ -3.101491068545499, 37.100887317851459 ], [ -3.119769167973061, 37.09208893672934 ], [ -3.134384675820911, 37.096798575546245 ], [ -3.200025009320314, 37.090402195300499 ], [ -3.222294665460367, 37.09560707134068 ], [ -3.241079997641009, 37.112566207628504 ], [ -3.269664620562764, 37.114801551218591 ], [ -3.311929806413843, 37.053215210355063 ], [ -3.365142640666363, 37.056173431301659 ], [ -3.408706267973685, 37.037654601010559 ], [ -3.419113157303627, 37.052757722838578 ], [ -3.434280304802257, 37.055740564697942 ], [ -3.478447630583958, 37.045877085936922 ], [ -3.532699456456896, 37.051933417558189 ], [ -3.566339190962367, 37.040111981332188 ], [ -3.611685271149952, 37.039234351823552 ], [ -3.623793250697418, 37.04871470995073 ], [ -3.644524947776176, 37.050054738786002 ], [ -3.661129893226359, 37.045197030679844 ], [ -3.662826140771472, 37.033991479924623 ], [ -3.699688719170979, 37.02874173619972 ], [ -3.695993465766151, 37.017812761495122 ], [ -3.701861941088339, 37.012189580663062 ], [ -3.721667239342651, 37.011693800960984 ], [ -3.721889760421277, 36.968610231888078 ], [ -3.696780842579813, 36.946317729827797 ], [ -3.715108158092789, 36.942514767925218 ], [ -3.719304618480521, 36.931778082564733 ], [ -3.71360902325813, 36.913493806283611 ], [ -3.728476947272725, 36.892285970526189 ], [ -3.724462638138618, 36.871695066828181 ], [ -3.769236059268849, 36.872075750461249 ], [ -3.781120707507512, 36.843621279974002 ], [ -3.797022715059597, 36.832184747871338 ], [ -3.831171993002158, 36.855920773008904 ], [ -3.869878611222191, 36.853509036918638 ], [ -3.890570870239173, 36.867436155756025 ], [ -3.918955691774897, 36.868508563829096 ], [ -3.929439903392336, 36.888995733609647 ], [ -4.000951222239394, 36.890769653497614 ], [ -4.024580990301558, 36.899881812978094 ], [ -3.991098327119005, 36.926269533072798 ], [ -3.989403675663482, 36.947716875334265 ], [ -4.029961252262751, 36.977177891608108 ], [ -4.078071283304155, 36.97736590172633 ], [ -4.078263011082072, 36.999426937613123 ], [ -4.095617720135579, 37.013757536600394 ], [ -4.116844476807671, 37.014841962321384 ], [ -4.118251516335249, 37.041733966587458 ], [ -4.147020578937884, 37.054463392587479 ], [ -4.152781266651061, 37.075425846314999 ], [ -4.164683909409746, 37.072857308669654 ], [ -4.166568897327409, 37.058840803876933 ], [ -4.179974854237855, 37.051858614952152 ], [ -4.232890028374356, 37.038880319219459 ], [ -4.255912576017636, 37.043675979107832 ], [ -4.270448198992426, 37.054527117970167 ], [ -4.257970140471741, 37.075020170737446 ], [ -4.262907409047045, 37.08778387703785 ], [ -4.270769368600213, 37.096787437909427 ], [ -4.289313075925179, 37.095751643816982 ], [ -4.303584866473159, 37.127257796982519 ], [ -4.318651632666388, 37.11891611887728 ], [ -4.331216442434766, 37.136056745050439 ], [ -4.321125615473704, 37.150967246312746 ], [ -4.330259399560646, 37.153058579554624 ], [ -4.351053522691132, 37.182668272243063 ], [ -4.36376395236266, 37.184263887510554 ], [ -4.359495928464526, 37.168507056888757 ], [ -4.381438559390574, 37.149255652380361 ], [ -4.427053063910023, 37.152875990735538 ], [ -4.448894467305081, 37.147072494946315 ], [ -4.463528831713688, 37.154269990863099 ], [ -4.500918299542036, 37.148924512333053 ], [ -4.513418004223581, 37.158558336839008 ], [ -4.517512312906831, 37.169306877343956 ], [ -4.508277636822754, 37.176853595757507 ], [ -4.523639721731797, 37.197656475168799 ], [ -4.555900225308051, 37.206285267069006 ], [ -4.563021067316015, 37.193700243723754 ], [ -4.576801173917943, 37.188627849697525 ], [ -4.586977244631498, 37.166805199021894 ], [ -4.621408150661523, 37.155062757387384 ], [ -4.713664345885263, 37.203244846509961 ], [ -4.717595367041326, 37.193548578358332 ], [ -4.742491453568164, 37.181243230161954 ], [ -4.783352415689933, 37.181199491485415 ], [ -4.791811943582502, 37.167557940413758 ], [ -4.783627702703825, 37.153762702388406 ], [ -4.789492521528018, 37.145421947615887 ], [ -4.82767895296297, 37.139515576432245 ], [ -4.863387765026005, 37.107999725930313 ], [ -4.925647677869563, 37.093305829654071 ], [ -4.947610239738367, 37.07466289795525 ], [ -4.949666286430897, 37.060424734351557 ], [ -4.980921718349521, 37.054189740678169 ], [ -4.98376230686938, 37.060402211203211 ], [ -4.999356619887919, 37.058576473877793 ], [ -5.005440142494081, 37.050676725003882 ], [ -5.021284354569161, 37.051838119929187 ], [ -5.022690330120042, 37.044078801327146 ], [ -5.050294094953358, 37.043739506465784 ], [ -5.051528514614404, 37.031167126329876 ], [ -5.065844869270734, 37.025354787699257 ], [ -5.054340911310192, 37.007498085625286 ], [ -5.037060019051466, 36.998443239541473 ], [ -5.062941267836095, 36.960450608977226 ], [ -5.047763172444604, 36.946283864368354 ], [ -5.049446386763918, 36.925260315114315 ], [ -5.057832906017097, 36.901320543303541 ], [ -5.086126128992532, 36.882869343472805 ], [ -5.096490921999873, 36.859437844000183 ], [ -5.123265703303161, 36.879670981055028 ], [ -5.121582763768401, 36.894357377480617 ], [ -5.140209210008379, 36.914712587491806 ], [ -5.132901669450462, 36.918370929467301 ], [ -5.137054497851636, 36.925395784612704 ], [ -5.164200454850629, 36.931642331348428 ], [ -5.179878996578623, 36.94607704062696 ], [ -5.175578223454409, 36.964672126913172 ], [ -5.16189491429509, 36.970219758389135 ], [ -5.153912546740116, 36.986968417869093 ], [ -5.180879483658828, 37.001012715778984 ], [ -5.184011759547445, 37.045359030013401 ], [ -5.203239648470117, 37.046292035143097 ], [ -5.217722162912708, 37.063899846301751 ], [ -5.235489297417359, 37.054261389997009 ], [ -5.261002477906402, 37.06352783881772 ], [ -5.285743343255831, 37.063091578971523 ], [ -5.295992410886754, 37.054413718703984 ], [ -5.322344893070294, 37.062190594668721 ], [ -5.354693496352979, 37.032620582776303 ], [ -5.370751697706453, 37.030614190305641 ], [ -5.368283403413386, 37.021698233825134 ], [ -5.38075130731238, 37.025113066775418 ], [ -5.388420440849245, 37.012296780742645 ], [ -5.407961725826681, 37.011951789892862 ], [ -5.405077426250102, 37.004768600547834 ], [ -5.415289587484608, 37.005928109282536 ], [ -5.433639953317481, 36.982756262979137 ], [ -5.459365199746571, 36.987226966798914 ], [ -5.464330845032464, 36.995258955880217 ], [ -5.474426188141933, 36.988872256082402 ], [ -5.502131740170341, 36.998324818025537 ], [ -5.502288355268661, 36.989663939737909 ], [ -5.548488046680177, 36.966062883542293 ], [ -5.546361967323605, 36.955908120071172 ], [ -5.556798402586878, 36.940275674796339 ], [ -5.581265491812246, 36.94033071240284 ], [ -5.58216221400977, 36.924836356637456 ], [ -5.606670891663782, 36.909900746699861 ], [ -5.635817583427468, 36.917419077973705 ], [ -5.635511305024409, 36.93389581375817 ], [ -5.64937175614466, 36.941131077834541 ], [ -5.66903839423037, 36.936532701214787 ], [ -5.671312133973856, 36.922690238056134 ], [ -5.727904796641099, 36.922398243952046 ], [ -5.767286424320105, 36.906906550227575 ], [ -5.798466339188337, 36.913985930449712 ], [ -5.809507374910481, 36.888419973697921 ], [ -5.821603395706745, 36.889126063903234 ], [ -5.829977035772629, 36.880289624266709 ], [ -5.837190786941392, 36.884648504893278 ], [ -5.848283917685137, 36.868983743464639 ], [ -5.888870798683286, 36.845965136253199 ], [ -5.894869214772768, 36.832757201501295 ], [ -5.924023514786768, 36.821378377788847 ], [ -5.953913984222538, 36.836351968042777 ], [ -6.0036296174369, 36.815703707920079 ], [ -6.019421844928104, 36.791808701929881 ], [ -6.038795476428959, 36.784739164432608 ], [ -6.059187597486414, 36.798750771309642 ], [ -6.059923859582966, 36.783294897233418 ], [ -6.083963297367518, 36.778671125014966 ], [ -6.073506902802649, 36.766433446428778 ], [ -6.083770783531804, 36.758773259104487 ], [ -6.080582999895341, 36.74584370075786 ], [ -6.091030865920345, 36.738796762021138 ], [ -6.111270409526014, 36.743000229944698 ], [ -6.114983949454313, 36.751306406402648 ], [ -6.145370168194859, 36.73621044993132 ], [ -6.154523290711666, 36.745768669180279 ], [ -6.168992781668635, 36.736702170878118 ], [ -6.191391733398291, 36.744358998320422 ], [ -6.208114610169901, 36.733027661046947 ], [ -6.199892599591863, 36.715883351778359 ], [ -6.206957064083838, 36.700124709954707 ], [ -6.236207453420946, 36.695782806669797 ], [ -6.26683152734455, 36.713193138235908 ], [ -6.284681899220345, 36.735240030026659 ], [ -6.294927183363541, 36.729221205419776 ], [ -6.307450503718314, 36.733214548600699 ], [ -6.32747659430504, 36.757951638792065 ], [ -6.351696610593081, 36.753378110810331 ], [ -6.373378516534274, 36.776633046421466 ], [ -6.409508725858757, 36.76050073567427 ], [ -6.420314929604331, 36.745260544553105 ], [ -6.429471746040974, 36.743891011869209 ], [ -6.428508381239453, 36.749625246688083 ], [ -6.442595373822542, 36.738192530594972 ], [ -6.439352256020129, 36.7206605208209 ], [ -6.477270855705702, 36.702166384041462 ], [ -6.741686095762616, 37.07163187747706 ], [ -6.707392588915752, 37.125016398782122 ], [ -6.71179025490494, 37.133061774027624 ], [ -6.750359060267215, 37.14396285535588 ], [ -6.76021147377395, 37.174731560738735 ], [ -6.770591819535127, 37.180785889413016 ], [ -6.758260516015582, 37.227318619463915 ], [ -6.762343303309251, 37.272232297201754 ], [ -6.747156216952646, 37.281090349014335 ], [ -6.716389988587025, 37.277211900718839 ], [ -6.707877905756675, 37.298277450963099 ], [ -6.67276575291595, 37.298887120494499 ], [ -6.657368720777697, 37.327839968049489 ], [ -6.645622026538092, 37.325901868133883 ], [ -6.635031020400334, 37.351254080074341 ], [ -6.616465861838833, 37.348754182189907 ], [ -6.602008653342182, 37.36261263810627 ], [ -6.583172923795416, 37.360581813499437 ], [ -6.568945377453815, 37.37065340215122 ], [ -6.536086178261201, 37.364749289314034 ], [ -6.529992113618505, 37.371979096020766 ], [ -6.473089448025348, 37.377219675390336 ], [ -6.449562128079151, 37.399412026250445 ], [ -6.462988478427008, 37.417359207652453 ], [ -6.441384607490363, 37.420662701598019 ], [ -6.437304875582697, 37.427695564458645 ], [ -6.459832213979723, 37.459348982687402 ], [ -6.431968895892169, 37.486597378710144 ], [ -6.393671820845213, 37.499804304835266 ], [ -6.385418340014269, 37.524106630661493 ], [ -6.392510362970086, 37.553247095747963 ], [ -6.460764434065482, 37.578023866146339 ], [ -6.435911043224621, 37.591944097081239 ], [ -6.427700887914455, 37.606818485086592 ], [ -6.423597882663614, 37.629467973022258 ], [ -6.4304098669719, 37.632154720319647 ], [ -6.41303031348582, 37.65151639050282 ], [ -6.429055604005498, 37.668961648361744 ], [ -6.422220905150709, 37.671999371428285 ], [ -6.42770422804665, 37.677867820393999 ], [ -6.42131748914943, 37.691776239102978 ], [ -6.405727895086727, 37.706674937478624 ], [ -6.412271032608999, 37.723581438786539 ], [ -6.382022157152392, 37.729064410764806 ], [ -6.392013904793941, 37.740174048987171 ], [ -6.392212975576797, 37.760244430890111 ], [ -6.42805598133674, 37.764355728764315 ], [ -6.476894756380887, 37.783695914274119 ], [ -6.477155131736822, 37.796573095690405 ], [ -6.460294866151571, 37.802192235271775 ], [ -6.465545203866895, 37.820527197177512 ], [ -6.450897197540257, 37.824724700220941 ], [ -6.443829455301511, 37.844352394218333 ], [ -6.470329607365159, 37.855882920593103 ], [ -6.470583419238039, 37.87016802193142 ], [ -6.520398455900192, 37.893701858521808 ], [ -6.550875370519918, 37.890656373524848 ], [ -6.565477325026961, 37.898356492917401 ], [ -6.58711169119789, 37.888358042557854 ], [ -6.620220906019313, 37.895226379834583 ], [ -6.636628991641771, 37.886175750216182 ], [ -6.658853511751343, 37.886811917096665 ], [ -6.662188693302028, 37.918932686101186 ], [ -6.686537759412886, 37.930608394830983 ], [ -6.691896407154672, 37.952533130869597 ], [ -6.676897287290501, 37.963463900618649 ], [ -6.674923825348174, 37.976939152170758 ], [ -6.658852939459166, 37.98301939119591 ], [ -6.642450370712197, 38.002090580709591 ], [ -6.630578751379858, 38.02219858182707 ], [ -6.634418484530556, 38.033267541210819 ], [ -6.587184224571672, 38.039526457912189 ], [ -6.574071746814354, 38.064595277927083 ], [ -6.531752383946014, 38.06799023999497 ], [ -6.530103829582629, 38.081519689830827 ], [ -6.541572938072477, 38.089883028405552 ], [ -6.528002819950132, 38.100388704314355 ], [ -6.492775020319243, 38.098309383852211 ], [ -6.478036809685534, 38.084511529960423 ], [ -6.46552582060923, 38.085657940338081 ], [ -6.39238191628931, 38.047780682312009 ], [ -6.348889157199721, 38.045397213960769 ], [ -6.325478525031087, 38.061533779959063 ], [ -6.296379397677242, 38.05121613245808 ], [ -6.275549741419809, 38.052896462559261 ], [ -6.27856615565571, 38.077703520533987 ], [ -6.266800563501249, 38.093405490047246 ], [ -6.277745728954471, 38.104341646332671 ], [ -6.276512317611207, 38.128265780161371 ], [ -6.266658363154193, 38.135701314204766 ], [ -6.284002768136816, 38.181793715174877 ], [ -6.268576127582151, 38.189822262477946 ], [ -6.268349504579362, 38.204848723031319 ], [ -6.287808135169143, 38.240299553889201 ], [ -6.291707769510481, 38.264460535951685 ], [ -6.277655313856656, 38.263191964295288 ], [ -6.251823154966928, 38.28115513598209 ], [ -6.231068259506912, 38.283009814032141 ], [ -6.229514450112674, 38.291286128875072 ], [ -6.20289568670114, 38.291512081071005 ], [ -6.178330967878253, 38.277664679339239 ], [ -6.138104423470224, 38.272162579962469 ], [ -6.127837219914966, 38.286091535396508 ], [ -6.109159465415644, 38.29089659403104 ], [ -6.051099454118742, 38.249860936899665 ], [ -6.050206011560135, 38.234465021390633 ], [ -6.017356479062585, 38.223635564505457 ], [ -5.974400414542572, 38.188643183671957 ], [ -5.956749736892903, 38.190105298195306 ], [ -5.931652770838582, 38.177786428261015 ], [ -5.900651608182727, 38.209066871951222 ], [ -5.861850422460179, 38.198598178482484 ], [ -5.83628619951503, 38.220109468631108 ], [ -5.805409533580814, 38.224777618147471 ], [ -5.797165517866233, 38.247058441773959 ], [ -5.778790734460244, 38.255650311575323 ], [ -5.776152485406101, 38.267208242863092 ], [ -5.737741119747, 38.272582252914674 ], [ -5.711592734157477, 38.305008901783253 ], [ -5.690474152579498, 38.301527313839131 ], [ -5.657462276063825, 38.316815552445064 ], [ -5.630861798838851, 38.315891545829459 ], [ -5.562752439458791, 38.287601719716861 ], [ -5.550181050498679, 38.278367415922332 ], [ -5.547891852638315, 38.266313770521947 ], [ -5.503384314272637, 38.233370099700437 ], [ -5.483072278042584, 38.246025913884068 ], [ -5.487397939588334, 38.253153440195092 ], [ -5.48019362060154, 38.264565468076569 ], [ -5.516377953935262, 38.289235043903659 ], [ -5.514680151612083, 38.30529624900754 ], [ -5.484589012000924, 38.322974959451869 ], [ -5.480670719731961, 38.349369699419071 ], [ -5.450209340533831, 38.363417427922343 ], [ -5.411858559642837, 38.411432863089942 ], [ -5.37151168015771, 38.389082903443921 ], [ -5.332913990556904, 38.389335372153482 ], [ -5.266523392289571, 38.354223812953819 ], [ -5.225329521018921, 38.352528178278874 ], [ -5.216313140559691, 38.366620640264841 ], [ -5.186151355977529, 38.357170709830427 ], [ -5.172984569908408, 38.341621534242563 ], [ -5.148271528381031, 38.33660440596816 ], [ -5.134686158897523, 38.3468935741937 ], [ -5.072949050999171, 38.301232109857835 ], [ -5.070809185945734, 38.313215911221732 ], [ -5.048986079853478, 38.322335635123466 ], [ -5.062758871419817, 38.349059196267547 ], [ -5.048607522523923, 38.363097753618092 ], [ -5.023324333866356, 38.374082622264268 ], [ -4.995215497364939, 38.366114438531326 ], [ -4.968446790580231, 38.381410334854365 ], [ -4.954994039251574, 38.375910843581323 ], [ -4.936487759375666, 38.350857375855128 ], [ -4.928030074363335, 38.362896537014365 ], [ -4.898351103741845, 38.36382337915586 ], [ -4.878284086420422, 38.354211813261372 ], [ -4.870627471824662, 38.330594460608836 ], [ -4.840339126622723, 38.323114297288441 ], [ -4.807081954392174, 38.326081574002217 ], [ -4.787910124864368, 38.311563953404402 ], [ -4.744895836851015, 38.314084915088984 ], [ -4.73862069953185, 38.32754272833165 ], [ -4.694368809948855, 38.343031719490966 ], [ -4.681475740693315, 38.329837723393723 ], [ -4.660006005892569, 38.324242547685003 ], [ -4.629222689921107, 38.337055245224406 ], [ -4.586075666894601, 38.325954924090297 ], [ -4.566631806533053, 38.329755980910022 ], [ -4.539280679820081, 38.296034601353199 ], [ -4.525096782898629, 38.291628078890369 ], [ -4.492889546030312, 38.296204722149071 ], [ -4.477077371658766, 38.288606972459547 ], [ -4.445475645890497, 38.298375296414065 ], [ -4.401402447994599, 38.285264292629222 ], [ -4.387837221693587, 38.307699744276817 ], [ -4.391340314110892, 38.316559534466819 ], [ -4.379535689546231, 38.323636069874112 ], [ -4.379000550917794, 38.337035529290802 ], [ -4.393348990718778, 38.349639281097666 ], [ -4.388269995127928, 38.365694889506642 ], [ -4.34784333773149, 38.402253670071445 ], [ -4.352695191071291, 38.421923854247495 ], [ -4.345597111990003, 38.43247256589234 ], [ -4.369890629422912, 38.441618450785484 ], [ -4.37321691922989, 38.454473426201162 ], [ -4.395678373593569, 38.455022430023348 ], [ -4.387772028147594, 38.466224673815304 ], [ -4.406762935567542, 38.479055397790489 ], [ -4.401376905881818, 38.490295040318983 ], [ -4.411166871200805, 38.498610753886339 ], [ -4.408603028438847, 38.508379430873106 ], [ -4.493388335917302, 38.539210654129135 ], [ -4.497846603844835, 38.543381935205787 ], [ -4.488421298711671, 38.556783392857483 ], [ -4.502281434905626, 38.567318944058172 ], [ -4.461879438228095, 38.562160508784416 ], [ -4.449321780742025, 38.583539786729204 ], [ -4.434264436256569, 38.583204261959452 ], [ -4.410708905650779, 38.611959430093179 ], [ -4.345143024589106, 38.638355071791693 ], [ -4.342207649612305, 38.65393343647861 ], [ -4.353182734105246, 38.659202587627249 ], [ -4.345591025551641, 38.667132296719672 ], [ -4.351702816031661, 38.67754063122328 ], [ -4.341598004030004, 38.680062083664779 ], [ -4.349777740906745, 38.684262795220434 ], [ -4.341771570568483, 38.694447868355212 ], [ -4.346743900502076, 38.703002807419693 ], [ -4.330389360834147, 38.707279156890536 ], [ -4.262857381875506, 38.68671331192769 ], [ -4.256595544452864, 38.695491550813699 ], [ -4.23551074844471, 38.697825262677611 ], [ -4.18356261435008, 38.686231117683519 ], [ -4.062055537163417, 38.701101603364009 ], [ -4.014090215669285, 38.685380721444574 ], [ -3.991762983897047, 38.69941878862312 ], [ -3.980795902228806, 38.695651561032264 ], [ -3.981604268140472, 38.688962129511197 ], [ -3.920109284424029, 38.695298927433669 ], [ -3.90914055364243, 38.690976145278512 ], [ -3.915008754305063, 38.686371815363316 ], [ -3.909670237963098, 38.681037272408048 ], [ -3.867972313485211, 38.686010710080041 ], [ -3.850181138879577, 38.683367112735652 ], [ -3.844322072993577, 38.673855234982796 ], [ -3.831667990915321, 38.675404413333013 ], [ -3.812282380672741, 38.651414318596494 ], [ -3.797712475620244, 38.645223184179656 ], [ -3.79636256275478, 38.633392597750401 ], [ -3.678281120785357, 38.645782380268201 ], [ -3.647007989054828, 38.627464325903645 ], [ -3.63482504980982, 38.596782695400179 ], [ -3.613111844456739, 38.592497803023093 ], [ -3.582504597474951, 38.567385570917224 ], [ -3.591924795603973, 38.554252294324385 ], [ -3.573971177151691, 38.545538233391653 ], [ -3.574519373057456, 38.519971645118915 ], [ -3.547051018872821, 38.505673475769584 ], [ -3.547860783015665, 38.487803474806867 ], [ -3.541656555390773, 38.485446791840218 ], [ -3.534338644827756, 38.497152360363089 ], [ -3.490502121331076, 38.512902537835146 ], [ -3.467308025822661, 38.502089237795815 ], [ -3.459457901086921, 38.523788402450748 ], [ -3.428709147860332, 38.529097635489734 ], [ -3.425542316215513, 38.548656906709482 ], [ -3.415595967278421, 38.566050175054215 ], [ -3.406593693268974, 38.56692423520127 ], [ -3.406974163921234, 38.576246779326254 ], [ -3.381953627865755, 38.560049461656718 ], [ -3.354609836664054, 38.556589473003953 ], [ -3.34177673086549, 38.532416843255646 ], [ -3.29174228529007, 38.534691727911763 ], [ -3.258448025747498, 38.526524751124441 ], [ -3.228459700660665, 38.541690350280874 ], [ -3.179765941201765, 38.533443864134995 ], [ -3.158913854936827, 38.550310465385223 ], [ -3.138756040954604, 38.546249610148436 ], [ -3.143554971762626, 38.562594170424859 ], [ -3.133698248537371, 38.577113605787872 ], [ -3.152731670000549, 38.576393777912131 ], [ -3.156767630286026, 38.589013821127025 ], [ -3.148433685828081, 38.599629125735873 ], [ -3.138571703533216, 38.597963364154623 ], [ -3.135163032599849, 38.608924036800886 ], [ -3.107612826589445, 38.605009399563073 ], [ -3.079522672672965, 38.633075401125666 ], [ -3.062254602209634, 38.629591767658098 ], [ -3.046781545902661, 38.644580258763256 ], [ -3.026620998197416, 38.641790717576782 ], [ -3.012600547718364, 38.651314076816504 ], [ -2.96470532050057, 38.636514262013634 ], [ -2.938326491705823, 38.646175860176584 ], [ -2.868834965278666, 38.616039873244006 ], [ -2.851068027732083, 38.617989419389687 ], [ -2.823948481944797, 38.638799435163378 ], [ -2.794876968962285, 38.646754580633569 ], [ -2.760636317756507, 38.674062677591508 ], [ -2.726074513792071, 38.69156484232326 ], [ -2.709680830982961, 38.688025563281485 ], [ -2.696935146464966, 38.699637674812152 ], [ -2.6734036459398, 38.702137007743659 ], [ -2.671935726707204, 38.713452167029686 ], [ -2.639013666515268, 38.72007638165627 ], [ -2.625811687228122, 38.734754962365912 ], [ -2.612542059571069, 38.735868676346684 ], [ -2.594382222237186, 38.719432195985746 ], [ -2.5463543095658, 38.709765656806155 ], [ -2.537209869753667, 38.712785879670889 ], [ -2.533787492231909, 38.728781407752308 ], [ -2.516994279024686, 38.7361745910639 ], [ -2.500888720198742, 38.736536162588862 ], [ -2.494105085448679, 38.726449287122584 ], [ -2.479069317071524, 38.7405015135773 ], [ -2.461173443680312, 38.740626655663185 ], [ -2.451523768424431, 38.720312477216538 ], [ -2.458712973135901, 38.700369082026477 ], [ -2.429374052519117, 38.686473193653043 ], [ -2.432947412404842, 38.681412273368046 ], [ -2.421980361582599, 38.675565053192869 ], [ -2.427590284725633, 38.663605560174084 ], [ -2.392893126960946, 38.649407529487426 ], [ -2.379093383603617, 38.651902025156438 ], [ -2.358463135779316, 38.630934658610336 ], [ -2.444491756823796, 38.558122178677834 ], [ -2.454644249675753, 38.53756397894859 ], [ -2.488888027386608, 38.518548481338975 ], [ -2.528648380934701, 38.509040155216042 ], [ -2.455999484010541, 38.469364384686131 ], [ -2.450005733888602, 38.452260909232834 ], [ -2.459858941439359, 38.436057161719049 ], [ -2.459977114091897, 38.401293317647223 ], [ -2.527525084518959, 38.367373505489851 ], [ -2.539297208779593, 38.340574896228347 ], [ -2.549454181945863, 38.342473630340784 ], [ -2.560700215494894, 38.331811194949772 ], [ -2.585285072036509, 38.335650672939174 ], [ -2.583677707408652, 38.305056724411067 ], [ -2.598097567980817, 38.297963985587209 ], [ -2.597669301404864, 38.290133170791584 ], [ -2.629573344422708, 38.258148482917662 ], [ -2.657452104132041, 38.252266135224822 ], [ -2.650890826229687, 38.217793930160006 ], [ -2.672600660020684, 38.188992759660266 ], [ -2.666760315193037, 38.180241738255127 ], [ -2.684086328662206, 38.142362945423073 ], [ -2.705755318887391, 38.117138519135501 ], [ -2.700182361950047, 38.112870781795394 ], [ -2.727681845650259, 38.05313760996043 ], [ -2.71959424368397, 38.025351745585809 ], [ -2.737406781071148, 38.015920976373216 ], [ -2.739561396436582, 38.006410198571288 ], [ -2.711805115509653, 37.981502535456521 ], [ -2.716601532060182, 37.961404986863471 ], [ -2.686113460906528, 37.975665106234068 ], [ -2.673116462828854, 37.958128778062822 ], [ -2.605837903391881, 37.996024718160022 ], [ -2.58274595217337, 38.02444970984245 ], [ -2.574226299399872, 38.01443697844249 ], [ -2.544413735590099, 38.014058402456072 ], [ -2.495118723876862, 38.03685927570406 ], [ -2.455325947366513, 38.068410666792474 ], [ -2.449841428528942, 38.081110468441274 ], [ -2.433944030516118, 38.06738704593257 ], [ -2.382794175297639, 38.066700845688146 ], [ -2.366368489780146, 38.077096427573821 ], [ -2.340998845582713, 38.076311251010992 ], [ -2.32890021483487, 38.067992789940099 ], [ -2.289508568590618, 38.090854134072934 ], [ -2.263181874712469, 38.069742116459359 ], [ -2.284642641711485, 38.042604746734355 ], [ -2.28512878060052, 38.03111244683749 ], [ -2.256454294385857, 37.998890397424127 ], [ -2.254283074278298, 37.973453336501741 ], [ -2.235426044936097, 37.963873478866851 ], [ -2.226535339276555, 37.946422092691805 ], [ -2.241110240734829, 37.932699746747851 ], [ -2.227112903161377, 37.923438216196331 ], [ -2.240969408190248, 37.916326341568166 ], [ -2.242060301402109, 37.89414409137347 ], [ -2.202262062306982, 37.876181026447547 ], [ -2.204787954457149, 37.865492237092553 ], [ -2.223878343962093, 37.858076625698068 ], [ -2.193382655685887, 37.856337644583583 ], [ -2.176444788463579, 37.847121961722991 ], [ -2.182975399747964, 37.829167536457504 ], [ -2.23586194028052, 37.806137665433965 ], [ -2.24145307282194, 37.789465817499227 ], [ -2.232886897700316, 37.773152819168473 ], [ -2.239627618210084, 37.765174161705509 ], [ -2.238784874568665, 37.739012308930263 ], [ -2.222011233778348, 37.710928056886097 ], [ -2.190289812158105, 37.703405440374794 ], [ -2.193103067288086, 37.675806929467107 ], [ -2.234362640679087, 37.669839677293538 ], [ -2.233793710618996, 37.659843708499295 ], [ -2.249845728912419, 37.650223812864645 ], [ -2.29001295246151, 37.650826744934726 ], [ -2.295767436021641, 37.637081589437948 ], [ -2.31698334940007, 37.621790440673877 ], [ -2.34522351135201, 37.628427485687162 ], [ -2.360167033590253, 37.621334762720373 ], [ -2.388075913916088, 37.63088484215065 ], [ -2.388471955587616, 37.61754573369906 ], [ -2.375955661152472, 37.61213015104191 ], [ -2.368071836465135, 37.593353608856233 ], [ -2.374681319734651, 37.576880606077367 ], [ -2.367844330630942, 37.562862468377837 ], [ -2.373905277067504, 37.556995134935896 ], [ -2.355707137404133, 37.546929422377346 ] ] ] } },
{ "type": "Feature", "properties": { "CodDemarc": "ES064", "Nombre": "TINTO, ODIEL Y PIEDRAS" }, "geometry": { "type": "Polygon", "coordinates": [ [ [ -6.744467484640109, 37.075528517998876 ], [ -6.813111150172577, 37.101091586191501 ], [ -6.825538841939999, 37.092024931846026 ], [ -6.842125339606747, 37.092985574566931 ], [ -6.866140008191676, 37.11605746415605 ], [ -6.96548044595472, 37.15373697992225 ], [ -7.227683051176679, 37.153363047580989 ], [ -7.230339392918208, 37.20404906744043 ], [ -7.246255382557429, 37.241051001855404 ], [ -7.234473554237635, 37.265313042494256 ], [ -7.244482308577841, 37.276450325480084 ], [ -7.270650932909644, 37.281271082977995 ], [ -7.287551752827627, 37.307901739168436 ], [ -7.316024886663647, 37.32531622928537 ], [ -7.30057944443464, 37.349020656438675 ], [ -7.325932796184511, 37.355573803055279 ], [ -7.334650427175165, 37.373256571041175 ], [ -7.33178965528943, 37.384697663697601 ], [ -7.356565563210971, 37.401574583041118 ], [ -7.349168816877564, 37.414218719243074 ], [ -7.355614893321387, 37.425245994681127 ], [ -7.340867176138199, 37.455926015399335 ], [ -7.313540141319008, 37.460957076225306 ], [ -7.315953765858305, 37.471315865994129 ], [ -7.303169598145129, 37.482859184872858 ], [ -7.308205775816534, 37.493383933749143 ], [ -7.299949775303726, 37.495861909624118 ], [ -7.301742641527093, 37.515063871660935 ], [ -7.245180436029867, 37.510724575469766 ], [ -7.238977121521586, 37.534649628380919 ], [ -7.228294502779288, 37.537575487616586 ], [ -7.238541767585301, 37.541360998329317 ], [ -7.239715563459234, 37.552374205689659 ], [ -7.232053913173962, 37.581106312911025 ], [ -7.193105041438586, 37.604793218573626 ], [ -7.183009702703884, 37.599162666169036 ], [ -7.165217188475919, 37.608071729901035 ], [ -7.128848727481208, 37.59886109087941 ], [ -7.121347119895646, 37.606992103342066 ], [ -7.118297770441071, 37.614735193162673 ], [ -7.131462361275268, 37.629366605865222 ], [ -7.104198236020147, 37.656951480115318 ], [ -7.104387187005735, 37.677857949990837 ], [ -7.072290823509086, 37.684962247420074 ], [ -7.092649429082725, 37.701289625505069 ], [ -7.090565370939387, 37.720521586258108 ], [ -7.071655986883249, 37.722424234339563 ], [ -7.049467342180061, 37.74152920069811 ], [ -7.031174399611113, 37.745488233608732 ], [ -7.042443488477684, 37.756874425985266 ], [ -7.030003827844318, 37.760685396602298 ], [ -7.0503484162954, 37.777768292596669 ], [ -7.043596570131658, 37.81431125527876 ], [ -7.061694295304753, 37.839344836887904 ], [ -7.057924656870084, 37.854738542711644 ], [ -6.942126741751546, 37.83984158470161 ], [ -6.908332479404319, 37.844127332568256 ], [ -6.880533256718195, 37.863516002833435 ], [ -6.887454057010195, 37.871331704036763 ], [ -6.853731166303597, 37.87863169333297 ], [ -6.824521624053775, 37.903163916275766 ], [ -6.770690148493396, 37.880426168022041 ], [ -6.733983369187598, 37.874614576312212 ], [ -6.721322253287297, 37.888142427526581 ], [ -6.691274606095121, 37.889804240642981 ], [ -6.66811843424069, 37.881787180257547 ], [ -6.620636242110265, 37.895206324370974 ], [ -6.587416432568318, 37.888341717032233 ], [ -6.565513827568225, 37.898354164693956 ], [ -6.550875370519918, 37.890656373524848 ], [ -6.520398455900192, 37.893701858521808 ], [ -6.470583419238039, 37.87016802193142 ], [ -6.470329607365159, 37.855882920593103 ], [ -6.443795622884181, 37.844295842055374 ], [ -6.450897197540257, 37.824724700220941 ], [ -6.465545203866895, 37.820527197177512 ], [ -6.460294866151571, 37.802192235271775 ], [ -6.477190831793962, 37.796527009854628 ], [ -6.475682518022154, 37.782160419566026 ], [ -6.391341392026675, 37.758895452475599 ], [ -6.392013904793941, 37.740174048987171 ], [ -6.382731184395084, 37.726814755019745 ], [ -6.41223067432918, 37.723638572002358 ], [ -6.405727895086727, 37.706674937478624 ], [ -6.427700287092478, 37.677903867273585 ], [ -6.421690143054661, 37.673965694095273 ], [ -6.428733877319871, 37.668204753622149 ], [ -6.413029903312065, 37.651445713999806 ], [ -6.4304098669719, 37.632154720319647 ], [ -6.423597882663614, 37.629467973022258 ], [ -6.427700887914455, 37.606818485086592 ], [ -6.435911043224621, 37.591944097081239 ], [ -6.460764434065482, 37.578023866146339 ], [ -6.392460441965966, 37.553202164227969 ], [ -6.387811050823018, 37.507515175345191 ], [ -6.437415327005795, 37.483025679147886 ], [ -6.459832213979723, 37.459348982687402 ], [ -6.437304875582697, 37.427695564458645 ], [ -6.441384607490363, 37.420662701598019 ], [ -6.462988478427008, 37.417359207652453 ], [ -6.449562128079151, 37.399412026250445 ], [ -6.473089448025348, 37.377219675390336 ], [ -6.529992113618505, 37.371979096020766 ], [ -6.536086178261201, 37.364749289314034 ], [ -6.568945377453815, 37.37065340215122 ], [ -6.583172923795416, 37.360581813499437 ], [ -6.602008653342182, 37.36261263810627 ], [ -6.616465861838833, 37.348754182189907 ], [ -6.635031020400334, 37.351254080074341 ], [ -6.645622026538092, 37.325901868133883 ], [ -6.657368720777697, 37.327839968049489 ], [ -6.67276575291595, 37.298887120494499 ], [ -6.707877905756675, 37.298277450963099 ], [ -6.716389988587025, 37.277211900718839 ], [ -6.747156216952646, 37.281090349014335 ], [ -6.762380482016454, 37.272189192980193 ], [ -6.758260516015582, 37.227318619463915 ], [ -6.770509159977905, 37.180303844585353 ], [ -6.76021147377395, 37.174731560738735 ], [ -6.750359060267215, 37.14396285535588 ], [ -6.71179025490494, 37.133061774027624 ], [ -6.707384812645728, 37.124962658143318 ], [ -6.744467484640109, 37.075528517998876 ] ] ] } },
{ "type": "Feature", "properties": { "CodDemarc": "ES040", "Nombre": "GUADIANA" }, "geometry": { "type": "Polygon", "coordinates": [ [ [ -6.658853511751343, 37.886811917096665 ], [ -6.668558004295433, 37.881780209284017 ], [ -6.691274606095121, 37.889804240642981 ], [ -6.723154802500284, 37.887918662953204 ], [ -6.733983369187598, 37.874614576312212 ], [ -6.770690148493396, 37.880426168022041 ], [ -6.824521624053775, 37.903163916275766 ], [ -6.853731166303597, 37.87863169333297 ], [ -6.887454057010195, 37.871331704036763 ], [ -6.880533256718195, 37.863516002833435 ], [ -6.908332479404319, 37.844127332568256 ], [ -6.942126741751546, 37.83984158470161 ], [ -6.990753771866957, 37.85099169687129 ], [ -7.058730359255305, 37.854232592294558 ], [ -7.061694295304753, 37.839344836887904 ], [ -7.043596570131658, 37.81431125527876 ], [ -7.0503484162954, 37.777768292596669 ], [ -7.030003827844318, 37.760685396602298 ], [ -7.042443488477684, 37.756874425985266 ], [ -7.031174399611113, 37.745488233608732 ], [ -7.049467342180061, 37.74152920069811 ], [ -7.071655986883249, 37.722424234339563 ], [ -7.090565370939387, 37.720521586258108 ], [ -7.092649429082725, 37.701289625505069 ], [ -7.072290823509086, 37.684962247420074 ], [ -7.104387187005735, 37.677857949990837 ], [ -7.104198236020147, 37.656951480115318 ], [ -7.131462361275268, 37.629366605865222 ], [ -7.118297770441071, 37.614735193162673 ], [ -7.121347119895646, 37.606992103342066 ], [ -7.128848727481208, 37.59886109087941 ], [ -7.165217188475919, 37.608071729901035 ], [ -7.183009702703884, 37.599162666169036 ], [ -7.193105041438586, 37.604793218573626 ], [ -7.232053913173962, 37.581106312911025 ], [ -7.239715563459234, 37.552374205689659 ], [ -7.238541767585301, 37.541360998329317 ], [ -7.228294502779288, 37.537575487616586 ], [ -7.238977121521586, 37.534649628380919 ], [ -7.245180436029867, 37.510724575469766 ], [ -7.301742641527093, 37.515063871660935 ], [ -7.299949775303726, 37.495861909624118 ], [ -7.308205775816534, 37.493383933749143 ], [ -7.303169598145129, 37.482859184872858 ], [ -7.315953765858305, 37.471315865994129 ], [ -7.313540141319008, 37.460957076225306 ], [ -7.340867176138199, 37.455926015399335 ], [ -7.355614893321387, 37.425245994681127 ], [ -7.349168816877564, 37.414218719243074 ], [ -7.356565563210971, 37.401574583041118 ], [ -7.33178965528943, 37.384697663697601 ], [ -7.334650427175165, 37.373256571041175 ], [ -7.325932796184511, 37.355573803055279 ], [ -7.30057944443464, 37.349020656438675 ], [ -7.316024886663647, 37.32531622928537 ], [ -7.287551752827627, 37.307901739168436 ], [ -7.270650932909644, 37.281271082977995 ], [ -7.244482308577841, 37.276450325480084 ], [ -7.234473554237635, 37.265313042494256 ], [ -7.246255382557429, 37.241051001855404 ], [ -7.230339392918208, 37.20404906744043 ], [ -7.227683051176679, 37.153363047580989 ], [ -7.371383753574191, 37.152918857214594 ], [ -7.399899968478413, 37.146429576363197 ], [ -7.399745354976044, 37.163119486789739 ], [ -7.393255481010546, 37.166184817122144 ], [ -7.408531473235252, 37.185235513186193 ], [ -7.418245467166572, 37.236978719628453 ], [ -7.433744691753115, 37.249688306476131 ], [ -7.42182259913215, 37.273534325620808 ], [ -7.442167285612991, 37.309936638913449 ], [ -7.440262679270247, 37.390008558584938 ], [ -7.462835318329675, 37.408846993896638 ], [ -7.445748361010228, 37.418659631984212 ], [ -7.457941715600569, 37.429639036012581 ], [ -7.456467635754876, 37.451258956533351 ], [ -7.469675078473172, 37.47135360535448 ], [ -7.463969193519298, 37.487098433101011 ], [ -7.484467690891339, 37.498307483239188 ], [ -7.492685430806044, 37.52273208109284 ], [ -7.511401825213341, 37.524514978839591 ], [ -7.522592248137606, 37.553453921700985 ], [ -7.506637705028443, 37.558901485300453 ], [ -7.51533406442271, 37.571443709648833 ], [ -7.501519371699762, 37.577580470433801 ], [ -7.497307689743332, 37.59317133456566 ], [ -7.503139673252597, 37.604851692922431 ], [ -7.488642009464122, 37.604470985897507 ], [ -7.481404999569756, 37.623791256180411 ], [ -7.471009464615338, 37.625343048881994 ], [ -7.467320751168565, 37.649368268684945 ], [ -7.454887863324984, 37.646723709921424 ], [ -7.455345653924365, 37.662278792493311 ], [ -7.443920048455515, 37.66491508435368 ], [ -7.452414420207576, 37.677386909770817 ], [ -7.444198423074894, 37.687457075739871 ], [ -7.447785642896144, 37.697102383874999 ], [ -7.43912609933127, 37.700988079561895 ], [ -7.428605544508343, 37.741042149112673 ], [ -7.418643921771182, 37.743914602782013 ], [ -7.42111259711986, 37.759291173967839 ], [ -7.407751315450229, 37.767144710418535 ], [ -7.396711339091241, 37.764136044194508 ], [ -7.365799584862895, 37.792872781915932 ], [ -7.324811328967996, 37.815223807743664 ], [ -7.28365193578124, 37.868796972320304 ], [ -7.282203706258183, 37.897621494098495 ], [ -7.273578353730651, 37.899111523183031 ], [ -7.261822161176983, 37.92443260364054 ], [ -7.255304980764313, 37.922512805533195 ], [ -7.248364150311393, 37.95470236524352 ], [ -7.263116893680108, 37.979807775211285 ], [ -7.202233764879535, 38.003070991144369 ], [ -7.173082876410019, 37.993191364813214 ], [ -7.120974539397192, 38.004583563511275 ], [ -7.129012306048879, 38.010864102645307 ], [ -7.128458178049028, 38.029555420167867 ], [ -7.098730092941479, 38.043855673248174 ], [ -7.067425902818561, 38.033422411245517 ], [ -7.059455337978428, 38.017180162849485 ], [ -7.002334479633711, 38.022727749105719 ], [ -7.00256332163103, 38.043855842583824 ], [ -6.990116577446535, 38.055438616022926 ], [ -6.987790180348273, 38.102068215518457 ], [ -6.970725014181148, 38.110735099546076 ], [ -6.959120001751749, 38.15012334420986 ], [ -6.952319768226852, 38.152294554055246 ], [ -6.969133085661895, 38.166164940637906 ], [ -6.931556664634567, 38.207726165318704 ], [ -6.938428583407479, 38.207479573903157 ], [ -6.936864993825783, 38.220579931936911 ], [ -6.946383839798808, 38.211755943182666 ], [ -6.956723238080374, 38.217012256458197 ], [ -6.971913886830533, 38.202227471936006 ], [ -6.980911311658787, 38.211350715693413 ], [ -7.010934603829479, 38.204609423935956 ], [ -7.010257288908185, 38.195904701549793 ], [ -7.016833087644377, 38.197211191297889 ], [ -7.022683244760493, 38.185275400062146 ], [ -7.043534250128527, 38.187220085271434 ], [ -7.059177210468051, 38.177658843125116 ], [ -7.056243725537718, 38.185627149652433 ], [ -7.066614061719642, 38.186472834055422 ], [ -7.066295292773564, 38.178925006053724 ], [ -7.085657694767399, 38.169552517682604 ], [ -7.107864139996184, 38.188062407007457 ], [ -7.117355820602616, 38.213879637188974 ], [ -7.143080354621913, 38.240520394619331 ], [ -7.150610243669888, 38.275806076594726 ], [ -7.169358155435751, 38.279464301665023 ], [ -7.203560008798751, 38.330986894716652 ], [ -7.271173257106774, 38.394992814022757 ], [ -7.279869146010273, 38.419806447688984 ], [ -7.31751653676015, 38.440605051996478 ], [ -7.335199515211391, 38.435302474959371 ], [ -7.296203181303154, 38.475675200845174 ], [ -7.300871783064447, 38.48284067728143 ], [ -7.313578546539532, 38.474152412490199 ], [ -7.321933627705614, 38.477291285413344 ], [ -7.314299239053664, 38.51379442392237 ], [ -7.302095031105348, 38.523103743586638 ], [ -7.303641744876106, 38.542616929156118 ], [ -7.284027464426345, 38.575956998589319 ], [ -7.264020827866019, 38.588079173143498 ], [ -7.257875908577737, 38.612359540271633 ], [ -7.242996752670446, 38.623595743356496 ], [ -7.265078460760789, 38.627491240489988 ], [ -7.27168308122852, 38.637316963606928 ], [ -7.259030302069545, 38.723621403665113 ], [ -7.206940777064939, 38.747022433875472 ], [ -7.195183821446088, 38.764958914427538 ], [ -7.164593411305457, 38.778323901329259 ], [ -7.128158189490667, 38.813856921565716 ], [ -7.095687508849972, 38.816009279672897 ], [ -7.068550194046828, 38.854008441248752 ], [ -7.039336032165633, 38.864331118922117 ], [ -7.033013376810233, 38.878504792515663 ], [ -7.052035817443923, 38.907163604158683 ], [ -7.027653661734178, 38.923029816352631 ], [ -6.951315458382727, 39.023998263001701 ], [ -6.967881444996966, 39.039818356010436 ], [ -6.962421029913181, 39.060878768113689 ], [ -6.996468731154425, 39.099762628078771 ], [ -7.038254861347293, 39.11843373074079 ], [ -7.105467954061318, 39.099520683337055 ], [ -7.14428067496989, 39.108883687624612 ], [ -7.149700495639214, 39.121392378811784 ], [ -7.136679530144222, 39.144452721303573 ], [ -7.134467421272906, 39.171118680991135 ], [ -7.208110752936548, 39.187317587719448 ], [ -7.24135294101379, 39.208544113295396 ], [ -7.247877642828578, 39.253524920726015 ], [ -7.231395826352529, 39.278361229785169 ], [ -7.267386210637544, 39.301406381060055 ], [ -7.27598461331911, 39.31531970648053 ], [ -7.257971806419706, 39.340221668384011 ], [ -7.210412479887367, 39.336273966146493 ], [ -7.194728715648173, 39.3408853806569 ], [ -7.190224707920189, 39.357136911350196 ], [ -7.171808042310649, 39.36457532780021 ], [ -7.105871426081089, 39.344041616238734 ], [ -7.106148429574462, 39.366636746500816 ], [ -7.062767844680537, 39.39606745282741 ], [ -7.059248252296596, 39.413776346027902 ], [ -7.047119050196534, 39.421629830362562 ], [ -7.049120089870928, 39.436673519175507 ], [ -6.996087532541551, 39.425433974445049 ], [ -6.931751940679137, 39.396773338507863 ], [ -6.923292575339627, 39.382957560422966 ], [ -6.927791100497842, 39.372015809749271 ], [ -6.88727968597168, 39.362091245385201 ], [ -6.872317852830936, 39.363168408502915 ], [ -6.865114154169218, 39.3895601000253 ], [ -6.813689032501341, 39.390879752253561 ], [ -6.797926082796387, 39.400584460511503 ], [ -6.782986755963387, 39.395696633466166 ], [ -6.762544237046429, 39.41004580975973 ], [ -6.754307599599054, 39.401162444796725 ], [ -6.722094056407822, 39.403691071968659 ], [ -6.684726779139563, 39.385753923968352 ], [ -6.663302776551777, 39.35727631692486 ], [ -6.652098776807323, 39.37083580110545 ], [ -6.625800197100364, 39.353883790720957 ], [ -6.611363129030387, 39.354864235112089 ], [ -6.608003414955377, 39.364982345431734 ], [ -6.583812073661963, 39.359596193571811 ], [ -6.572240239859228, 39.349914712000405 ], [ -6.577142215533151, 39.334721710196796 ], [ -6.558355321221669, 39.317766932338991 ], [ -6.492988253198443, 39.294408795348183 ], [ -6.452478403765761, 39.263305032495985 ], [ -6.405784292986562, 39.242247409309286 ], [ -6.360546594313531, 39.201787143133288 ], [ -6.246800008263939, 39.15976272625737 ], [ -6.228991691722239, 39.176299602038554 ], [ -6.232696828859952, 39.197155260712016 ], [ -6.21382327591341, 39.198926414875267 ], [ -6.210878913866301, 39.220058803962367 ], [ -6.185611474070566, 39.235211797535761 ], [ -6.164521829859988, 39.232816929273689 ], [ -6.136648759075612, 39.214746760141139 ], [ -6.076797246648389, 39.226460265149512 ], [ -6.060640121739867, 39.219477169677724 ], [ -6.048282636156409, 39.228295165748463 ], [ -6.037717024792309, 39.214921628844337 ], [ -6.01796694124198, 39.213873944136303 ], [ -5.959587005772179, 39.276101295298666 ], [ -5.924262201176717, 39.280696483818133 ], [ -5.931032766463838, 39.30597107416007 ], [ -5.916208884548357, 39.31901539636825 ], [ -5.9092295841966, 39.313432513918933 ], [ -5.897174272183269, 39.324040150905404 ], [ -5.8851369944482, 39.3204133400328 ], [ -5.881993731042272, 39.332886738158031 ], [ -5.869175957967535, 39.33549000643368 ], [ -5.861302206213352, 39.367442872781787 ], [ -5.840121126723956, 39.367208605139645 ], [ -5.805587869559867, 39.397675684542797 ], [ -5.792955719711431, 39.393054965113592 ], [ -5.79228543025441, 39.382498037178479 ], [ -5.733546910245387, 39.404600207487078 ], [ -5.690672477219197, 39.3861263617205 ], [ -5.687338250548671, 39.38031167602545 ], [ -5.706597264333986, 39.362619029834832 ], [ -5.706183901038352, 39.345550316022909 ], [ -5.691495023062745, 39.329247359104528 ], [ -5.673834538484783, 39.342862186090024 ], [ -5.650325887360655, 39.344690763241417 ], [ -5.641871474096013, 39.356886785200651 ], [ -5.614083314810054, 39.358994147654222 ], [ -5.573231559054888, 39.384542038784886 ], [ -5.553665888157687, 39.380142733003638 ], [ -5.54270463280132, 39.389477963967643 ], [ -5.512461122199054, 39.393588387344302 ], [ -5.500379474531624, 39.376996785084081 ], [ -5.447245025879005, 39.386272771908544 ], [ -5.430784742823188, 39.404234368956217 ], [ -5.434501709658392, 39.41028591472088 ], [ -5.414657436405844, 39.419358385992339 ], [ -5.43251584462749, 39.44250707645304 ], [ -5.427218574503106, 39.449195041858147 ], [ -5.393161088477925, 39.472385776245012 ], [ -5.350088290772817, 39.465249640443211 ], [ -5.329862877324179, 39.469332318996116 ], [ -5.311278186837404, 39.478272480291295 ], [ -5.304730663931727, 39.497165362299491 ], [ -5.279446922354243, 39.517659508200786 ], [ -5.274302365376331, 39.530196803662029 ], [ -5.321597173399042, 39.565994802809627 ], [ -5.29886514596743, 39.569273443404057 ], [ -5.263777016589029, 39.590345474414264 ], [ -5.227377853833874, 39.588022194183317 ], [ -5.211931453557535, 39.598508552479316 ], [ -5.158523453823375, 39.560315129729879 ], [ -5.085706984935097, 39.49156785457496 ], [ -5.053733513074723, 39.484447911927532 ], [ -5.010511497858118, 39.49593006766429 ], [ -4.999555667450637, 39.491224627286165 ], [ -4.992033808909556, 39.501362466964999 ], [ -4.978555296400359, 39.501514058851058 ], [ -4.987722582443692, 39.520603852104664 ], [ -4.97338362387701, 39.538595723468248 ], [ -4.955692739146592, 39.543898060184837 ], [ -4.925589129026582, 39.528273965640103 ], [ -4.915257338857968, 39.553114372249276 ], [ -4.889538342228992, 39.565500778429303 ], [ -4.868695819700866, 39.556011015174299 ], [ -4.757259860922826, 39.537886078898502 ], [ -4.743341519631837, 39.543278550677847 ], [ -4.721174649395272, 39.538676781234507 ], [ -4.698905468192105, 39.558500666749353 ], [ -4.6783980215432, 39.559753470181775 ], [ -4.627566120643034, 39.522513096563827 ], [ -4.615658826978886, 39.527678863282048 ], [ -4.630366939806986, 39.551828437612357 ], [ -4.59833349343024, 39.573412221061211 ], [ -4.569002193292108, 39.578874967913336 ], [ -4.544333376224909, 39.572976632286306 ], [ -4.538108726858058, 39.581707725272594 ], [ -4.524414529831531, 39.581698895729396 ], [ -4.478294203623842, 39.571226336062544 ], [ -4.463617790349111, 39.552340248952262 ], [ -4.440444788315387, 39.545074635170444 ], [ -4.424474703997045, 39.52854241219061 ], [ -4.38592030277926, 39.523101321704864 ], [ -4.367823297347519, 39.528676353452425 ], [ -4.344872414419226, 39.519597138669553 ], [ -4.28247059221745, 39.521531745457999 ], [ -4.272897843232426, 39.508139542921356 ], [ -4.247309733088629, 39.517815052750677 ], [ -4.234977942601004, 39.551764225715559 ], [ -4.192137483633904, 39.57158375815888 ], [ -4.157531268540015, 39.576692950762848 ], [ -4.120902498585103, 39.56354768016984 ], [ -4.071515383876548, 39.572328579247085 ], [ -4.060267697586919, 39.520198991222934 ], [ -4.062245051002551, 39.493507569728287 ], [ -4.075644916118676, 39.469624588032715 ], [ -4.06456163323659, 39.466368531726481 ], [ -4.057764169248781, 39.47618187356133 ], [ -4.036153252798999, 39.480722399910171 ], [ -4.020570920084571, 39.477919682565677 ], [ -4.018626578443794, 39.461008064599987 ], [ -4.003661704636253, 39.44630800445556 ], [ -4.024625226755338, 39.432245942753703 ], [ -4.001920164437996, 39.420405933815907 ], [ -4.009816562409545, 39.412852209073165 ], [ -3.949298832739912, 39.407806033513019 ], [ -3.90848895492142, 39.3800623195391 ], [ -3.843933996488692, 39.353145041239323 ], [ -3.836585430029042, 39.327049704465381 ], [ -3.781888204872655, 39.315204119856233 ], [ -3.775324804386931, 39.373796056196625 ], [ -3.760760578915018, 39.382468570557648 ], [ -3.766095654907481, 39.404871892339948 ], [ -3.748524116410798, 39.441637516548802 ], [ -3.757138139002655, 39.452220887594521 ], [ -3.808848693677996, 39.466031746341137 ], [ -3.812535901611714, 39.481283027251557 ], [ -3.789333349692462, 39.4992173810761 ], [ -3.789524292790697, 39.508066230362132 ], [ -3.686037904664874, 39.545262710590009 ], [ -3.655309093601909, 39.541451676732905 ], [ -3.638097377620128, 39.553649625687079 ], [ -3.572481525227661, 39.565792034101428 ], [ -3.540294228271383, 39.599209085988875 ], [ -3.527574293024585, 39.600335213786963 ], [ -3.510749325188764, 39.584726144901637 ], [ -3.484357266270584, 39.586261785345073 ], [ -3.47928300393647, 39.597211864192751 ], [ -3.467320913632269, 39.581855393041764 ], [ -3.449093150507904, 39.577554812245772 ], [ -3.4514807008069, 39.608118549505718 ], [ -3.426363158816683, 39.658859339049179 ], [ -3.403758796037604, 39.664193912461968 ], [ -3.390672437091407, 39.652863703441547 ], [ -3.348287270547528, 39.68390902355916 ], [ -3.350163590453852, 39.698767707950978 ], [ -3.381861021981906, 39.707167611125172 ], [ -3.366570820217672, 39.718918432700271 ], [ -3.351760993881722, 39.760882084801189 ], [ -3.335443255640202, 39.781468719321118 ], [ -3.304122496922329, 39.792117353407242 ], [ -3.29789812568153, 39.810921100114754 ], [ -3.27373849990836, 39.822655840336004 ], [ -3.263416365453643, 39.818549742991635 ], [ -3.20460082115019, 39.82965152784741 ], [ -3.181113111856871, 39.848972593343106 ], [ -3.11568895522565, 39.864069657762755 ], [ -3.117301234352451, 39.88209180638362 ], [ -3.088937823554091, 39.921133539648253 ], [ -3.078047336560429, 39.922215262329274 ], [ -3.05530789519038, 39.953803526003774 ], [ -3.019803915832189, 39.973883233119594 ], [ -3.025185578022718, 39.988058963945257 ], [ -2.965938837263514, 40.008028407827297 ], [ -2.959163731288847, 40.017164066187128 ], [ -2.963668704023755, 40.021154081327552 ], [ -2.919051207867171, 40.044516781222015 ], [ -2.916787788048684, 40.05982596795468 ], [ -2.903394598864852, 40.064994655526228 ], [ -2.892664174714644, 40.082000915964393 ], [ -2.874875993430326, 40.081820375755562 ], [ -2.863548245913062, 40.091292357958778 ], [ -2.85476971860408, 40.116653976905177 ], [ -2.834714642026966, 40.121523765865028 ], [ -2.827733370390067, 40.145622109978135 ], [ -2.806975755340481, 40.141859143830992 ], [ -2.785896497964425, 40.15385936407462 ], [ -2.76398377593238, 40.140082806382352 ], [ -2.767869663503758, 40.132623640248852 ], [ -2.73991556301304, 40.126334506563516 ], [ -2.7198992879565, 40.099616314822349 ], [ -2.701010591981149, 40.098310471524741 ], [ -2.700967889901101, 40.080834785634764 ], [ -2.680373998269526, 40.081140601874019 ], [ -2.667075843746334, 40.070350959284596 ], [ -2.657281947140541, 40.079078073963835 ], [ -2.643311670347986, 40.074208569496108 ], [ -2.638957984739736, 40.085077729678012 ], [ -2.621679212420176, 40.080796594420946 ], [ -2.609878133600462, 40.090519504899142 ], [ -2.620246828522409, 40.095995713456688 ], [ -2.615483407537155, 40.105853284681643 ], [ -2.608302777282162, 40.109282649720285 ], [ -2.600159349382255, 40.10038251320757 ], [ -2.585374652636129, 40.105759006353168 ], [ -2.589606551122123, 40.110530601264195 ], [ -2.581437703143741, 40.12389854496557 ], [ -2.576020749802505, 40.116030200281394 ], [ -2.548809919923801, 40.111682145809489 ], [ -2.520801277457007, 40.114997297948456 ], [ -2.48099352132081, 40.100639830885939 ], [ -2.463583843280091, 40.084488618660657 ], [ -2.446927262299215, 40.086566049429102 ], [ -2.399685318308698, 40.063716804660366 ], [ -2.34384871549513, 40.053412022884288 ], [ -2.343467750911051, 40.041995589571187 ], [ -2.353660437010254, 40.037638597943811 ], [ -2.348632177565663, 40.026508249957658 ], [ -2.365033865750358, 40.008277294900459 ], [ -2.36005012285146, 39.993229363258692 ], [ -2.378656536091028, 39.983698629912226 ], [ -2.378703783995412, 39.973900443166571 ], [ -2.393360681790371, 39.963903866634496 ], [ -2.408091108014284, 39.964692478786951 ], [ -2.412049528139331, 39.950214356533778 ], [ -2.442842897236615, 39.94184336084507 ], [ -2.459150111467622, 39.950078914890156 ], [ -2.477477675400222, 39.931039713821747 ], [ -2.476297647226214, 39.917891653581776 ], [ -2.485847520884659, 39.914277585283237 ], [ -2.473387851425, 39.905346494440352 ], [ -2.481853951323587, 39.889312975597072 ], [ -2.476437586075687, 39.878529920556581 ], [ -2.451883694074572, 39.848858381683179 ], [ -2.455298998450946, 39.838749359122168 ], [ -2.46697328102973, 39.839110587090239 ], [ -2.475618395808046, 39.828929308191938 ], [ -2.473664267661144, 39.820854204555445 ], [ -2.403640415904525, 39.718542555760948 ], [ -2.406948049904394, 39.709227986196666 ], [ -2.432147623697654, 39.703567682104413 ], [ -2.444899690764478, 39.692079307469562 ], [ -2.401411676563733, 39.673071724991146 ], [ -2.381892218560194, 39.684167838126378 ], [ -2.359199251213671, 39.684311716080799 ], [ -2.341279233275262, 39.673265193980328 ], [ -2.332854079950361, 39.680101415924739 ], [ -2.324268664771832, 39.670203067918784 ], [ -2.293577768879793, 39.66621904591539 ], [ -2.29479701596984, 39.654062500262476 ], [ -2.26208668237543, 39.624200681166386 ], [ -2.243367540294816, 39.589368074274333 ], [ -2.198938584644372, 39.568139447701917 ], [ -2.190110252096432, 39.535788156323115 ], [ -2.173699417444916, 39.530360940086801 ], [ -2.182415728110173, 39.52361076118774 ], [ -2.184999312836218, 39.504347435283947 ], [ -2.156830532324943, 39.490557185417558 ], [ -2.153791850650227, 39.476980964852892 ], [ -2.163357913764106, 39.461910854533279 ], [ -2.215773579658928, 39.45474576469794 ], [ -2.206421843792891, 39.440608242730349 ], [ -2.220630691016907, 39.424947138207905 ], [ -2.260773314947921, 39.430524418648908 ], [ -2.283243603745806, 39.420367434652341 ], [ -2.28286435267637, 39.405098565250469 ], [ -2.180279445174378, 39.36878973994542 ], [ -2.180606765304796, 39.360222633683044 ], [ -2.196119232150906, 39.334456536600925 ], [ -2.234009136659972, 39.312328336597112 ], [ -2.242878768633905, 39.294437670305051 ], [ -2.231493253277943, 39.287875574252652 ], [ -2.267333982349367, 39.284646735672069 ], [ -2.259296391919594, 39.272774136904587 ], [ -2.266067326357501, 39.259409432576255 ], [ -2.300140962379834, 39.255114066221779 ], [ -2.343047793138842, 39.227791989131845 ], [ -2.327322116832517, 39.219736728006495 ], [ -2.335565463209831, 39.215314790177331 ], [ -2.330524764786872, 39.204545127354699 ], [ -2.346021582743509, 39.19201823621286 ], [ -2.349694151182042, 39.170485078769431 ], [ -2.383776435468669, 39.16493970949503 ], [ -2.397382258557253, 39.171138316344688 ], [ -2.411825619565461, 39.15133666813324 ], [ -2.408572428832582, 39.14089291677324 ], [ -2.423339888417371, 39.108396798227744 ], [ -2.443535031591487, 39.095533395659565 ], [ -2.45200012192164, 39.079593826360302 ], [ -2.439889762221402, 39.061998051422115 ], [ -2.456170655191347, 39.03489951834203 ], [ -2.426444474015656, 39.013072427192455 ], [ -2.420661056643397, 38.980598294537195 ], [ -2.428782431912177, 38.965274165054012 ], [ -2.449049741387101, 38.971100862889173 ], [ -2.447694969782062, 38.956799335547743 ], [ -2.472317115590862, 38.948618124594162 ], [ -2.470663303960253, 38.938218493232142 ], [ -2.449571307046566, 38.927446086477509 ], [ -2.460239548489018, 38.908182857031832 ], [ -2.44566242202908, 38.88307706374971 ], [ -2.467544544386545, 38.863622697728857 ], [ -2.484210031674445, 38.811410876063292 ], [ -2.501803594826294, 38.810901288267708 ], [ -2.520730429166191, 38.795813990288075 ], [ -2.485504991657482, 38.783385387169375 ], [ -2.495801174361412, 38.768200642286445 ], [ -2.51435517155199, 38.760419815735688 ], [ -2.509844741622502, 38.741681425869274 ], [ -2.501341114863578, 38.736617734862875 ], [ -2.53372752006959, 38.728824550612615 ], [ -2.538701822900975, 38.711158856391364 ], [ -2.594382222237186, 38.719432195985746 ], [ -2.612542059571069, 38.735868676346684 ], [ -2.625751160281936, 38.734773815437393 ], [ -2.639013666515268, 38.72007638165627 ], [ -2.671935726707204, 38.713452167029686 ], [ -2.6734036459398, 38.702137007743659 ], [ -2.696935146464966, 38.699637674812152 ], [ -2.709680830982961, 38.688025563281485 ], [ -2.726074513792071, 38.69156484232326 ], [ -2.760636317756507, 38.674062677591508 ], [ -2.794876968962285, 38.646754580633569 ], [ -2.823948481944797, 38.638799435163378 ], [ -2.851150682683112, 38.617976746812758 ], [ -2.868834965278666, 38.616039873244006 ], [ -2.938326491705823, 38.646175860176584 ], [ -2.96470532050057, 38.636514262013634 ], [ -3.012600547718364, 38.651314076816504 ], [ -3.026620998197416, 38.641790717576782 ], [ -3.046781545902661, 38.644580258763256 ], [ -3.062254602209634, 38.629591767658098 ], [ -3.079522672672965, 38.633075401125666 ], [ -3.107612826589445, 38.605009399563073 ], [ -3.135163032599849, 38.608924036800886 ], [ -3.138571703533216, 38.597963364154623 ], [ -3.148433685828081, 38.599629125735873 ], [ -3.156767630286026, 38.589013821127025 ], [ -3.152731670000549, 38.576393777912131 ], [ -3.133698248537371, 38.577113605787872 ], [ -3.143554971762626, 38.562594170424859 ], [ -3.138756040954604, 38.546249610148436 ], [ -3.158913854936827, 38.550310465385223 ], [ -3.179765941201765, 38.533443864134995 ], [ -3.228459700660665, 38.541690350280874 ], [ -3.258448025747498, 38.526524751124441 ], [ -3.29174228529007, 38.534691727911763 ], [ -3.34177673086549, 38.532416843255646 ], [ -3.354609836664054, 38.556589473003953 ], [ -3.381953627865755, 38.560049461656718 ], [ -3.406974163921234, 38.576246779326254 ], [ -3.406593693268974, 38.56692423520127 ], [ -3.415595967278421, 38.566050175054215 ], [ -3.425542316215513, 38.548656906709482 ], [ -3.428709147860332, 38.529097635489734 ], [ -3.459457901086921, 38.523788402450748 ], [ -3.467308025822661, 38.502089237795815 ], [ -3.490502121331076, 38.512902537835146 ], [ -3.534338644827756, 38.497152360363089 ], [ -3.541765792177557, 38.485446254009673 ], [ -3.547860783015665, 38.487803474806867 ], [ -3.547051018872821, 38.505673475769584 ], [ -3.574519373057456, 38.519971645118915 ], [ -3.573971177151691, 38.545538233391653 ], [ -3.591924795603973, 38.554252294324385 ], [ -3.582504597474951, 38.567385570917224 ], [ -3.613111844456739, 38.592497803023093 ], [ -3.63482504980982, 38.596782695400179 ], [ -3.647007989054828, 38.627464325903645 ], [ -3.678281120785357, 38.645782380268201 ], [ -3.79636256275478, 38.633392597750401 ], [ -3.797712475620244, 38.645223184179656 ], [ -3.812282380672741, 38.651414318596494 ], [ -3.831667990915321, 38.675404413333013 ], [ -3.844322072993577, 38.673855234982796 ], [ -3.850181138879577, 38.683367112735652 ], [ -3.867972313485211, 38.686010710080041 ], [ -3.909670237963098, 38.681037272408048 ], [ -3.915008754305063, 38.686371815363316 ], [ -3.90914055364243, 38.690976145278512 ], [ -3.920109284424029, 38.695298927433669 ], [ -3.981604268140472, 38.688962129511197 ], [ -3.980795902228806, 38.695651561032264 ], [ -3.991762983897047, 38.69941878862312 ], [ -4.014090215669285, 38.685380721444574 ], [ -4.062055537163417, 38.701101603364009 ], [ -4.18356261435008, 38.686231117683519 ], [ -4.23551074844471, 38.697825262677611 ], [ -4.256595544452864, 38.695491550813699 ], [ -4.262857381875506, 38.68671331192769 ], [ -4.343801928219762, 38.705368472879002 ], [ -4.349777740906745, 38.684262795220434 ], [ -4.341598004030004, 38.680062083664779 ], [ -4.351702816031661, 38.67754063122328 ], [ -4.345591025551641, 38.667132296719672 ], [ -4.353184056301586, 38.659282819604073 ], [ -4.342207649612305, 38.65393343647861 ], [ -4.345143024589106, 38.638355071791693 ], [ -4.410708905650779, 38.611959430093179 ], [ -4.434264436256569, 38.583204261959452 ], [ -4.449321780742025, 38.583539786729204 ], [ -4.461879438228095, 38.562160508784416 ], [ -4.502281434905626, 38.567318944058172 ], [ -4.488421298711671, 38.556783392857483 ], [ -4.497846603844835, 38.543381935205787 ], [ -4.493388335917302, 38.539210654129135 ], [ -4.408603028438847, 38.508379430873106 ], [ -4.411166871200805, 38.498610753886339 ], [ -4.401376905881818, 38.490295040318983 ], [ -4.406762935567542, 38.479055397790489 ], [ -4.387772028147594, 38.466224673815304 ], [ -4.395678373593569, 38.455022430023348 ], [ -4.37321691922989, 38.454473426201162 ], [ -4.369890629422912, 38.441618450785484 ], [ -4.345597111990003, 38.43247256589234 ], [ -4.352695191071291, 38.421923854247495 ], [ -4.34784333773149, 38.402253670071445 ], [ -4.388269995127928, 38.365694889506642 ], [ -4.393348990718778, 38.349639281097666 ], [ -4.379000550917794, 38.337035529290802 ], [ -4.379535689546231, 38.323636069874112 ], [ -4.391340314110892, 38.316559534466819 ], [ -4.387837221693587, 38.307699744276817 ], [ -4.401329498541543, 38.285281434970273 ], [ -4.445475645890497, 38.298375296414065 ], [ -4.477077371658766, 38.288606972459547 ], [ -4.492889546030312, 38.296204722149071 ], [ -4.525096782898629, 38.291628078890369 ], [ -4.539280679820081, 38.296034601353199 ], [ -4.566631806533053, 38.329755980910022 ], [ -4.586075666894601, 38.325954924090297 ], [ -4.629222689921107, 38.337055245224406 ], [ -4.660006005892569, 38.324242547685003 ], [ -4.681475740693315, 38.329837723393723 ], [ -4.694368809948855, 38.343031719490966 ], [ -4.73862069953185, 38.32754272833165 ], [ -4.744895836851015, 38.314084915088984 ], [ -4.787910124864368, 38.311563953404402 ], [ -4.807081954392174, 38.326081574002217 ], [ -4.840339126622723, 38.323114297288441 ], [ -4.870627471824662, 38.330594460608836 ], [ -4.878284086420422, 38.354211813261372 ], [ -4.898351103741845, 38.36382337915586 ], [ -4.928030074363335, 38.362896537014365 ], [ -4.936487759375666, 38.350857375855128 ], [ -4.954994039251574, 38.375910843581323 ], [ -4.968446790580231, 38.381410334854365 ], [ -4.995215497364939, 38.366114438531326 ], [ -5.023324333866356, 38.374082622264268 ], [ -5.048607522523923, 38.363097753618092 ], [ -5.062758871419817, 38.349059196267547 ], [ -5.048986079853478, 38.322335635123466 ], [ -5.070809185945734, 38.313215911221732 ], [ -5.072949050999171, 38.301232109857835 ], [ -5.134686158897523, 38.3468935741937 ], [ -5.148271528381031, 38.33660440596816 ], [ -5.172984569908408, 38.341621534242563 ], [ -5.186151355977529, 38.357170709830427 ], [ -5.216313140559691, 38.366620640264841 ], [ -5.225329521018921, 38.352528178278874 ], [ -5.266523392289571, 38.354223812953819 ], [ -5.332913990556904, 38.389335372153482 ], [ -5.37151168015771, 38.389082903443921 ], [ -5.411745610534354, 38.411432730294109 ], [ -5.450209340533831, 38.363417427922343 ], [ -5.480670719731961, 38.349369699419071 ], [ -5.484589012000924, 38.322974959451869 ], [ -5.514680151612083, 38.30529624900754 ], [ -5.516377953935262, 38.289235043903659 ], [ -5.48019362060154, 38.264565468076569 ], [ -5.487397939588334, 38.253153440195092 ], [ -5.483072278042584, 38.246025913884068 ], [ -5.503384314272637, 38.233370099700437 ], [ -5.547847214044509, 38.266273683550878 ], [ -5.550225484293946, 38.278423075097919 ], [ -5.566886770153815, 38.290026609619417 ], [ -5.629147038698648, 38.315714707944835 ], [ -5.657418091365514, 38.316824331301802 ], [ -5.690378164585866, 38.301542592462113 ], [ -5.711592734157477, 38.305008901783253 ], [ -5.737741119747, 38.272582252914674 ], [ -5.776152485406101, 38.267208242863092 ], [ -5.778790734460244, 38.255650311575323 ], [ -5.797165517866233, 38.247058441773959 ], [ -5.805409533580814, 38.224777618147471 ], [ -5.83628619951503, 38.220109468631108 ], [ -5.861850422460179, 38.198598178482484 ], [ -5.900651608182727, 38.209066871951222 ], [ -5.931704071027525, 38.177785168445666 ], [ -5.956749736892903, 38.190105298195306 ], [ -5.974400414542572, 38.188643183671957 ], [ -6.017356479062585, 38.223635564505457 ], [ -6.050206011560135, 38.234465021390633 ], [ -6.051099454118742, 38.249860936899665 ], [ -6.10907850277755, 38.290871528764001 ], [ -6.127837219914966, 38.286091535396508 ], [ -6.138104423470224, 38.272162579962469 ], [ -6.178330967878253, 38.277664679339239 ], [ -6.20289568670114, 38.291512081071005 ], [ -6.229514450112674, 38.291286128875072 ], [ -6.231068259506912, 38.283009814032141 ], [ -6.292055774118523, 38.263659929044877 ], [ -6.268349504579362, 38.204848723031319 ], [ -6.268576127582151, 38.189822262477946 ], [ -6.284002768136816, 38.181793715174877 ], [ -6.266658363154193, 38.135701314204766 ], [ -6.276512317611207, 38.128265780161371 ], [ -6.277745728954471, 38.104341646332671 ], [ -6.266800563501249, 38.093405490047246 ], [ -6.27856615565571, 38.077703520533987 ], [ -6.274171689537241, 38.054059565362479 ], [ -6.296379397677242, 38.05121613245808 ], [ -6.325478525031087, 38.061533779959063 ], [ -6.348889157199721, 38.045397213960769 ], [ -6.39238191628931, 38.047780682312009 ], [ -6.46552582060923, 38.085657940338081 ], [ -6.478036809685534, 38.084511529960423 ], [ -6.492775020319243, 38.098309383852211 ], [ -6.528002819950132, 38.100388704314355 ], [ -6.541572938072477, 38.089883028405552 ], [ -6.530103829582629, 38.081519689830827 ], [ -6.531752383946014, 38.06799023999497 ], [ -6.574071746814354, 38.064595277927083 ], [ -6.587184224571672, 38.039526457912189 ], [ -6.634418484530556, 38.033267541210819 ], [ -6.630578751379858, 38.02219858182707 ], [ -6.642450370712197, 38.002090580709591 ], [ -6.658852939459166, 37.98301939119591 ], [ -6.674923825348174, 37.976939152170758 ], [ -6.676897287290501, 37.963463900618649 ], [ -6.691896407154672, 37.952533130869597 ], [ -6.686537759412886, 37.930608394830983 ], [ -6.662188693302028, 37.918932686101186 ], [ -6.658853511751343, 37.886811917096665 ] ] ] } },
{ "type": "Feature", "properties": { "CodDemarc": "ES060", "Nombre": "CUENCAS MEDITERRÁNEAS ANDALUZAS" }, "geometry": { "type": "Polygon", "coordinates": [ [ [ -2.355707137404133, 37.546929422377346 ], [ -2.310936901871343, 37.557675319355624 ], [ -2.269164151055759, 37.557188046348514 ], [ -2.263272515265622, 37.549538900603551 ], [ -2.245626231781965, 37.557772443106813 ], [ -2.214009038007617, 37.552870367469758 ], [ -2.174744401781891, 37.586772527194178 ], [ -2.138396356534625, 37.557308144694254 ], [ -2.125530205695501, 37.573791759937585 ], [ -2.102634217960271, 37.58509267966528 ], [ -2.064407803991988, 37.589969131154191 ], [ -2.030127472178817, 37.580207136769594 ], [ -2.010121485786242, 37.558765478041352 ], [ -1.975966579260547, 37.55479204570846 ], [ -1.932557504498019, 37.537030637085266 ], [ -1.915620781872505, 37.487101114507119 ], [ -1.891514555656857, 37.476240774963394 ], [ -1.869408097199462, 37.4432348160746 ], [ -1.8686637352755, 37.413990243936802 ], [ -1.85224121360653, 37.384080900107584 ], [ -1.860624404289461, 37.362621767715851 ], [ -1.826532542314967, 37.35035505441865 ], [ -1.820773338261638, 37.310997002969636 ], [ -1.804212696506664, 37.299199311916105 ], [ -1.801501906735398, 37.278382032092111 ], [ -1.782545020607877, 37.260219288642965 ], [ -1.776019174565079, 37.238709752566834 ], [ -1.74840946902222, 37.268423288854891 ], [ -1.70487923349012, 37.24122257878949 ], [ -1.797701508166369, 37.172186297721453 ], [ -1.887415716453802, 36.927229918393209 ], [ -2.044127695115378, 36.767384251981071 ], [ -2.107928400515846, 36.721400049947022 ], [ -2.182845837356808, 36.702679044360025 ], [ -2.770798382669625, 36.664368906567233 ], [ -3.209685684560725, 36.727857842196045 ], [ -3.418519180788167, 36.677531953834716 ], [ -3.958009420340773, 36.709690633102014 ], [ -4.099346218227993, 36.708478781952806 ], [ -4.632649731966183, 36.491139158152123 ], [ -4.708823038519142, 36.470665070752204 ], [ -4.998144572645685, 36.442945931919098 ], [ -5.29503597367767, 36.227133910000191 ], [ -5.316178737382018, 36.168008479180628 ], [ -5.321851574206903, 36.113354838357111 ], [ -5.331872701014106, 36.096372141778147 ], [ -5.363664466407727, 36.097845041494622 ], [ -5.383926969285767, 36.128109131318013 ], [ -5.386591224752237, 36.150452887023391 ], [ -5.399073968093944, 36.160105564866512 ], [ -5.411253428938096, 36.157992931666968 ], [ -5.397400822008478, 36.135962978606585 ], [ -5.397743404065238, 36.112773932420396 ], [ -5.41266993741857, 36.096248834474579 ], [ -5.402898142377239, 36.070644525004582 ], [ -5.457879099670777, 36.033904413430719 ], [ -5.473212334050459, 36.029340808863935 ], [ -5.512412903999859, 36.061109733000137 ], [ -5.518432746999849, 36.088553554000043 ], [ -5.53945350399988, 36.108797302000085 ], [ -5.570020942999861, 36.109031926000114 ], [ -5.603885657999911, 36.124564317000193 ], [ -5.596828899999934, 36.152995776000068 ], [ -5.608544682999934, 36.163752525000064 ], [ -5.606629132999899, 36.174458791 ], [ -5.658687029999953, 36.206527539000092 ], [ -5.653107565999903, 36.216779497000118 ], [ -5.635916620999922, 36.216184046000137 ], [ -5.655261420999864, 36.249896199000148 ], [ -5.645804257999941, 36.267257079000046 ], [ -5.650287847999948, 36.274663036000106 ], [ -5.626582228999951, 36.296884542000157 ], [ -5.618851233999862, 36.316970087000186 ], [ -5.596002383999917, 36.329651900000101 ], [ -5.590331971999888, 36.360041885000044 ], [ -5.581865562999894, 36.361006044000192 ], [ -5.587809866999862, 36.398672908000094 ], [ -5.583232682999949, 36.407014090000132 ], [ -5.571868561999906, 36.406793175000075 ], [ -5.574290886999961, 36.419653720000042 ], [ -5.56270689899992, 36.449018225000088 ], [ -5.58567049099986, 36.454549750000069 ], [ -5.599983792999922, 36.477051394000057 ], [ -5.591384902999891, 36.499001339000131 ], [ -5.608079799999928, 36.512146947000133 ], [ -5.612914271999898, 36.541324533000079 ], [ -5.598295521999944, 36.563879801000041 ], [ -5.52974695599994, 36.576079103000097 ], [ -5.503011435999952, 36.600819466000132 ], [ -5.500262240999916, 36.615024527000173 ], [ -5.48689498199991, 36.615673746000141 ], [ -5.474529565999944, 36.6013330830001 ], [ -5.463731230999883, 36.621393458000171 ], [ -5.439369889999853, 36.613593974000196 ], [ -5.427875304999873, 36.619364733999987 ], [ -5.420034765999958, 36.610202819000165 ], [ -5.404462172999956, 36.630609646000153 ], [ -5.379671439999925, 36.620929735000061 ], [ -5.364027612999905, 36.639460512000085 ], [ -5.352545544999941, 36.638038470000197 ], [ -5.323846279999884, 36.653396317000158 ], [ -5.273964800999863, 36.713389286000051 ], [ -5.283504205999918, 36.719069576000038 ], [ -5.299312095999937, 36.712129548000121 ], [ -5.293957728999942, 36.724591763000149 ], [ -5.301788316999932, 36.731515692000073 ], [ -5.3311995709999, 36.730210962000115 ], [ -5.366114896999932, 36.702896035000038 ], [ -5.382815380999887, 36.708470772000055 ], [ -5.400679117999914, 36.69800186700013 ], [ -5.367933361999917, 36.750562031000072 ], [ -5.358058754999945, 36.742847211000196 ], [ -5.344928824999897, 36.756046739000055 ], [ -5.330717219999883, 36.753651425000101 ], [ -5.313124443999868, 36.767867684000123 ], [ -5.27835614199995, 36.764593213000182 ], [ -5.273025764999886, 36.774983361000125 ], [ -5.278273253999942, 36.788963255000056 ], [ -5.247399515999916, 36.787342458000126 ], [ -5.250769256999945, 36.804254441000126 ], [ -5.226564337999946, 36.797939167000038 ], [ -5.217411071999948, 36.787736327000118 ], [ -5.192192279999858, 36.791448481000145 ], [ -5.167059726999867, 36.826503111000136 ], [ -5.12650534799991, 36.840754823 ], [ -5.120415651999906, 36.850964856000076 ], [ -5.103831492999916, 36.837377234000087 ], [ -5.080143220999958, 36.838546591000124 ], [ -5.058610209999927, 36.82795341200017 ], [ -5.05252991899988, 36.843927294000082 ], [ -5.038814503999959, 36.847714413000119 ], [ -5.075946435999924, 36.852004297000178 ], [ -5.063755645999947, 36.865470205000065 ], [ -5.070354755999915, 36.869521727000063 ], [ -5.084016233999932, 36.871747437000181 ], [ -5.093168255822206, 36.862277275418137 ], [ -5.086266384999192, 36.882715019227817 ], [ -5.057802463445626, 36.901382903921387 ], [ -5.047407628466885, 36.944571842101311 ], [ -5.06292957581627, 36.960513406279517 ], [ -5.036931465457712, 36.993060674532842 ], [ -5.064468256536713, 37.018373661877661 ], [ -5.063913230959145, 37.029060277323367 ], [ -5.051528514614404, 37.031167126329876 ], [ -5.049982876918989, 37.043946101091308 ], [ -5.022690330120042, 37.044078801327146 ], [ -5.021284354569161, 37.051838119929187 ], [ -5.005440142494081, 37.050676725003882 ], [ -4.999356619887919, 37.058576473877793 ], [ -4.98376230686938, 37.060402211203211 ], [ -4.980921718349521, 37.054189740678169 ], [ -4.949666286430897, 37.060424734351557 ], [ -4.947610239738367, 37.07466289795525 ], [ -4.925647677869563, 37.093305829654071 ], [ -4.863387765026005, 37.107999725930313 ], [ -4.82767895296297, 37.139515576432245 ], [ -4.789492521528018, 37.145421947615887 ], [ -4.783627702703825, 37.153762702388406 ], [ -4.791811943582502, 37.167557940413758 ], [ -4.780277682629162, 37.18281161074168 ], [ -4.760903589148427, 37.176872106422707 ], [ -4.742491453568164, 37.181243230161954 ], [ -4.717595367041326, 37.193548578358332 ], [ -4.713533838960075, 37.203246734585036 ], [ -4.621408150661523, 37.155062757387384 ], [ -4.586977244631498, 37.166805199021894 ], [ -4.576801173917943, 37.188627849697525 ], [ -4.555765824870775, 37.206287869313826 ], [ -4.523639721731797, 37.197656475168799 ], [ -4.508277636822754, 37.176853595757507 ], [ -4.517512312906831, 37.169306877343956 ], [ -4.513418004223581, 37.158558336839008 ], [ -4.502555879182694, 37.149204729074256 ], [ -4.463528831713688, 37.154269990863099 ], [ -4.444805253352627, 37.146880887556847 ], [ -4.427053063910023, 37.152875990735538 ], [ -4.381356312994114, 37.149281194570619 ], [ -4.359495928464526, 37.168507056888757 ], [ -4.36376395236266, 37.184263887510554 ], [ -4.351053522691132, 37.182668272243063 ], [ -4.330259399560646, 37.153058579554624 ], [ -4.321125615473704, 37.150967246312746 ], [ -4.331216442434766, 37.136056745050439 ], [ -4.318651632666388, 37.11891611887728 ], [ -4.303584866473159, 37.127257796982519 ], [ -4.289313075925179, 37.095751643816982 ], [ -4.270769368600213, 37.096787437909427 ], [ -4.262907409047045, 37.08778387703785 ], [ -4.257970140471741, 37.075020170737446 ], [ -4.270448198992426, 37.054527117970167 ], [ -4.255912576017636, 37.043675979107832 ], [ -4.232890028374356, 37.038880319219459 ], [ -4.179974854237855, 37.051858614952152 ], [ -4.166568897327409, 37.058840803876933 ], [ -4.164683909409746, 37.072857308669654 ], [ -4.152781266651061, 37.075425846314999 ], [ -4.147020578937884, 37.054463392587479 ], [ -4.118251516335249, 37.041733966587458 ], [ -4.116844476807671, 37.014841962321384 ], [ -4.095617720135579, 37.013757536600394 ], [ -4.078263011082072, 36.999426937613123 ], [ -4.078071283304155, 36.97736590172633 ], [ -4.029961252262751, 36.977177891608108 ], [ -3.989403675663482, 36.947716875334265 ], [ -3.991098327119005, 36.926269533072798 ], [ -4.024580990301558, 36.899881812978094 ], [ -4.000951222239394, 36.890769653497614 ], [ -3.929439903392336, 36.888995733609647 ], [ -3.918955691774897, 36.868508563829096 ], [ -3.890570870239173, 36.867436155756025 ], [ -3.869878611222191, 36.853509036918638 ], [ -3.831171993002158, 36.855920773008904 ], [ -3.797022715059597, 36.832184747871338 ], [ -3.781120707507512, 36.843621279974002 ], [ -3.769236059268849, 36.872075750461249 ], [ -3.724462638138618, 36.871695066828181 ], [ -3.728476947272725, 36.892285970526189 ], [ -3.71360902325813, 36.913493806283611 ], [ -3.719304618480521, 36.931778082564733 ], [ -3.715108158092789, 36.942514767925218 ], [ -3.696780842579813, 36.946317729827797 ], [ -3.721889760421277, 36.968610231888078 ], [ -3.721667239342651, 37.011693800960984 ], [ -3.701861941088339, 37.012189580663062 ], [ -3.695993465766151, 37.017812761495122 ], [ -3.699688719170979, 37.02874173619972 ], [ -3.662826140771472, 37.033991479924623 ], [ -3.661129893226359, 37.045197030679844 ], [ -3.644524947776176, 37.050054738786002 ], [ -3.623793250697418, 37.04871470995073 ], [ -3.611685271149952, 37.039234351823552 ], [ -3.566339190962367, 37.040111981332188 ], [ -3.532699456456896, 37.051933417558189 ], [ -3.478447630583958, 37.045877085936922 ], [ -3.434280304802257, 37.055740564697942 ], [ -3.419113157303627, 37.052757722838578 ], [ -3.408706267973685, 37.037654601010559 ], [ -3.365142640666363, 37.056173431301659 ], [ -3.311929806413843, 37.053215210355063 ], [ -3.269664620562764, 37.114801551218591 ], [ -3.241079997641009, 37.112566207628504 ], [ -3.222294665460367, 37.09560707134068 ], [ -3.200025009320314, 37.090402195300499 ], [ -3.134384675820911, 37.096798575546245 ], [ -3.119769167973061, 37.09208893672934 ], [ -3.101491068545499, 37.100887317851459 ], [ -3.074979013895131, 37.091010178474676 ], [ -3.053265202090074, 37.092828452924437 ], [ -3.025979058642065, 37.116434758673904 ], [ -2.995943807346464, 37.09606868886641 ], [ -2.988030502944866, 37.118259209028054 ], [ -2.992753543459514, 37.141129445054673 ], [ -2.98139379373049, 37.143540000527196 ], [ -2.968505059293875, 37.16778178749081 ], [ -2.950084609658006, 37.180760864243894 ], [ -2.940593531912725, 37.21081358748097 ], [ -2.928101636876988, 37.22376157138774 ], [ -2.928492898705258, 37.253264713426461 ], [ -2.915918609308676, 37.270495803220797 ], [ -2.927022804746855, 37.294962601468114 ], [ -2.917490854938535, 37.308485921124543 ], [ -2.923604913663894, 37.319592505713445 ], [ -2.916792342574865, 37.323472968444889 ], [ -2.877024883024092, 37.303982713490939 ], [ -2.860608828003592, 37.311678695953049 ], [ -2.852214176005077, 37.292689356837002 ], [ -2.832212870234173, 37.288016958474032 ], [ -2.814500630621637, 37.270989261370289 ], [ -2.778839369103139, 37.262643062362486 ], [ -2.779598509156187, 37.251166453549331 ], [ -2.759651734198087, 37.228118155749257 ], [ -2.746970787625457, 37.226900199971794 ], [ -2.73253671976363, 37.237365760206046 ], [ -2.6922541104571, 37.217318518646778 ], [ -2.659923256705326, 37.212035153318993 ], [ -2.665618560769303, 37.28564744760115 ], [ -2.650891083099623, 37.312662413015914 ], [ -2.654027446568648, 37.34071577372697 ], [ -2.636900390572123, 37.345079918955093 ], [ -2.634813840705021, 37.364863537055612 ], [ -2.644285835023254, 37.389661782019402 ], [ -2.633623279015978, 37.412618309986158 ], [ -2.610317798978201, 37.42836077521514 ], [ -2.574986540544103, 37.434653669587703 ], [ -2.566725530529766, 37.447750810175762 ], [ -2.530944372792874, 37.46491603801843 ], [ -2.525251879703603, 37.480108017987732 ], [ -2.511601194238722, 37.484530464732188 ], [ -2.473494198642925, 37.471278450490672 ], [ -2.462675855435862, 37.455821328142918 ], [ -2.444748866892553, 37.459120138592425 ], [ -2.455565419353547, 37.471477688340883 ], [ -2.449175753918212, 37.476317089337783 ], [ -2.459146151181301, 37.481778484705387 ], [ -2.460293869226803, 37.507542564810308 ], [ -2.423199977019976, 37.512851824365839 ], [ -2.410524416841952, 37.52511263945263 ], [ -2.396904601008885, 37.512968844527222 ], [ -2.384597199773111, 37.523831489125257 ], [ -2.363110766136742, 37.519549279343323 ], [ -2.357073531334947, 37.522622079328812 ], [ -2.355707137404133, 37.546929422377346 ] ], [ [ -5.339116828519252, 36.15292990318477 ], [ -5.367703540217065, 36.142205177288076 ], [ -5.345877996840386, 36.108985335277566 ], [ -5.339116828519252, 36.15292990318477 ] ] ] } },
{ "type": "Feature", "properties": { "CodDemarc": "ES100", "Nombre": "DISTRITO DE CUENCA FLUVIAL DE CATALUÑA" }, "geometry": { "type": "MultiPolygon", "coordinates": [ [ [ [ 0.514715770493897, 40.523078095985902 ], [ 0.481263550026987, 40.542731302648804 ], [ 0.483847035189975, 40.549532962894858 ], [ 0.473186462587325, 40.554081189969892 ], [ 0.47686624715838, 40.574671513279178 ], [ 0.492406290238347, 40.58687728099904 ], [ 0.52131181222556, 40.587525651444444 ], [ 0.521965283789207, 40.604926176001875 ], [ 0.542778424487341, 40.631986794088974 ], [ 0.584741718430442, 40.627050082850367 ], [ 0.584436442305316, 40.619588500539059 ], [ 0.596574237099672, 40.616225551296075 ], [ 0.604624883993881, 40.609061857246047 ], [ 0.590540864151211, 40.612982144084611 ], [ 0.547898891877185, 40.57432711689853 ], [ 0.55642826843138, 40.571483825123856 ], [ 0.538259680634324, 40.567662715379996 ], [ 0.514715770493897, 40.523078095985902 ] ] ], [ [ [ 0.699521594100152, 40.802876416415103 ], [ 0.650342419377151, 40.821825041996384 ], [ 0.637987963074054, 40.838486868501981 ], [ 0.662075141976059, 40.868782762758734 ], [ 0.65247323517049, 40.894606435994042 ], [ 0.671582508983753, 40.893494601802097 ], [ 0.68237759929605, 40.898040366057209 ], [ 0.682674110082337, 40.907641478047609 ], [ 0.699223041723893, 40.909345942916971 ], [ 0.689716665457189, 40.92068590029232 ], [ 0.70463667546413, 40.932793157353601 ], [ 0.69472848070308, 40.950861059459129 ], [ 0.705524673403989, 40.956451246773888 ], [ 0.684068168407909, 40.969723230267753 ], [ 0.689394222194732, 40.983257927658101 ], [ 0.684424037253145, 40.989709631171038 ], [ 0.719940209860386, 41.014053738142756 ], [ 0.746255057116157, 41.015091005170497 ], [ 0.747547559004868, 41.029814007115398 ], [ 0.780553280763972, 41.029166730792184 ], [ 0.805584652369474, 41.053635898714404 ], [ 0.847699167883076, 41.068318922258428 ], [ 0.847036078565177, 41.081472161841248 ], [ 0.862377409579747, 41.090118538058576 ], [ 0.868128849777066, 41.107115897394934 ], [ 0.894630623012386, 41.117191509365874 ], [ 0.888726420305626, 41.136087154631674 ], [ 0.905889263632629, 41.165091228097118 ], [ 0.901482071837855, 41.174374430647099 ], [ 0.931004627137899, 41.194156108758868 ], [ 0.920721289235619, 41.205237326023692 ], [ 0.9229291779702, 41.21648253230272 ], [ 1.023892002978011, 41.260721237964589 ], [ 1.05799006503464, 41.259602274257993 ], [ 1.013208016688268, 41.28958445163827 ], [ 0.993469495816068, 41.290888134237733 ], [ 0.992134549144068, 41.298196719089255 ], [ 1.011728407697619, 41.311417256525203 ], [ 1.00673693951716, 41.317549998139334 ], [ 1.016828003918091, 41.327987261258464 ], [ 1.004012770295807, 41.326018709588396 ], [ 0.956062262080541, 41.353120737296116 ], [ 0.973541544914765, 41.383072939840623 ], [ 1.00249108872092, 41.399431854259682 ], [ 0.999178337912551, 41.416695880199946 ], [ 1.032883926860167, 41.43499553038378 ], [ 1.04461369404359, 41.434107387065353 ], [ 1.079733201388739, 41.463233058664933 ], [ 1.131482212528882, 41.477889005933996 ], [ 1.205650627071651, 41.496051734172624 ], [ 1.25936921955619, 41.488818416262269 ], [ 1.283754480508929, 41.509841894610503 ], [ 1.320520367471258, 41.501898385869843 ], [ 1.327440186885981, 41.517112417436458 ], [ 1.361760437619075, 41.532324797973679 ], [ 1.371721925389747, 41.553771965132036 ], [ 1.397951865130081, 41.562989334673496 ], [ 1.389693701087363, 41.584954118947891 ], [ 1.401317864324241, 41.599221209999968 ], [ 1.398637417053128, 41.612372651526954 ], [ 1.41272516719114, 41.62686571923345 ], [ 1.413765130035018, 41.639870779728035 ], [ 1.424391526164578, 41.645113021855899 ], [ 1.42166481488555, 41.652453486942264 ], [ 1.450721269376489, 41.668260066982519 ], [ 1.444871964188001, 41.672312433208234 ], [ 1.452916786697418, 41.684735351394387 ], [ 1.448452476625178, 41.706734577067344 ], [ 1.465002632951305, 41.702477823338768 ], [ 1.467001618817144, 41.715723202231217 ], [ 1.50193185867116, 41.718885216663473 ], [ 1.501441817062796, 41.73194155112197 ], [ 1.538387206388501, 41.73821828022178 ], [ 1.533335235860013, 41.745232109793704 ], [ 1.54086438794377, 41.75733940846618 ], [ 1.555212381108689, 41.758582641152188 ], [ 1.55759838622689, 41.769891536807755 ], [ 1.575162958396267, 41.771887701295846 ], [ 1.567586694542081, 41.803629684958715 ], [ 1.545543172735064, 41.812547495937999 ], [ 1.534384929729717, 41.833930239367923 ], [ 1.552412335370944, 41.844271081022242 ], [ 1.556186766660955, 41.894017703059561 ], [ 1.497030489593235, 41.920304681343879 ], [ 1.495764999553278, 41.94248460679438 ], [ 1.482466576165605, 41.952060815915175 ], [ 1.490899131720234, 41.972429375003145 ], [ 1.465289903856511, 42.002487715013821 ], [ 1.472568450136988, 42.034091044856439 ], [ 1.487068240133266, 42.047957813104297 ], [ 1.511036785838046, 42.048300455315783 ], [ 1.512950524019172, 42.08866906070331 ], [ 1.545731997685911, 42.105258524134847 ], [ 1.549585387370691, 42.134206080990424 ], [ 1.535473311190493, 42.142044978463701 ], [ 1.537068151086217, 42.161404396388079 ], [ 1.520108189012619, 42.178628497024995 ], [ 1.527789304509872, 42.204488191866986 ], [ 1.5524126369668, 42.210349796297486 ], [ 1.613739314287712, 42.201139495395189 ], [ 1.623599569535307, 42.207213404745126 ], [ 1.627262321421267, 42.23807515842396 ], [ 1.635239191567073, 42.246298658839372 ], [ 1.658381608101203, 42.2533643429976 ], [ 1.689664084015819, 42.248057281587705 ], [ 1.686834478558773, 42.273131311626784 ], [ 1.740995236454792, 42.290954392419778 ], [ 1.826584286507572, 42.299653144765166 ], [ 1.893305211388904, 42.320021525871503 ], [ 1.917833093229961, 42.303615646602935 ], [ 1.935029107531805, 42.302530576072549 ], [ 1.959375105154273, 42.324564912945682 ], [ 1.9888631207132, 42.332299406574073 ], [ 2.023584431490496, 42.355790665512842 ], [ 2.084589841223963, 42.36173601149077 ], [ 2.089426836836445, 42.373848085626456 ], [ 2.116756533569023, 42.383299360314972 ], [ 2.114823454062714, 42.394583583191675 ], [ 2.131771829560881, 42.413971023084599 ], [ 2.167682337771009, 42.424900426670447 ], [ 2.206676519930135, 42.417383779062902 ], [ 2.256929608977028, 42.43873151200382 ], [ 2.291044292353305, 42.422906234672865 ], [ 2.312599910357204, 42.428480876912879 ], [ 2.361162428086937, 42.402761668635556 ], [ 2.432718434300233, 42.393745540812489 ], [ 2.433405327978635, 42.377618986224469 ], [ 2.466222810996355, 42.360699700918346 ], [ 2.480909123312587, 42.340959744122543 ], [ 2.500220632679806, 42.343197828639745 ], [ 2.532797640750325, 42.332925501381993 ], [ 2.552027239118461, 42.342527022456437 ], [ 2.55425626243358, 42.353868126210713 ], [ 2.57068938730233, 42.358226606889218 ], [ 2.671645329310424, 42.340749448212229 ], [ 2.67501565370918, 42.35696443252035 ], [ 2.660729951311981, 42.365952776030333 ], [ 2.651384026017934, 42.386300998573503 ], [ 2.670934889634002, 42.387169788740017 ], [ 2.672083258559494, 42.403460345938619 ], [ 2.733550342838227, 42.424824825042833 ], [ 2.755349948516818, 42.425969116257775 ], [ 2.770497424618761, 42.411619540137409 ], [ 2.79930560285365, 42.418482581176356 ], [ 2.803920521481395, 42.433046761742581 ], [ 2.827304117841233, 42.439270319072818 ], [ 2.839611339520205, 42.459251612071554 ], [ 2.861418922379348, 42.455276839795907 ], [ 2.870332134566981, 42.467718060317125 ], [ 2.918416395895947, 42.456199728704661 ], [ 2.947089620242127, 42.48212305702048 ], [ 2.967417256616003, 42.465421214201044 ], [ 2.988781381698514, 42.47416119481916 ], [ 3.013218986157364, 42.46637107104619 ], [ 3.033241679832949, 42.474867006491912 ], [ 3.085181097687858, 42.425854076352088 ], [ 3.09875710911439, 42.425093027650604 ], [ 3.120932813645529, 42.438238032186639 ], [ 3.209685602597186, 42.434482888960005 ], [ 3.354285201497279, 42.326090002121376 ], [ 3.25515659784814, 41.946552375477054 ], [ 3.242813611860041, 41.934293731278217 ], [ 3.241922658667012, 41.917610286152282 ], [ 3.222810291743229, 41.883986741555169 ], [ 3.203794985602571, 41.874020632732332 ], [ 3.191385738233553, 41.853677037473688 ], [ 3.146089133970876, 41.829099981027625 ], [ 3.113566151506209, 41.825515525313129 ], [ 3.089660544421021, 41.808319965470389 ], [ 3.086061701512461, 41.792510903945796 ], [ 3.064220368454721, 41.769808734584444 ], [ 2.991941605677861, 41.743068101246386 ], [ 2.947516252789296, 41.701285690526134 ], [ 2.836132646899153, 41.674501052852925 ], [ 2.80512032922452, 41.656333425129368 ], [ 2.784824024610826, 41.632552619243832 ], [ 2.584532182485793, 41.568388252269322 ], [ 2.192996424856351, 41.308504399689035 ], [ 2.162805663824951, 41.281143862580748 ], [ 2.030154396018056, 41.250073585896459 ], [ 1.945386012123581, 41.246897599719915 ], [ 1.872575959902625, 41.220793532999508 ], [ 1.812179245229252, 41.216405825148335 ], [ 1.734615585368062, 41.189439973224573 ], [ 1.70300300687342, 41.190759651614115 ], [ 1.661845326787744, 41.1775621331564 ], [ 1.510457516692052, 41.15923177045611 ], [ 1.471043399830611, 41.149040992297813 ], [ 1.405674835394675, 41.116086850739592 ], [ 1.345114673243211, 41.108117611770133 ], [ 1.305691686530148, 41.112031903764866 ], [ 1.266418264124987, 41.09551686522051 ], [ 1.225629624972193, 41.06469361269378 ], [ 1.204161153901314, 41.060998559797085 ], [ 1.000544291602963, 40.823280826450379 ], [ 0.736444509148033, 40.824135845554615 ], [ 0.699521594100152, 40.802876416415103 ] ] ] ] } },
{ "type": "Feature", "properties": { "CodDemarc": "ES091", "Nombre": "EBRO" }, "geometry": { "type": "MultiPolygon", "coordinates": [ [ [ [ 1.986791266813199, 42.475570096337435 ], [ 1.991867009585023, 42.462506291169504 ], [ 2.013496494143404, 42.449855735971838 ], [ 1.983810575539328, 42.446911386575898 ], [ 1.956747370761391, 42.457687583747663 ], [ 1.961841049862501, 42.477795970403868 ], [ 1.978299066277743, 42.485401619806758 ], [ 1.977661571376592, 42.494439897496498 ], [ 1.996926638069253, 42.48843060109192 ], [ 1.986791266813199, 42.475570096337435 ] ] ], [ [ [ 0.604624883993881, 40.609061857246047 ], [ 0.584399744898979, 40.619623761563957 ], [ 0.584555114777931, 40.627143314086169 ], [ 0.544688282889904, 40.632431313128805 ], [ 0.526271953459807, 40.608653054724527 ], [ 0.509461164389993, 40.604193171254991 ], [ 0.480136619170999, 40.617938437085741 ], [ 0.469249950376248, 40.637763642552102 ], [ 0.405193681812422, 40.60512861498357 ], [ 0.318763430356487, 40.616413004503229 ], [ 0.272889794949891, 40.651066637345622 ], [ 0.291113595228692, 40.658455639685442 ], [ 0.282829159881395, 40.672448402092925 ], [ 0.292023374081214, 40.687763050102348 ], [ 0.26166982659979, 40.70637945123233 ], [ 0.26320651863604, 40.731317929522639 ], [ 0.285055099330657, 40.741381278557739 ], [ 0.289774928271785, 40.758518899596382 ], [ 0.256098491354994, 40.759933098882712 ], [ 0.237764417544951, 40.754799239787026 ], [ 0.225553098075991, 40.732795693719247 ], [ 0.168064709850132, 40.715306508393446 ], [ 0.159921968769774, 40.686197267467811 ], [ 0.097986794526779, 40.664310039643247 ], [ 0.100511435579996, 40.655112434054864 ], [ 0.089879886755666, 40.650677969746702 ], [ 0.061736290275456, 40.644201911997847 ], [ 0.015106935619859, 40.647904190323572 ], [ 0.000100524170884, 40.658076032630404 ], [ -0.028270404455569, 40.658281815063077 ], [ -0.061137871697856, 40.671433050885014 ], [ -0.069875625910137, 40.657090062469464 ], [ -0.055961463393921, 40.628142346595979 ], [ -0.028977942422645, 40.615828164574118 ], [ -0.032043290356977, 40.607465490963051 ], [ 0.002451259155457, 40.582300065401533 ], [ 0.000712473370514, 40.576224099546465 ], [ -0.029297543702949, 40.576198425608432 ], [ -0.034640497682792, 40.547230897602155 ], [ -0.050678634964404, 40.533664518922087 ], [ -0.068130484834668, 40.533686983619532 ], [ -0.07052793382973, 40.519628553643024 ], [ -0.041091432752443, 40.499699232844975 ], [ -0.072924616388036, 40.447548599418937 ], [ -0.081969688669754, 40.44557076713177 ], [ -0.102522882974184, 40.46527044363949 ], [ -0.127099608874137, 40.468611545944896 ], [ -0.155181699113265, 40.449131988704465 ], [ -0.180338553531814, 40.456239869675201 ], [ -0.205634355747172, 40.448758390973211 ], [ -0.219951748912922, 40.466566334227451 ], [ -0.239664351882064, 40.458702027665055 ], [ -0.243060482138672, 40.445733359431273 ], [ -0.261225078795579, 40.43437654684012 ], [ -0.276368312398992, 40.448511448062952 ], [ -0.278145971639081, 40.423975344507966 ], [ -0.300016328048948, 40.416627904427365 ], [ -0.3307506166686, 40.422771045605749 ], [ -0.373884813603248, 40.395917579080105 ], [ -0.37192815001539, 40.384503947627266 ], [ -0.386378400258444, 40.386252717802648 ], [ -0.397990395133647, 40.376918616018024 ], [ -0.408260831416133, 40.38225425662656 ], [ -0.432007970136613, 40.368730528679095 ], [ -0.464633053376256, 40.378094912386352 ], [ -0.468678240443347, 40.363950123026953 ], [ -0.485259002881299, 40.365278193811108 ], [ -0.496456975950715, 40.344439698813183 ], [ -0.526930828679625, 40.33515357264254 ], [ -0.528853990038382, 40.360062355585605 ], [ -0.538029934815169, 40.373565876068703 ], [ -0.557976930341325, 40.38029589396978 ], [ -0.573855026895538, 40.370201072611174 ], [ -0.578767498428633, 40.389084829548146 ], [ -0.59696765099388, 40.395272257648301 ], [ -0.601887353991999, 40.410558652988357 ], [ -0.617660856633347, 40.416665579706311 ], [ -0.604164010432514, 40.434615674788191 ], [ -0.61585729441383, 40.442755499231843 ], [ -0.618050234863111, 40.46201205360321 ], [ -0.697300733336021, 40.485376669092496 ], [ -0.705047977179725, 40.528284410426963 ], [ -0.734113190113999, 40.535831150426731 ], [ -0.727626711266166, 40.548777521152275 ], [ -0.738629936858035, 40.562102442444356 ], [ -0.739095254302058, 40.581929733558049 ], [ -0.721588271634804, 40.59886373164904 ], [ -0.721159829182428, 40.609003823244706 ], [ -0.723576230131657, 40.61697449625818 ], [ -0.743875806830819, 40.62526710132866 ], [ -0.745208371655499, 40.659057640582773 ], [ -0.81951215101057, 40.652329091182878 ], [ -0.849714061459679, 40.682892081170259 ], [ -0.858115040903884, 40.682956578748076 ], [ -0.859742240798248, 40.693941270339046 ], [ -0.887733895052341, 40.701569227216162 ], [ -0.887608647616531, 40.712654653038953 ], [ -0.92395978968838, 40.728215722226714 ], [ -0.943587749953222, 40.724433104900939 ], [ -0.972497812067845, 40.753130167423876 ], [ -0.982270478010785, 40.753355658284917 ], [ -0.980419128246312, 40.74641557439584 ], [ -1.008957023513483, 40.730311618674584 ], [ -1.0499102788862, 40.7453331980239 ], [ -1.068179684853076, 40.729215326373136 ], [ -1.085200980621273, 40.738585013794712 ], [ -1.085745862673651, 40.747213634720303 ], [ -1.104487026350225, 40.751166092366425 ], [ -1.144503110127956, 40.751365549985763 ], [ -1.1561356294857, 40.743698358843382 ], [ -1.18646962500947, 40.749726760689249 ], [ -1.228896389010189, 40.70191163980855 ], [ -1.213570678607949, 40.683664124118394 ], [ -1.213297967629843, 40.666297190452006 ], [ -1.183503064355366, 40.638421250294563 ], [ -1.185240760673468, 40.631673137422403 ], [ -1.140456561911508, 40.613702104377616 ], [ -1.14047882301955, 40.604872463451116 ], [ -1.117616937733615, 40.582138244349558 ], [ -1.121168798437908, 40.576784297759495 ], [ -1.107985150949169, 40.567805280233159 ], [ -1.108575421097535, 40.547364982340262 ], [ -1.139379761913484, 40.541256819094563 ], [ -1.134987045312712, 40.528832675628003 ], [ -1.116885785570095, 40.52155149668009 ], [ -1.096022627364651, 40.499081292835911 ], [ -1.115367814342898, 40.480845890516683 ], [ -1.100715060319453, 40.467530697717621 ], [ -1.114157438959783, 40.443346482624172 ], [ -1.124769123553223, 40.438284601811382 ], [ -1.140014901222592, 40.446793883031752 ], [ -1.155095768865728, 40.4351578642747 ], [ -1.187394141368972, 40.453171634491198 ], [ -1.225271647090699, 40.452888978823474 ], [ -1.268127745628611, 40.420973434227804 ], [ -1.297505710946206, 40.416850133775526 ], [ -1.361114594078513, 40.433795914305072 ], [ -1.394271157007964, 40.456471953785183 ], [ -1.413530558055169, 40.453247798045453 ], [ -1.421362518342567, 40.462751843141426 ], [ -1.405671966886848, 40.479170961295765 ], [ -1.411932657349787, 40.497560539047974 ], [ -1.405573614464825, 40.512728793556278 ], [ -1.426741537570509, 40.530557459777746 ], [ -1.449635235572335, 40.535963720317348 ], [ -1.465089415254003, 40.563901135396414 ], [ -1.484301957739045, 40.552832127385777 ], [ -1.519655039281794, 40.577344746609299 ], [ -1.500909682977464, 40.588867913951198 ], [ -1.494993293474954, 40.604646866492331 ], [ -1.470956260475897, 40.608314449938085 ], [ -1.470288461152909, 40.623233455741406 ], [ -1.490621806502592, 40.629003804620119 ], [ -1.488234667306395, 40.643987346146851 ], [ -1.542022938283381, 40.660185118819022 ], [ -1.546319511059586, 40.66757536261057 ], [ -1.535078367667177, 40.686551790303753 ], [ -1.555034229414304, 40.702898409206227 ], [ -1.560547208045393, 40.738103928293746 ], [ -1.598174131943655, 40.747255937038652 ], [ -1.69438821776033, 40.832275185966772 ], [ -1.77005228456699, 40.870514778852723 ], [ -1.794705360463106, 40.852844416505533 ], [ -1.836493240447181, 40.871673635897153 ], [ -1.855521404450412, 40.865208695579767 ], [ -1.884459472959046, 40.890938896801444 ], [ -1.893668445658041, 40.906819284730908 ], [ -1.88957868232232, 40.915616125771216 ], [ -1.921684004009664, 40.929641148154694 ], [ -1.942284344349489, 40.926100372545378 ], [ -1.968654626908575, 40.934735700185712 ], [ -2.021061650861656, 40.963238481615392 ], [ -2.036368177187259, 40.953492699322453 ], [ -2.067094089256153, 40.960664324749303 ], [ -2.079477928684952, 40.943778737414277 ], [ -2.124360990357443, 40.933048952752237 ], [ -2.14493279827375, 40.940478825032791 ], [ -2.165786907820324, 40.975540435296708 ], [ -2.185547984331834, 40.97838861983081 ], [ -2.200730914173086, 40.995152733659417 ], [ -2.180541231263764, 41.012132664967758 ], [ -2.181591089459936, 41.026202589078643 ], [ -2.168859499788926, 41.023256013587641 ], [ -2.157033657081473, 41.031593735941414 ], [ -2.169183046354982, 41.045597430258702 ], [ -2.167207386412533, 41.060748435616716 ], [ -2.240207645447367, 41.063758573235731 ], [ -2.249404562027715, 41.045269627374559 ], [ -2.307865960129701, 41.036844467991578 ], [ -2.335986314370434, 41.05059317701005 ], [ -2.367587376529636, 41.050466669433291 ], [ -2.40835648977911, 41.076221219482299 ], [ -2.417614552280488, 41.06246026726101 ], [ -2.43075231019748, 41.06065796526179 ], [ -2.44651102003919, 41.066795426385404 ], [ -2.460807825132519, 41.096023015981444 ], [ -2.481646671691971, 41.102834117859054 ], [ -2.482629263300846, 41.117458963418223 ], [ -2.512088347456058, 41.132171342021898 ], [ -2.518707016935405, 41.151397726223266 ], [ -2.529904150331541, 41.158331806959012 ], [ -2.51018198202621, 41.180729354269992 ], [ -2.478276706975485, 41.179813018968858 ], [ -2.480466732917934, 41.188733887678254 ], [ -2.509042131016546, 41.186071138171428 ], [ -2.51652684631023, 41.193772885955234 ], [ -2.512785559943691, 41.206996391046417 ], [ -2.493864193017604, 41.210001289050631 ], [ -2.49747108720491, 41.222572670496938 ], [ -2.445549552415184, 41.256940757882639 ], [ -2.426617813006619, 41.260661771590861 ], [ -2.426279701379836, 41.279803525490628 ], [ -2.418447153212167, 41.293322436781857 ], [ -2.40947312925793, 41.294469026727825 ], [ -2.422413322526538, 41.3084423083438 ], [ -2.369080581510223, 41.341242691078499 ], [ -2.385570484529513, 41.357065702043215 ], [ -2.331233262512413, 41.402586640399875 ], [ -2.31377330965517, 41.404142837868797 ], [ -2.3030776068881, 41.450388122583405 ], [ -2.307991971249917, 41.475320337996088 ], [ -2.321380736982515, 41.487527738234071 ], [ -2.313414392182811, 41.492663303757588 ], [ -2.323664198685131, 41.505040842664805 ], [ -2.279572029623701, 41.566581682991277 ], [ -2.221373804738145, 41.55954159596277 ], [ -2.188097480038901, 41.571567365237875 ], [ -2.176321566040489, 41.580614807043666 ], [ -2.192453473346319, 41.594107896211085 ], [ -2.188332967231118, 41.603081057939512 ], [ -2.201462142884469, 41.618531675181337 ], [ -2.196805972651309, 41.626870630664193 ], [ -2.126809608055602, 41.583441609117038 ], [ -2.082273670077033, 41.59482851564406 ], [ -2.086807988841465, 41.603894607755876 ], [ -2.07612534147421, 41.60750827483011 ], [ -2.056018093106292, 41.591036182218993 ], [ -2.04388452352254, 41.60426007434404 ], [ -2.024013967920558, 41.59745149436317 ], [ -1.991821578459445, 41.606238681861541 ], [ -1.986818261744106, 41.617027792127509 ], [ -1.999803378952583, 41.625541189504624 ], [ -1.982834177395189, 41.655282057354263 ], [ -1.99126340925413, 41.671704980224881 ], [ -1.967749822414038, 41.683685157325741 ], [ -1.964687688324284, 41.696375621913262 ], [ -1.931338047040732, 41.718765628010331 ], [ -1.883846279265276, 41.713431969805164 ], [ -1.82348036113523, 41.692180747055225 ], [ -1.81968783371584, 41.706228040619848 ], [ -1.796939070507265, 41.725682612223565 ], [ -1.808989114797995, 41.736646469606711 ], [ -1.803693311579257, 41.752455478072484 ], [ -1.826097515028662, 41.778782452411775 ], [ -1.875734555755668, 41.800917475545255 ], [ -1.911207459317159, 41.782610192208509 ], [ -1.912540168268915, 41.771243427189326 ], [ -1.931070720400446, 41.753469511419958 ], [ -1.96302942416086, 41.741542900993629 ], [ -2.051208025554894, 41.77200303614908 ], [ -2.065659235285407, 41.790682539645559 ], [ -2.089295065408347, 41.790360799165192 ], [ -2.101370072608821, 41.806757521369242 ], [ -2.102832944594651, 41.824807910334464 ], [ -2.127334612245257, 41.840519309898106 ], [ -2.143243270604467, 41.84071999391643 ], [ -2.176385661588934, 41.867221022661781 ], [ -2.196973978901503, 41.862752398578579 ], [ -2.187623994173689, 41.85391978862976 ], [ -2.202459922879154, 41.828740467200774 ], [ -2.251095692745738, 41.840168748835922 ], [ -2.251064444802294, 41.911342312134416 ], [ -2.279883753031588, 41.944426128182798 ], [ -2.313197258247293, 41.955500580677821 ], [ -2.339015178566421, 41.953040794768768 ], [ -2.348319405568779, 41.964459390142572 ], [ -2.437152010572387, 41.994371591907907 ], [ -2.443815999344328, 42.008671941397111 ], [ -2.478825305602268, 42.028762260414361 ], [ -2.481280888784367, 42.041954337577742 ], [ -2.514846120501671, 42.068598466892567 ], [ -2.549188131708124, 42.052152514171709 ], [ -2.579545080743351, 41.996485112112495 ], [ -2.6270651138895, 42.006434154395883 ], [ -2.658685343020145, 42.006793937367434 ], [ -2.673500101436824, 41.99812012726197 ], [ -2.706268435718071, 42.01525707438406 ], [ -2.746252325821058, 42.008920740865463 ], [ -2.761849293008091, 42.036773649491558 ], [ -2.797460209649676, 42.046558263652415 ], [ -2.811193593798838, 42.036508509072846 ], [ -2.822969245980201, 42.040909356065441 ], [ -2.844050432030075, 42.03465264545116 ], [ -2.883986901214494, 42.009536028992059 ], [ -2.912505695733805, 42.022831203222317 ], [ -2.955535334649279, 42.019550375271841 ], [ -3.004087512615661, 42.043964593302029 ], [ -3.061319674889769, 42.0405025484622 ], [ -3.066165802338366, 42.050719011682418 ], [ -3.047309612318235, 42.059498945996864 ], [ -3.034022506530786, 42.085803879854232 ], [ -3.057192701522457, 42.122756787835442 ], [ -3.053483927635145, 42.13358576838435 ], [ -3.078708188988616, 42.13587541938108 ], [ -3.074160117929167, 42.156014244382199 ], [ -3.057645470189983, 42.174654819415636 ], [ -3.105330201088811, 42.207261628986828 ], [ -3.09774318740049, 42.222427364522325 ], [ -3.102317499292708, 42.232147408063909 ], [ -3.134174754624147, 42.240758605037577 ], [ -3.168268942836191, 42.235343309227176 ], [ -3.1832636751401, 42.242256262700927 ], [ -3.20965147178396, 42.233294758128871 ], [ -3.22134950789339, 42.247281406675263 ], [ -3.241494030248573, 42.25142385730642 ], [ -3.251134989684189, 42.269736642657818 ], [ -3.274300876059978, 42.272104585411597 ], [ -3.283001536315512, 42.290522270059853 ], [ -3.277941305313537, 42.302094088882747 ], [ -3.319747417112681, 42.315037661807814 ], [ -3.320612399665501, 42.332112791173515 ], [ -3.343896817822837, 42.346072823359869 ], [ -3.344787852326544, 42.361137000532253 ], [ -3.408660655005433, 42.378955706749814 ], [ -3.43911562875768, 42.378775185311461 ], [ -3.473617164878889, 42.405977018901787 ], [ -3.494607146934511, 42.402719505736684 ], [ -3.480006956890187, 42.435512120547472 ], [ -3.494894649611193, 42.440744400359335 ], [ -3.488120222669693, 42.453701813598123 ], [ -3.493211282516988, 42.462394509808412 ], [ -3.463369479875775, 42.467186093563356 ], [ -3.469096414642254, 42.487854429865642 ], [ -3.424358640611692, 42.505407438711387 ], [ -3.413200270892562, 42.515119811542043 ], [ -3.420853560770867, 42.522771509353056 ], [ -3.455883243222314, 42.523207042543106 ], [ -3.452217965925202, 42.533421264201337 ], [ -3.463626178272352, 42.537898888398566 ], [ -3.493101353945095, 42.529912500079519 ], [ -3.495926047647091, 42.517653257700893 ], [ -3.547858942008651, 42.489736862513134 ], [ -3.563714103048418, 42.488123064874273 ], [ -3.576139983954147, 42.500130910278465 ], [ -3.612176579012868, 42.488711091986168 ], [ -3.665233293789358, 42.507654194775213 ], [ -3.64806199931576, 42.52436299991848 ], [ -3.637977683114632, 42.56852043842396 ], [ -3.685346521522809, 42.598214197672739 ], [ -3.679655007576932, 42.626758210501031 ], [ -3.685396863546906, 42.636317797256318 ], [ -3.703690874279795, 42.63782491613523 ], [ -3.717691101515839, 42.610846150048673 ], [ -3.728499211750336, 42.607569260352811 ], [ -3.867942879953527, 42.645826176574779 ], [ -3.926983638828514, 42.674514593483906 ], [ -3.976893761701153, 42.65502038294234 ], [ -4.047431596609087, 42.673590308289931 ], [ -4.038405304941313, 42.691026738272214 ], [ -4.061621336707785, 42.698661636768627 ], [ -4.043922773825089, 42.726339336903131 ], [ -4.118521472010493, 42.756075829561802 ], [ -4.102633741479207, 42.781514500737323 ], [ -4.147990243115498, 42.78317847823061 ], [ -4.187142312174123, 42.814583029237525 ], [ -4.182998753658038, 42.823878681275836 ], [ -4.16200938113124, 42.824828917621176 ], [ -4.128643334198376, 42.815819305461893 ], [ -4.113608376425701, 42.833791880455834 ], [ -4.112891011277191, 42.844548319112128 ], [ -4.127312832268186, 42.852311789390079 ], [ -4.1128984540392, 42.880256893877409 ], [ -4.124507019899925, 42.88546329912829 ], [ -4.119903012113149, 42.895971747919454 ], [ -4.128496775531971, 42.901476534077837 ], [ -4.128961060891408, 42.923125654962419 ], [ -4.137752097694941, 42.92444513281545 ], [ -4.13779343746786, 42.933753887961721 ], [ -4.228592255273107, 42.960322395531492 ], [ -4.346166050876265, 42.972161445398086 ], [ -4.372723161084589, 42.994354864951781 ], [ -4.375664278460339, 43.007916133690323 ], [ -4.404165201209588, 43.03784216132599 ], [ -4.389305770888252, 43.048470194923979 ], [ -4.337728539961873, 43.053452423421483 ], [ -4.291176890194786, 43.047552874415103 ], [ -4.28605522086511, 43.073565012256367 ], [ -4.262289885645838, 43.075927883011992 ], [ -4.188424105466485, 43.047264471575559 ], [ -4.140844144685309, 43.044046255086513 ], [ -4.124016733703889, 43.011240750612806 ], [ -4.099029239034301, 43.005643909528878 ], [ -4.063197803671427, 43.025415825713935 ], [ -4.029454480880543, 43.029726635423678 ], [ -4.001583780288235, 43.045985232483105 ], [ -3.988207607250119, 43.044014322738072 ], [ -3.973906600426616, 43.066999652101877 ], [ -3.954097962061491, 43.075222729576389 ], [ -3.851425826929019, 43.038988848492657 ], [ -3.849064880227326, 43.049942223555391 ], [ -3.833651731393688, 43.060628125190668 ], [ -3.851323009221185, 43.077823161624309 ], [ -3.847401797690805, 43.08397959217811 ], [ -3.809501625435099, 43.086305210402593 ], [ -3.790792633752359, 43.07834218263887 ], [ -3.757987416826847, 43.083804955338799 ], [ -3.755345264632593, 43.100596605755676 ], [ -3.70502307546918, 43.115232542954459 ], [ -3.704110040474114, 43.125446056198328 ], [ -3.684123820351017, 43.135829257180134 ], [ -3.676150291004272, 43.154657867503232 ], [ -3.648592513450831, 43.180069894926227 ], [ -3.612424520378509, 43.169566618451036 ], [ -3.603214906971697, 43.150257916461278 ], [ -3.584669755574703, 43.154299764125774 ], [ -3.508972397929441, 43.143198965640927 ], [ -3.472512679070112, 43.144072411918621 ], [ -3.460435135345866, 43.158008105105921 ], [ -3.442261156180337, 43.152599813066708 ], [ -3.428840285630554, 43.133718086799625 ], [ -3.409631443137447, 43.134038460454434 ], [ -3.418606489540662, 43.115568000856605 ], [ -3.406557801161528, 43.107497152428031 ], [ -3.4426008406849, 43.092731988272263 ], [ -3.432819435357616, 43.079966843535054 ], [ -3.438813099257772, 43.071091390800611 ], [ -3.383502170999979, 43.081912155880126 ], [ -3.358886357454564, 43.060539758752476 ], [ -3.314151576918988, 43.049595547719107 ], [ -3.223161276296612, 43.085283855626081 ], [ -3.219526199585759, 43.073972094418252 ], [ -3.198448371813809, 43.062909049567118 ], [ -3.206933823928801, 43.056829677332765 ], [ -3.201292714565032, 43.023984963887862 ], [ -3.148710951150188, 43.001355839794257 ], [ -3.108534114635379, 43.020369899488436 ], [ -3.097372298583826, 43.013526998140193 ], [ -3.099660427103062, 43.002757386324504 ], [ -3.080309385584092, 43.005571923703798 ], [ -3.071751805668512, 42.995114281150073 ], [ -3.053578066498653, 42.993834412762077 ], [ -3.05518046601152, 42.969092469413368 ], [ -3.029021911798546, 42.96480374195751 ], [ -3.018697589975961, 42.930148445102489 ], [ -3.007796475689933, 42.928070969964367 ], [ -3.017784895230083, 42.924695429380257 ], [ -3.015608761344684, 42.909591720571548 ], [ -2.993317413005154, 42.91174389875512 ], [ -2.9756646368318, 42.900951415921831 ], [ -2.957708826942981, 42.903714731692318 ], [ -2.948357426769738, 42.915566977949418 ], [ -2.94957649416912, 42.937294104358479 ], [ -2.958884105299196, 42.94363648879866 ], [ -2.934920607255479, 42.958903212472407 ], [ -2.933347231108888, 42.97090601391811 ], [ -2.891820656790472, 42.969555307010253 ], [ -2.884922282209825, 42.958133835227294 ], [ -2.854568402567506, 42.955501829910489 ], [ -2.844609761497013, 42.981977893866599 ], [ -2.854009067848664, 43.021712729795226 ], [ -2.844195065891646, 43.024087368184865 ], [ -2.864669940614926, 43.053649893601417 ], [ -2.804995073333935, 43.054556359853542 ], [ -2.771348284090018, 43.03815904558909 ], [ -2.759571565659888, 43.04837778226171 ], [ -2.725274141001186, 43.036879795711243 ], [ -2.727680722928891, 43.05940908543144 ], [ -2.712396890600903, 43.065665584189432 ], [ -2.700783308222583, 43.084928508663516 ], [ -2.684265103039463, 43.077538519791375 ], [ -2.666634741971707, 43.098948799063933 ], [ -2.651113207896906, 43.10210111848177 ], [ -2.59471826571348, 43.087479383578319 ], [ -2.590699785530409, 43.077164314819903 ], [ -2.601809648212735, 43.062596745610762 ], [ -2.602555280445468, 43.045993057234583 ], [ -2.585243204670907, 43.022822408034891 ], [ -2.605018763750344, 42.993009446277178 ], [ -2.575465734034085, 42.980948727749471 ], [ -2.566186924249132, 42.963652451525448 ], [ -2.544878301272945, 42.950598286838549 ], [ -2.537662364534179, 42.951030927212166 ], [ -2.534510437805346, 42.976998735836673 ], [ -2.51007663579086, 42.975199425757303 ], [ -2.511873530892117, 42.965170579134579 ], [ -2.504349765237957, 42.959996166231477 ], [ -2.476869592756005, 42.966389227277098 ], [ -2.452698360031502, 42.95595696537417 ], [ -2.409990853657909, 42.959963091256242 ], [ -2.362932173665059, 42.947164218883565 ], [ -2.353084595587878, 42.954063467536763 ], [ -2.367564666032032, 42.971898609843748 ], [ -2.362828114902645, 42.979011219896485 ], [ -2.337478400766132, 42.96816723075495 ], [ -2.312737387669076, 42.939970800857381 ], [ -2.27468161264697, 42.931529360779187 ], [ -2.255953272767513, 42.94796230963059 ], [ -2.235045898794894, 42.946626661619504 ], [ -2.215597228159953, 42.960907185650676 ], [ -2.210166733475007, 42.950036611892926 ], [ -2.193249915039721, 42.949815850976506 ], [ -2.180508105729545, 42.934972055044348 ], [ -2.155483556662606, 42.942626868847427 ], [ -2.127790824779694, 42.938920448692528 ], [ -2.103458734080087, 42.948840745538867 ], [ -2.098302369467953, 42.972050735704158 ], [ -2.041809821728427, 42.978720558948972 ], [ -2.026100520881835, 43.000272557847829 ], [ -2.003913746389207, 42.989000782760542 ], [ -1.979595248252044, 42.989535034105877 ], [ -1.97581126612867, 42.981788090893787 ], [ -1.95399947010228, 42.983549285229095 ], [ -1.936826612572001, 42.995881390912793 ], [ -1.933840724504757, 43.015059012536355 ], [ -1.913048831895574, 43.020497853340984 ], [ -1.93951502133019, 43.044686678903581 ], [ -1.929457476881679, 43.058704064021669 ], [ -1.909217468100036, 43.045711042452709 ], [ -1.856845325256508, 43.055076167950475 ], [ -1.834747958481445, 43.045275006401432 ], [ -1.816910834536607, 43.057120270677252 ], [ -1.802606991220433, 43.048039322795148 ], [ -1.79061920507456, 43.063090116337357 ], [ -1.777896887142146, 43.055865421236447 ], [ -1.735197054741208, 43.068118090771172 ], [ -1.714274577098644, 43.052040237118298 ], [ -1.675691933319631, 43.059861972845965 ], [ -1.625367788809879, 43.049794386887761 ], [ -1.618402711876321, 43.042310037564597 ], [ -1.58772394020687, 43.053384837763879 ], [ -1.582151889175068, 43.044216651863842 ], [ -1.545783367828413, 43.053047143137768 ], [ -1.532629473534626, 43.046745432867333 ], [ -1.518982034311371, 43.064693234362466 ], [ -1.494400139238432, 43.056261890798723 ], [ -1.491853984876951, 43.038136163398015 ], [ -1.453504848045833, 43.033153885699434 ], [ -1.444403327562427, 43.019020351012522 ], [ -1.412786591425456, 43.035570139731909 ], [ -1.376238469396489, 43.008762138247739 ], [ -1.375764390201356, 43.01790050372108 ], [ -1.362082364878903, 43.021239327023643 ], [ -1.359900822722814, 43.029496745295539 ], [ -1.330046787181629, 43.016683698907265 ], [ -1.297964163107298, 43.029095936224238 ], [ -1.29391863802775, 43.03718779331129 ], [ -1.240742758082457, 43.046129867756783 ], [ -1.213915341438822, 43.035697406578898 ], [ -1.199720940341828, 43.038365218437193 ], [ -1.178184021779723, 43.017092969941444 ], [ -1.172384093277443, 43.020788788514565 ], [ -1.174367984253412, 43.037305715766934 ], [ -1.162982516889449, 43.034223812486978 ], [ -1.145748024360775, 43.025419177460279 ], [ -1.141450892923899, 43.007930402377831 ], [ -1.115263627248613, 43.023226811543012 ], [ -1.083236977281014, 43.010682236599209 ], [ -1.086141673681478, 43.002909517566529 ], [ -1.072473192489349, 42.998157490332893 ], [ -1.016802852980282, 42.994932204504849 ], [ -0.998243650907933, 42.976179780596766 ], [ -0.945100623551961, 42.953445513299684 ], [ -0.908514434485455, 42.964479513918562 ], [ -0.895809020684317, 42.955002009189592 ], [ -0.86546560417362, 42.950995209240261 ], [ -0.809355657403872, 42.95141397290827 ], [ -0.789756323877087, 42.963868479332334 ], [ -0.751903162279829, 42.967146549736576 ], [ -0.743592784023172, 42.950635362272294 ], [ -0.730797155601556, 42.945180290249631 ], [ -0.733619263677113, 42.930776079524399 ], [ -0.72565133387487, 42.92075588214454 ], [ -0.734128298274571, 42.912443934273817 ], [ -0.731825525573497, 42.896415055252604 ], [ -0.698428620072475, 42.878954681593299 ], [ -0.678749519796963, 42.88453273557041 ], [ -0.655893667791525, 42.85873858430179 ], [ -0.602023451716436, 42.832151004927681 ], [ -0.600472455157469, 42.802429943081151 ], [ -0.569135931193744, 42.806851935424575 ], [ -0.567581219390568, 42.780625945132577 ], [ -0.551674313409224, 42.777604323487417 ], [ -0.544217418179549, 42.793190269625882 ], [ -0.530241830442411, 42.791387602147687 ], [ -0.522939483278643, 42.799155759731732 ], [ -0.52500462177905, 42.812155489926703 ], [ -0.505269073554644, 42.827424898711364 ], [ -0.441704730022163, 42.795375342828301 ], [ -0.408787131419641, 42.80765740653716 ], [ -0.394751511279255, 42.798970777972279 ], [ -0.364489416163171, 42.816388990498893 ], [ -0.34684122348201, 42.837780515425749 ], [ -0.324122977934159, 42.834754682304379 ], [ -0.313264173099949, 42.84937137046883 ], [ -0.255138072868388, 42.819336022896501 ], [ -0.243348929878476, 42.823652210326244 ], [ -0.238768219701188, 42.808590632591276 ], [ -0.188665152219983, 42.786938571848879 ], [ -0.176804108315921, 42.78593791261126 ], [ -0.159986111975382, 42.798026364336316 ], [ -0.146887247882942, 42.776149937453738 ], [ -0.149755127094359, 42.769195132942798 ], [ -0.122783804406379, 42.751641059352174 ], [ -0.106536440189294, 42.721167427160921 ], [ -0.068465453072233, 42.718077180225372 ], [ -0.062046053155584, 42.694596381485525 ], [ -0.016652894612872, 42.685117618700573 ], [ 0.004840227315757, 42.68734513287324 ], [ 0.015810540086488, 42.701829239485669 ], [ 0.058431828419194, 42.697563512505063 ], [ 0.084356732313334, 42.716161898681705 ], [ 0.106582334963478, 42.710114232193533 ], [ 0.131626178674562, 42.714700689553517 ], [ 0.136731043361646, 42.722442757220833 ], [ 0.161788723412263, 42.723185112538573 ], [ 0.175788488782134, 42.737042525868638 ], [ 0.226900000653991, 42.717321605147411 ], [ 0.259998812501504, 42.716019539961223 ], [ 0.268597968839912, 42.700070237845694 ], [ 0.263693344896238, 42.693243787323873 ], [ 0.295265004231479, 42.673194226163105 ], [ 0.321359973927317, 42.682893456511209 ], [ 0.325174839562219, 42.705027112582663 ], [ 0.360240068843563, 42.724348261799427 ], [ 0.393069862376865, 42.713208717083162 ], [ 0.395302823179064, 42.699526328201529 ], [ 0.422090290320825, 42.690460658628652 ], [ 0.474200962160669, 42.700157032313385 ], [ 0.516779554109123, 42.691352105020449 ], [ 0.527318008461442, 42.702554806782622 ], [ 0.587367004296141, 42.694497928900681 ], [ 0.597093670462123, 42.705524888096953 ], [ 0.618806488830811, 42.695580111730472 ], [ 0.675745667426454, 42.690761474343049 ], [ 0.68255676744642, 42.708881730060384 ], [ 0.673149431673076, 42.717987511930609 ], [ 0.680165893195486, 42.723256563780232 ], [ 0.66073811111597, 42.751880015966584 ], [ 0.642579849973365, 42.753750164596802 ], [ 0.668377865569242, 42.774477341530542 ], [ 0.645036223360028, 42.782970657244789 ], [ 0.670065816931429, 42.801935968878198 ], [ 0.664922551180914, 42.814548793145413 ], [ 0.670094816176683, 42.824281160193813 ], [ 0.659744345186783, 42.838981313325803 ], [ 0.678299436975405, 42.847755070231003 ], [ 0.677953973532736, 42.855275259797416 ], [ 0.709238500476956, 42.861447814126088 ], [ 0.777466398295497, 42.836147037439886 ], [ 0.801409366120724, 42.840620792986059 ], [ 0.855519867757063, 42.826836812979757 ], [ 0.926153832402359, 42.78936818638342 ], [ 0.960159946685359, 42.805906915655797 ], [ 0.983898371791324, 42.786708100441238 ], [ 1.005628567721402, 42.790818553371956 ], [ 1.047848533767613, 42.780980698760864 ], [ 1.078885738297426, 42.788342876468349 ], [ 1.128208800772453, 42.75559340290765 ], [ 1.133201377556755, 42.728272755589153 ], [ 1.166145673318921, 42.708929554601092 ], [ 1.22910012500348, 42.727750692549598 ], [ 1.252718312399326, 42.714467849819883 ], [ 1.332370061956871, 42.724741453740378 ], [ 1.357325971888698, 42.719735650916675 ], [ 1.351069089205487, 42.702726929113943 ], [ 1.38924263129732, 42.687032460457331 ], [ 1.38743470542723, 42.668693279262513 ], [ 1.413652747234544, 42.655597382108638 ], [ 1.420480625687038, 42.6249258725502 ], [ 1.443026014639081, 42.602756976165836 ], [ 1.426480130949866, 42.582805198069948 ], [ 1.444952700574015, 42.568019621610034 ], [ 1.424086094731078, 42.556940761388049 ], [ 1.413639044615634, 42.535355593637931 ], [ 1.450543790275234, 42.539898969048174 ], [ 1.468371640116493, 42.51001677473392 ], [ 1.419230490301662, 42.484402553949288 ], [ 1.441199965337645, 42.475356389087281 ], [ 1.440583416812648, 42.463627915152735 ], [ 1.447520130217202, 42.460074726239014 ], [ 1.442583287279186, 42.444708744697095 ], [ 1.452403556648354, 42.436979761887436 ], [ 1.5170183111271, 42.428917221793398 ], [ 1.552091170145184, 42.432811114550425 ], [ 1.561070103414701, 42.45864404011067 ], [ 1.579190698565892, 42.449719122103467 ], [ 1.597367854536218, 42.466323639840112 ], [ 1.657024827752803, 42.468216038692781 ], [ 1.670329411583115, 42.504166540955374 ], [ 1.679475353805244, 42.494681355695946 ], [ 1.703112690602697, 42.489813670794057 ], [ 1.725614877917693, 42.504366213460727 ], [ 1.730693155335784, 42.492513509438758 ], [ 1.823544198599243, 42.486558511726521 ], [ 1.854661329369416, 42.464457223915446 ], [ 1.880088048952996, 42.46022107273749 ], [ 1.891953224710371, 42.447730062292109 ], [ 1.915659702068499, 42.446173144649912 ], [ 1.936688084367503, 42.454419695594119 ], [ 1.940784062229746, 42.430422441442389 ], [ 1.958572492901464, 42.423431593779966 ], [ 1.954859444666538, 42.411502186198589 ], [ 1.965423262419946, 42.380929535220353 ], [ 2.014296844336518, 42.345983447237018 ], [ 1.959375105154273, 42.324564912945682 ], [ 1.935029107531805, 42.302530576072549 ], [ 1.917833093229961, 42.303615646602935 ], [ 1.893305211388904, 42.320021525871503 ], [ 1.832599214513708, 42.300903838104794 ], [ 1.741089545784545, 42.290972275178724 ], [ 1.736334296876318, 42.284253782662098 ], [ 1.69418254295178, 42.276908747090971 ], [ 1.686273111133558, 42.272411651120763 ], [ 1.689664084015819, 42.248057281587705 ], [ 1.658381608101203, 42.2533643429976 ], [ 1.63520562176219, 42.246268845708506 ], [ 1.627262321421267, 42.23807515842396 ], [ 1.623599569535307, 42.207213404745126 ], [ 1.613739314287712, 42.201139495395189 ], [ 1.5524126369668, 42.210349796297486 ], [ 1.527528052215439, 42.204278123139112 ], [ 1.520108189012619, 42.178628497024995 ], [ 1.537068151086217, 42.161404396388079 ], [ 1.535473311190493, 42.142044978463701 ], [ 1.549585387370691, 42.134206080990424 ], [ 1.545731997685911, 42.105258524134847 ], [ 1.512950524019172, 42.08866906070331 ], [ 1.511036785838046, 42.048300455315783 ], [ 1.487068240133266, 42.047957813104297 ], [ 1.472568450136988, 42.034091044856439 ], [ 1.465289903856511, 42.002487715013821 ], [ 1.490899131720234, 41.972429375003145 ], [ 1.482466576165605, 41.952060815915175 ], [ 1.495764999553278, 41.94248460679438 ], [ 1.497030489593235, 41.920304681343879 ], [ 1.556186766660955, 41.894017703059561 ], [ 1.552412335370944, 41.844271081022242 ], [ 1.534384929729717, 41.833930239367923 ], [ 1.545543172735064, 41.812547495937999 ], [ 1.567586694542081, 41.803629684958715 ], [ 1.575137837446352, 41.771846002800849 ], [ 1.55759838622689, 41.769891536807755 ], [ 1.555212381108689, 41.758582641152188 ], [ 1.54086438794377, 41.75733940846618 ], [ 1.533335235860013, 41.745232109793704 ], [ 1.538387206388501, 41.73821828022178 ], [ 1.501441817062796, 41.73194155112197 ], [ 1.50193185867116, 41.718885216663473 ], [ 1.467001618817144, 41.715723202231217 ], [ 1.465002632951305, 41.702477823338768 ], [ 1.448452476625178, 41.706734577067344 ], [ 1.452916786697418, 41.684735351394387 ], [ 1.444871964188001, 41.672312433208234 ], [ 1.450721269376489, 41.668260066982519 ], [ 1.42166481488555, 41.652453486942264 ], [ 1.424391526164578, 41.645113021855899 ], [ 1.413765130035018, 41.639870779728035 ], [ 1.41272516719114, 41.62686571923345 ], [ 1.398637417053128, 41.612372651526954 ], [ 1.401317864324241, 41.599221209999968 ], [ 1.389693701087363, 41.584954118947891 ], [ 1.397951865130081, 41.562989334673496 ], [ 1.371721925389747, 41.553771965132036 ], [ 1.361760437619075, 41.532324797973679 ], [ 1.327440186885981, 41.517112417436458 ], [ 1.320520367471258, 41.501898385869843 ], [ 1.283754480508929, 41.509841894610503 ], [ 1.25936921955619, 41.488818416262269 ], [ 1.205650627071651, 41.496051734172624 ], [ 1.131482212528882, 41.477889005933996 ], [ 1.079733201388739, 41.463233058664933 ], [ 1.04461369404359, 41.434107387065353 ], [ 1.032883926860167, 41.43499553038378 ], [ 0.999178337912551, 41.416695880199946 ], [ 1.00249108872092, 41.399431854259682 ], [ 0.973541544914765, 41.383072939840623 ], [ 0.956062262080541, 41.353120737296116 ], [ 1.004012770295807, 41.326018709588396 ], [ 1.016828003918091, 41.327987261258464 ], [ 1.00673693951716, 41.317549998139334 ], [ 1.011728407697619, 41.311417256525203 ], [ 0.992134549144068, 41.298196719089255 ], [ 0.993469495816068, 41.290888134237733 ], [ 1.013208016688268, 41.28958445163827 ], [ 1.057952826611305, 41.259541726762748 ], [ 1.023892002978011, 41.260721237964589 ], [ 0.9229291779702, 41.21648253230272 ], [ 0.920721289235619, 41.205237326023692 ], [ 0.931004627137899, 41.194156108758868 ], [ 0.901482071837855, 41.174374430647099 ], [ 0.905889263632629, 41.165091228097118 ], [ 0.888726420305626, 41.136087154631674 ], [ 0.894630623012386, 41.117191509365874 ], [ 0.868128849777066, 41.107115897394934 ], [ 0.862377409579747, 41.090118538058576 ], [ 0.847036078565177, 41.081472161841248 ], [ 0.847699167883076, 41.068318922258428 ], [ 0.805584652369474, 41.053635898714404 ], [ 0.780553280763972, 41.029166730792184 ], [ 0.747547559004868, 41.029814007115398 ], [ 0.746255057116157, 41.015091005170497 ], [ 0.719940209860386, 41.014053738142756 ], [ 0.684455124380416, 40.989744843801006 ], [ 0.689394222194732, 40.983257927658101 ], [ 0.684068168407909, 40.969723230267753 ], [ 0.705524673403989, 40.956451246773888 ], [ 0.69472848070308, 40.950861059459129 ], [ 0.70463667546413, 40.932793157353601 ], [ 0.689716665457189, 40.92068590029232 ], [ 0.699223041723893, 40.909345942916971 ], [ 0.682674110082337, 40.907641478047609 ], [ 0.68237759929605, 40.898040366057209 ], [ 0.671582508983753, 40.893494601802097 ], [ 0.65247323517049, 40.894606435994042 ], [ 0.662075141976059, 40.868782762758734 ], [ 0.637987963074054, 40.838486868501981 ], [ 0.650342419377151, 40.821825041996384 ], [ 0.69810908020151, 40.80266679032318 ], [ 0.736444509148033, 40.824135845554615 ], [ 1.000544291602963, 40.823280826450379 ], [ 0.883630379366389, 40.680701881435624 ], [ 0.593254081056548, 40.473052720090436 ], [ 0.514675220884012, 40.523981380418142 ], [ 0.538259680634324, 40.567662715379996 ], [ 0.54727686863113, 40.573006627931235 ], [ 0.551330593597359, 40.569708419073578 ], [ 0.55642826843138, 40.571483825123856 ], [ 0.547898891877185, 40.57432711689853 ], [ 0.590540864151211, 40.612982144084611 ], [ 0.604624883993881, 40.609061857246047 ] ] ] ] } },
{ "type": "Feature", "properties": { "CodDemarc": "ES010", "Nombre": "MIÑO-SIL" }, "geometry": { "type": "Polygon", "coordinates": [ [ [ -7.90633822, 41.92710194 ], [ -7.920974202739837, 41.879024538064456 ], [ -7.948561609238006, 41.870910676855935 ], [ -7.980861604578621, 41.872367887262158 ], [ -8.006029997570003, 41.847057379942797 ], [ -8.013264550821154, 41.828819318752679 ], [ -8.038893589078882, 41.829875984887209 ], [ -8.05672727840707, 41.815990490802768 ], [ -8.093891946808817, 41.80852130936114 ], [ -8.165087533856962, 41.81806947684894 ], [ -8.161699171282297, 41.860889445144473 ], [ -8.168813593598003, 41.87695694617841 ], [ -8.199748249, 41.873875611 ], [ -8.216833004, 41.913452566 ], [ -8.197900699136058, 41.939563747791773 ], [ -8.17490476617996, 41.954902645542361 ], [ -8.162961921069847, 41.982845302700731 ], [ -8.140734643577213, 41.988693233639687 ], [ -8.127595883048716, 42.005420679197321 ], [ -8.08771037233887, 42.014720910814539 ], [ -8.084543224411902, 42.047405236468144 ], [ -8.096891398570921, 42.071811670421717 ], [ -8.118516916092537, 42.082111354019119 ], [ -8.138116827242397, 42.075702661688553 ], [ -8.149561872085911, 42.079940791247779 ], [ -8.18184564899644, 42.064731592831833 ], [ -8.193204870975666, 42.125411984231114 ], [ -8.188093178749202, 42.143585202502457 ], [ -8.198576919865042, 42.154296873730729 ], [ -8.222052564117456, 42.133998869352617 ], [ -8.245526302783231, 42.139827727100418 ], [ -8.256034838659099, 42.134719847634848 ], [ -8.259067521450016, 42.121318816261486 ], [ -8.273532853213025, 42.124011991972402 ], [ -8.304028493103541, 42.103782652309818 ], [ -8.322572691089679, 42.101604460418713 ], [ -8.331889129260874, 42.083847043633718 ], [ -8.363214471542062, 42.090244292340174 ], [ -8.381590818259442, 42.076560971893684 ], [ -8.405294396384456, 42.080375669302235 ], [ -8.429255460031186, 42.072288509811834 ], [ -8.443215348839356, 42.082504269443739 ], [ -8.523868538222544, 42.078868863281023 ], [ -8.525044415265082, 42.06360244380631 ], [ -8.54701134974778, 42.054008478047386 ], [ -8.594244642752367, 42.057126370538398 ], [ -8.636809983408018, 42.047575772058387 ], [ -8.656971753237153, 42.031311611423817 ], [ -8.66145493919357, 42.005398846728973 ], [ -8.675647176196247, 41.992839160909838 ], [ -8.741424942058474, 41.968555193536268 ], [ -8.75640928287117, 41.933726780635745 ], [ -8.821730688, 41.905023129 ], [ -8.847374777, 41.879762635 ], [ -8.875736117360155, 41.865813830346383 ], [ -8.895710921846694, 41.865813898743099 ], [ -8.902325889763615, 41.873471109993346 ], [ -8.910941055784184, 41.936286439980421 ], [ -8.887745319504525, 41.936800918706822 ], [ -8.876619463574599, 41.909766278101785 ], [ -8.882141967136095, 41.901205323787963 ], [ -8.874521228356411, 41.899053808914552 ], [ -8.880157313276523, 41.899637491670937 ], [ -8.881489510974975, 41.881740896451632 ], [ -8.871747399494316, 41.869920463722643 ], [ -8.865407924057649, 41.900032740632341 ], [ -8.878483596089582, 41.937603645585888 ], [ -8.867147340942752, 41.954154676659137 ], [ -8.871597349528948, 41.984208014639812 ], [ -8.854868256223428, 41.998003800985394 ], [ -8.857622118671374, 42.026434509549468 ], [ -8.832436311252053, 42.053764640950554 ], [ -8.811676451360551, 42.04642255306613 ], [ -8.810500351782729, 42.054644247082265 ], [ -8.770787674030247, 42.077859514608257 ], [ -8.728852579893918, 42.059349952473639 ], [ -8.727785073280572, 42.075232559005549 ], [ -8.713424194552283, 42.086764660659014 ], [ -8.689111189989491, 42.083434279911884 ], [ -8.684978327154292, 42.09192048720201 ], [ -8.697838058526745, 42.135377615721971 ], [ -8.67745603572823, 42.139205658440261 ], [ -8.662614895066405, 42.205721784797241 ], [ -8.614440095133773, 42.230505560688009 ], [ -8.608817074142529, 42.243664715402502 ], [ -8.595890779612446, 42.243339477592016 ], [ -8.580158527900506, 42.268875892208015 ], [ -8.552720849603398, 42.271457616404057 ], [ -8.520395528390388, 42.309916076760302 ], [ -8.495265921707384, 42.312912239064438 ], [ -8.49088720114127, 42.306069580749124 ], [ -8.487814230759177, 42.28918989240821 ], [ -8.501246765866, 42.273809433418066 ], [ -8.476720303365775, 42.283429167717934 ], [ -8.465126518356268, 42.274834119124272 ], [ -8.439534395075487, 42.27398093330828 ], [ -8.430413717882303, 42.277576098888396 ], [ -8.435824400317639, 42.302592219486677 ], [ -8.423284998611024, 42.30697233046812 ], [ -8.419903141006703, 42.318003441853556 ], [ -8.400540240806789, 42.309653969408636 ], [ -8.375324769714739, 42.326926898263991 ], [ -8.360362126837014, 42.321811346432781 ], [ -8.337135688895838, 42.32861393872362 ], [ -8.317498855532005, 42.353179475603874 ], [ -8.314799125992732, 42.380137907159074 ], [ -8.339825200559464, 42.432332391281811 ], [ -8.335263674623222, 42.449215497324019 ], [ -8.346097777426557, 42.473989950345228 ], [ -8.338992495467858, 42.490170491792043 ], [ -8.297680920127748, 42.499919146337533 ], [ -8.27941936715246, 42.522498513100707 ], [ -8.261817001291163, 42.518142533212462 ], [ -8.249040828039089, 42.504812431161668 ], [ -8.218798786469607, 42.513439032814723 ], [ -8.212746388267135, 42.537888931862227 ], [ -8.183718621538789, 42.557039399592746 ], [ -8.16399369105676, 42.559706522649876 ], [ -8.146565114118658, 42.549332061046172 ], [ -8.088386584168193, 42.558425231859246 ], [ -8.050712301103127, 42.55537269613238 ], [ -8.027037651300299, 42.564685814383274 ], [ -8.012725765709035, 42.561162405252801 ], [ -7.998826999909042, 42.578989192199906 ], [ -7.981247963019892, 42.566390011942495 ], [ -7.954309096022528, 42.563445927224258 ], [ -7.936862985043397, 42.574203423541519 ], [ -7.928485315296019, 42.570468413744287 ], [ -7.89291706558619, 42.629661843693839 ], [ -7.887496812151741, 42.661465443956423 ], [ -7.894479315104823, 42.681697222635911 ], [ -7.874658679368643, 42.687996416573675 ], [ -7.878230934960013, 42.707747553484339 ], [ -7.871346003835071, 42.718588503899788 ], [ -7.829342343766696, 42.713116492584106 ], [ -7.796219297643204, 42.722324565294784 ], [ -7.803361588593239, 42.727045622996336 ], [ -7.762050291904201, 42.775709812864008 ], [ -7.768586398075716, 42.814491608086293 ], [ -7.753310966077992, 42.821720474939376 ], [ -7.762510497763546, 42.844492244636314 ], [ -7.800789946062088, 42.861141949738808 ], [ -7.814929252037308, 42.859814793271134 ], [ -7.843496471348207, 42.878332295324888 ], [ -7.833047689752004, 42.895241505637685 ], [ -7.833855433867329, 42.912949286094609 ], [ -7.846515173315646, 42.928015594833518 ], [ -7.838736784031104, 42.931996616745863 ], [ -7.83846331646422, 42.944121218939813 ], [ -7.904017662193738, 42.984123574417168 ], [ -7.895706828117673, 42.993667507287682 ], [ -7.944248397425994, 43.0603318929547 ], [ -7.912325101269844, 43.09036036697438 ], [ -7.929225975424952, 43.117556731328087 ], [ -7.941146703346658, 43.121851319768808 ], [ -7.949679387312409, 43.17612919350524 ], [ -7.961924426206611, 43.189092886899722 ], [ -7.947771643471749, 43.215439555515239 ], [ -7.936582918888255, 43.21901458667972 ], [ -7.941141073697759, 43.225138909943517 ], [ -7.929883144085291, 43.235778224796157 ], [ -7.921349981499549, 43.263880291138193 ], [ -7.922807234726503, 43.273042903165283 ], [ -7.939791239905357, 43.276934421061107 ], [ -7.944295627969026, 43.286401053940068 ], [ -7.888810969433987, 43.333576904520491 ], [ -7.881002760015611, 43.355078330372592 ], [ -7.889925575976868, 43.368653754390316 ], [ -7.86353014549249, 43.409665163676983 ], [ -7.821847117856271, 43.403868023375935 ], [ -7.808674920172842, 43.410910893400143 ], [ -7.786372109489818, 43.402037475588664 ], [ -7.763366277936935, 43.416261675977729 ], [ -7.757604352900116, 43.435705647704957 ], [ -7.744628356943891, 43.444911522253605 ], [ -7.728923616287843, 43.432812339211431 ], [ -7.705381876588518, 43.434505128619705 ], [ -7.685450895966177, 43.417734772514855 ], [ -7.658458734836485, 43.420525911707223 ], [ -7.612980106845968, 43.407188757748173 ], [ -7.563897782308413, 43.415427703237363 ], [ -7.548381726315375, 43.427621132684642 ], [ -7.463371567252889, 43.409510296824173 ], [ -7.449142625738445, 43.40921592915489 ], [ -7.436235179620316, 43.420621430442026 ], [ -7.422063288559267, 43.418860967847309 ], [ -7.418322371824816, 43.411237762951998 ], [ -7.434591169005207, 43.393881474373956 ], [ -7.424922627128895, 43.387191026261569 ], [ -7.423548571548167, 43.374617805167404 ], [ -7.391567264527231, 43.366345475842138 ], [ -7.363028263367487, 43.385856705580068 ], [ -7.356143698312006, 43.383412179918757 ], [ -7.361241440260451, 43.370482829620869 ], [ -7.346195253284513, 43.376348651451686 ], [ -7.311687137559337, 43.364354863983039 ], [ -7.297678435106468, 43.350859649824073 ], [ -7.298941418230454, 43.336367867282426 ], [ -7.281347686855383, 43.312021199759904 ], [ -7.289902225217864, 43.294849920434082 ], [ -7.276702589077352, 43.275389296450683 ], [ -7.284049138353804, 43.25124914099397 ], [ -7.253026812826209, 43.236834014878809 ], [ -7.243715639594971, 43.200635882059451 ], [ -7.266026448565636, 43.179147358857527 ], [ -7.28576431532342, 43.175555985768376 ], [ -7.268789669030702, 43.167222552283356 ], [ -7.257859446651076, 43.143163206624948 ], [ -7.266775525688682, 43.140445619251373 ], [ -7.264954310684186, 43.120956315696226 ], [ -7.282797225841871, 43.119646468083516 ], [ -7.285374654225651, 43.096040123536518 ], [ -7.293957408765852, 43.089685590805736 ], [ -7.285762655495168, 43.044080025904186 ], [ -7.264286519037451, 43.005436178372179 ], [ -7.189227484197271, 43.037770329022294 ], [ -7.161839097236831, 43.000936871569131 ], [ -7.169502869659858, 42.993104502785286 ], [ -7.16442766364892, 42.981999914540367 ], [ -7.145402538546335, 42.979121489576805 ], [ -7.155942746676117, 42.955510028957328 ], [ -7.137226415317906, 42.927534354337858 ], [ -7.151660922305967, 42.911279802851936 ], [ -7.146698207901307, 42.903375688299889 ], [ -7.165513103362283, 42.873378541736706 ], [ -7.179475427601021, 42.870308947442219 ], [ -7.192125884569331, 42.849857903698187 ], [ -7.216770096068652, 42.838540095681665 ], [ -7.232160282896333, 42.811645144957289 ], [ -7.209788773688575, 42.799180695887017 ], [ -7.187479151105294, 42.771105599264502 ], [ -7.172622137660766, 42.773918940006276 ], [ -7.164654010549557, 42.76188016530044 ], [ -7.170989909217695, 42.748707673428335 ], [ -7.110718383353602, 42.700689429158672 ], [ -7.099406801206626, 42.705965768650721 ], [ -7.080600091529263, 42.697217878648779 ], [ -7.051234603802497, 42.70165890904206 ], [ -7.026735504673902, 42.711534223418838 ], [ -7.014338673815619, 42.730296326558651 ], [ -6.988675357689664, 42.71559073056553 ], [ -6.979575044193122, 42.718160521627972 ], [ -6.968222502466074, 42.727185131583653 ], [ -6.97208070745641, 42.73757325146164 ], [ -6.957257127313013, 42.755517077812449 ], [ -6.946325245531182, 42.741402437793496 ], [ -6.930403653159216, 42.742855101331301 ], [ -6.901048887637164, 42.760287237165088 ], [ -6.890921196758054, 42.776862078861036 ], [ -6.867258932121459, 42.787290893082243 ], [ -6.8688493142083, 42.801049539627208 ], [ -6.842859938258186, 42.8228606122454 ], [ -6.833391449161611, 42.854861915574276 ], [ -6.821596013649821, 42.867046258250838 ], [ -6.757621402633632, 42.882553348041867 ], [ -6.722012835915702, 42.916222487399935 ], [ -6.612244897383893, 42.924996182146451 ], [ -6.606526084051854, 42.917345771939146 ], [ -6.544747152901491, 42.912484925642794 ], [ -6.51673879301163, 42.927254644873386 ], [ -6.490231975258248, 42.919571854993478 ], [ -6.480372974173104, 42.932619983082475 ], [ -6.435030617667342, 42.940214845639026 ], [ -6.441584199783388, 42.949492204259272 ], [ -6.433825896629119, 42.962987268416917 ], [ -6.473523064092674, 42.967666458459696 ], [ -6.480349012237766, 42.991524799113222 ], [ -6.449585348932503, 42.982280599724739 ], [ -6.436841352529999, 42.99290819928251 ], [ -6.42383851160428, 42.987852522137295 ], [ -6.411485585941991, 43.016409507895574 ], [ -6.394012995292289, 43.018649716763782 ], [ -6.397004800080774, 43.038512360416981 ], [ -6.373889327264743, 43.041513487154681 ], [ -6.360924259344064, 43.058449158198286 ], [ -6.333275198795016, 43.04660099161886 ], [ -6.327377895553083, 43.031436394755325 ], [ -6.307938086733877, 43.028326398165412 ], [ -6.295079502516217, 43.027389909870742 ], [ -6.274257687083944, 43.040283814469653 ], [ -6.229822653216607, 43.028598726468445 ], [ -6.227558954491867, 43.04194016062732 ], [ -6.216365988311802, 43.046866902405803 ], [ -6.182743508304851, 43.048511827836869 ], [ -6.162685240716758, 43.033630109430014 ], [ -6.148751557142595, 43.03517500602252 ], [ -6.141030866483398, 43.020450673033025 ], [ -6.120629380226243, 43.023814970903743 ], [ -6.119639388328629, 43.016855348249862 ], [ -6.130980204907621, 43.010874940973181 ], [ -6.156895939743228, 43.009301328807972 ], [ -6.147767537653535, 42.998199911337743 ], [ -6.161987754637912, 42.984989668345364 ], [ -6.198640780183347, 42.982042198036289 ], [ -6.192718774342672, 42.970215350942055 ], [ -6.198250639282112, 42.962858313164496 ], [ -6.183446383394085, 42.940044620632413 ], [ -6.189148687192506, 42.93155818323789 ], [ -6.209424949365718, 42.923101663103928 ], [ -6.230435555023814, 42.926835195486653 ], [ -6.208058595236639, 42.90833943755635 ], [ -6.177546987570987, 42.89680420711764 ], [ -6.193336915234186, 42.869061758288026 ], [ -6.220981778037161, 42.863907191275274 ], [ -6.23901254140829, 42.850685734507103 ], [ -6.26612417982036, 42.860830472141423 ], [ -6.280648075941499, 42.846234607189693 ], [ -6.276075402485702, 42.83684902152423 ], [ -6.282085681865652, 42.8264523141968 ], [ -6.259863813433454, 42.814353036805024 ], [ -6.257513509850988, 42.80201691430122 ], [ -6.241197705017099, 42.788539113751696 ], [ -6.211545858894396, 42.788339394298674 ], [ -6.161651919674442, 42.765186295025707 ], [ -6.167237751699022, 42.746024013817561 ], [ -6.122360967807621, 42.729329122238468 ], [ -6.118885676637399, 42.716799774491072 ], [ -6.176690728614166, 42.697897306008272 ], [ -6.174899310173566, 42.682282411110613 ], [ -6.193210262489884, 42.679840211065724 ], [ -6.201590286552386, 42.660333055618551 ], [ -6.221263745581835, 42.659069255290703 ], [ -6.23534355090496, 42.646994084399743 ], [ -6.239155847740398, 42.624597287196224 ], [ -6.227008236840882, 42.613112496646615 ], [ -6.231684475134705, 42.560073146650431 ], [ -6.271663829244591, 42.549375678119503 ], [ -6.30022533723699, 42.530040140242455 ], [ -6.299464718485272, 42.512272586005636 ], [ -6.317327796454085, 42.493721277694689 ], [ -6.362056768934205, 42.491316824840446 ], [ -6.389454555371974, 42.437308104786183 ], [ -6.400093777597702, 42.431089197347369 ], [ -6.436635622004639, 42.442335674606042 ], [ -6.455658304257131, 42.439009455939555 ], [ -6.492335397158261, 42.425730511513272 ], [ -6.495905610758821, 42.410941921845037 ], [ -6.528329313199074, 42.403046535057136 ], [ -6.494781744794463, 42.390319792878032 ], [ -6.485852281202051, 42.374584549310001 ], [ -6.458365889532637, 42.369163880930095 ], [ -6.456636685815211, 42.349388788651751 ], [ -6.4730935767578, 42.337415211105188 ], [ -6.461249242414514, 42.312166693102753 ], [ -6.482704496959941, 42.287460887771928 ], [ -6.534453805360193, 42.263103732175317 ], [ -6.541826215721472, 42.25155841839981 ], [ -6.534111475834623, 42.231761685319967 ], [ -6.556355903861547, 42.221170171273442 ], [ -6.557041115339707, 42.20737267430561 ], [ -6.613392748054515, 42.203765707711817 ], [ -6.63851799711877, 42.217461678047393 ], [ -6.706141177552049, 42.20957363276748 ], [ -6.721310761628166, 42.214076807405966 ], [ -6.742784308351871, 42.240640600769815 ], [ -6.759137425692251, 42.238937025186978 ], [ -6.774624500847545, 42.25497093761691 ], [ -6.787846910506812, 42.254314074530939 ], [ -6.802868861790035, 42.239014768066454 ], [ -6.787879452937036, 42.21575383952144 ], [ -6.820001799620612, 42.193547265193168 ], [ -6.785912449751891, 42.16700926563631 ], [ -6.788151461416004, 42.153642603130606 ], [ -6.81734026319826, 42.148855058947319 ], [ -6.826908182236429, 42.13580699078824 ], [ -6.850142364807763, 42.135627970662092 ], [ -6.846826929661955, 42.124699849170753 ], [ -6.859663716869669, 42.118020286656119 ], [ -6.848071623121164, 42.108542446119408 ], [ -6.8575515511368, 42.099947323377933 ], [ -6.904087693324303, 42.117152489195568 ], [ -6.923912091497156, 42.111265065346927 ], [ -6.950419773990828, 42.095217678580042 ], [ -6.959204744943905, 42.072830777702457 ], [ -6.976699558487948, 42.071624837109454 ], [ -6.977715832519444, 42.057688132693322 ], [ -6.994427086671119, 42.069679184927637 ], [ -7.017372427776689, 42.074245642743691 ], [ -7.031943863768158, 42.066029379661501 ], [ -7.041508567855088, 42.074278228628877 ], [ -7.08929619554003, 42.083272162699345 ], [ -7.112421009833707, 42.05295480375608 ], [ -7.152445648444465, 42.069697888465939 ], [ -7.177225770472081, 42.074897052505904 ], [ -7.190117147092931, 42.069090427580463 ], [ -7.220050727166725, 42.079831520448828 ], [ -7.237562301813084, 42.067091717854957 ], [ -7.275725516610541, 42.070069004140535 ], [ -7.285768435636576, 42.062169675875055 ], [ -7.333998059262491, 42.057106795358173 ], [ -7.349988772144309, 42.041785870247146 ], [ -7.365761080927164, 42.062165066038361 ], [ -7.381194422515094, 42.066265252461783 ], [ -7.371158975589582, 42.071188730801495 ], [ -7.374570981103544, 42.08113835596145 ], [ -7.4125690942047, 42.111003704828249 ], [ -7.43015844170854, 42.11428029858687 ], [ -7.430220865119067, 42.132641874014688 ], [ -7.473052628515315, 42.167256836843244 ], [ -7.481624849767824, 42.145576191792799 ], [ -7.506821218306891, 42.125262932865688 ], [ -7.539756782994324, 42.125535191235656 ], [ -7.56678454941704, 42.138526967192909 ], [ -7.553306003682669, 42.108805144647313 ], [ -7.557922937260167, 42.098640490173906 ], [ -7.549489470304358, 42.090222775711439 ], [ -7.559903748554665, 42.075634464347267 ], [ -7.55554875658585, 42.047342766193879 ], [ -7.566754086903263, 42.0333483871336 ], [ -7.544716994746067, 42.014531468062721 ], [ -7.557567136635972, 41.995408922558489 ], [ -7.596637106760143, 41.970029087800739 ], [ -7.6001989709935, 41.958426308363713 ], [ -7.632416417409742, 41.957211623267142 ], [ -7.671817356662281, 41.933761174351517 ], [ -7.679293000775722, 41.919201362015279 ], [ -7.733458488971397, 41.892356893585536 ], [ -7.763491122778544, 41.899124169027871 ], [ -7.791694598514592, 41.883159668062746 ], [ -7.845243882958467, 41.881179844340465 ], [ -7.841998041622074, 41.866027873291713 ], [ -7.876650737523387, 41.849102070131778 ], [ -7.89189665784911, 41.859714550949711 ], [ -7.884278249557989, 41.881397281471195 ], [ -7.884683528, 41.924324251 ], [ -7.90633822, 41.92710194 ] ] ] } }
]
}
