{
"type": "FeatureCollection",
"name": "rios",
"crs": { "type": "name", "properties": { "name": "urn:ogc:def:crs:OGC:1.3:CRS84" } },
"features": [
{ "type": "Feature", "properties": { "ord": 5 }, "geometry": { "type": "LineString", "coordinates": [ [ -6.727083333333582, 43.53124999999951 ], [ -6.722916666666976, 43.556249999999515 ] ] } },
{ "type": "Feature", "properties": { "ord": 5 }, "geometry": { "type": "LineString", "coordinates": [ [ -6.735416666666964, 43.514583333332844 ], [ -6.727083333333582, 43.53124999999951 ] ] } },
{ "type": "Feature", "properties": { "ord": 5 }, "geometry": { "type": "LineString", "coordinates": [ [ -6.731250000000301, 43.510416666666181 ], [ -6.735416666666964, 43.514583333332844 ] ] } },
{ "type": "Feature", "properties": { "ord": 5 }, "geometry": { "type": "LineString", "coordinates": [ [ -6.077083333333604, 43.506249999999518 ], [ -6.08541666666693, 43.527083333332861 ], [ -6.077083333333604, 43.56458333333287 ] ] } },
{ "type": "Feature", "properties": { "ord": 5 }, "geometry": { "type": "LineString", "coordinates": [ [ -6.097916666666947, 43.493749999999501 ], [ -6.08541666666693, 43.493749999999501 ], [ -6.077083333333604, 43.506249999999518 ] ] } },
{ "type": "Feature", "properties": { "ord": 5 }, "geometry": { "type": "LineString", "coordinates": [ [ -6.727083333333582, 43.481249999999484 ], [ -6.722916666666976, 43.489583333332853 ], [ -6.735416666666964, 43.506249999999518 ], [ -6.731250000000301, 43.510416666666181 ] ] } },
{ "type": "Feature", "properties": { "ord": 5 }, "geometry": { "type": "LineString", "coordinates": [ [ -6.102083333333638, 43.477083333332835 ], [ -6.097916666666947, 43.493749999999501 ] ] } },
{ "type": "Feature", "properties": { "ord": 5 }, "geometry": { "type": "LineString", "coordinates": [ [ -6.718750000000284, 43.472916666666173 ], [ -6.727083333333582, 43.481249999999484 ] ] } },
{ "type": "Feature", "properties": { "ord": 5 }, "geometry": { "type": "LineString", "coordinates": [ [ -6.089583333333621, 43.456249999999535 ], [ -6.102083333333638, 43.460416666666198 ], [ -6.102083333333638, 43.477083333332835 ] ] } },
{ "type": "Feature", "properties": { "ord": 5 }, "geometry": { "type": "LineString", "coordinates": [ [ -6.739583333333599, 43.443749999999518 ], [ -6.718750000000284, 43.472916666666173 ] ] } },
{ "type": "Feature", "properties": { "ord": 5 }, "geometry": { "type": "LineString", "coordinates": [ [ -6.064583333333644, 43.443749999999518 ], [ -6.089583333333621, 43.456249999999535 ] ] } },
{ "type": "Feature", "properties": { "ord": 5 }, "geometry": { "type": "LineString", "coordinates": [ [ -6.743750000000261, 43.43958333333287 ], [ -6.739583333333599, 43.443749999999518 ] ] } },
{ "type": "Feature", "properties": { "ord": 5 }, "geometry": { "type": "LineString", "coordinates": [ [ -6.060416666666896, 43.431249999999501 ], [ -6.068750000000307, 43.435416666666207 ], [ -6.064583333333644, 43.443749999999518 ] ] } },
{ "type": "Feature", "properties": { "ord": 5 }, "geometry": { "type": "LineString", "coordinates": [ [ -6.760416666666941, 43.42291666666619 ], [ -6.743750000000261, 43.43958333333287 ] ] } },
{ "type": "Feature", "properties": { "ord": 5 }, "geometry": { "type": "LineString", "coordinates": [ [ -6.781250000000284, 43.402083333332847 ], [ -6.764583333333604, 43.402083333332847 ] ] } },
{ "type": "Feature", "properties": { "ord": 5 }, "geometry": { "type": "LineString", "coordinates": [ [ -6.764583333333604, 43.402083333332847 ], [ -6.760416666666941, 43.42291666666619 ] ] } },
{ "type": "Feature", "properties": { "ord": 5 }, "geometry": { "type": "LineString", "coordinates": [ [ -6.060416666666896, 43.402083333332847 ], [ -6.060416666666896, 43.431249999999501 ] ] } },
{ "type": "Feature", "properties": { "ord": 5 }, "geometry": { "type": "LineString", "coordinates": [ [ -6.80208333333357, 43.393749999999493 ], [ -6.781250000000284, 43.402083333332847 ] ] } },
{ "type": "Feature", "properties": { "ord": 5 }, "geometry": { "type": "LineString", "coordinates": [ [ -6.014583333333604, 43.397916666666198 ], [ -6.060416666666896, 43.402083333332847 ] ] } },
{ "type": "Feature", "properties": { "ord": 5 }, "geometry": { "type": "LineString", "coordinates": [ [ -6.002083333333587, 43.38958333333283 ], [ -6.014583333333604, 43.397916666666198 ] ] } },
{ "type": "Feature", "properties": { "ord": 5 }, "geometry": { "type": "LineString", "coordinates": [ [ -5.981250000000301, 43.38958333333283 ], [ -6.002083333333587, 43.38958333333283 ] ] } },
{ "type": "Feature", "properties": { "ord": 5 }, "geometry": { "type": "LineString", "coordinates": [ [ -6.831250000000296, 43.385416666666181 ], [ -6.810416666666924, 43.385416666666181 ], [ -6.80208333333357, 43.393749999999493 ] ] } },
{ "type": "Feature", "properties": { "ord": 5 }, "geometry": { "type": "LineString", "coordinates": [ [ -6.831250000000296, 43.377083333332855 ], [ -6.831250000000296, 43.385416666666181 ] ] } },
{ "type": "Feature", "properties": { "ord": 5 }, "geometry": { "type": "LineString", "coordinates": [ [ -5.964583333333621, 43.368749999999544 ], [ -5.977083333333638, 43.368749999999544 ], [ -5.981250000000301, 43.38958333333283 ] ] } },
{ "type": "Feature", "properties": { "ord": 5 }, "geometry": { "type": "LineString", "coordinates": [ [ -5.964583333333621, 43.352083333332864 ], [ -5.964583333333621, 43.368749999999544 ] ] } },
{ "type": "Feature", "properties": { "ord": 5 }, "geometry": { "type": "LineString", "coordinates": [ [ -6.822916666666941, 43.314583333332855 ], [ -6.856250000000301, 43.32708333333283 ], [ -6.835416666666958, 43.339583333332847 ], [ -6.831250000000296, 43.377083333332855 ] ] } },
{ "type": "Feature", "properties": { "ord": 5 }, "geometry": { "type": "LineString", "coordinates": [ [ -2.989583333333684, 43.314583333332855 ], [ -3.018750000000352, 43.32708333333283 ] ] } },
{ "type": "Feature", "properties": { "ord": 5 }, "geometry": { "type": "LineString", "coordinates": [ [ -2.98125000000033, 43.310416666666192 ], [ -2.989583333333684, 43.314583333332855 ] ] } },
{ "type": "Feature", "properties": { "ord": 5 }, "geometry": { "type": "LineString", "coordinates": [ [ -6.831250000000296, 43.297916666666175 ], [ -6.822916666666941, 43.314583333332855 ] ] } },
{ "type": "Feature", "properties": { "ord": 5 }, "geometry": { "type": "LineString", "coordinates": [ [ -2.972916666667004, 43.293749999999527 ], [ -2.98125000000033, 43.310416666666192 ] ] } },
{ "type": "Feature", "properties": { "ord": 5 }, "geometry": { "type": "LineString", "coordinates": [ [ -2.972916666667004, 43.289583333332864 ], [ -2.972916666667004, 43.293749999999527 ] ] } },
{ "type": "Feature", "properties": { "ord": 5 }, "geometry": { "type": "LineString", "coordinates": [ [ -6.831250000000296, 43.272916666666184 ], [ -6.831250000000296, 43.297916666666175 ] ] } },
{ "type": "Feature", "properties": { "ord": 5 }, "geometry": { "type": "LineString", "coordinates": [ [ -2.943750000000364, 43.268749999999493 ], [ -2.956250000000296, 43.268749999999493 ], [ -2.972916666667004, 43.289583333332864 ] ] } },
{ "type": "Feature", "properties": { "ord": 5 }, "geometry": { "type": "LineString", "coordinates": [ [ -2.918750000000358, 43.247916666666192 ], [ -2.931250000000347, 43.268749999999493 ], [ -2.943750000000364, 43.268749999999493 ] ] } },
{ "type": "Feature", "properties": { "ord": 5 }, "geometry": { "type": "LineString", "coordinates": [ [ -2.877083333333616, 43.239583333332838 ], [ -2.918750000000358, 43.247916666666192 ] ] } },
{ "type": "Feature", "properties": { "ord": 5 }, "geometry": { "type": "LineString", "coordinates": [ [ -6.847916666666976, 43.218749999999496 ], [ -6.847916666666976, 43.235416666666175 ], [ -6.839583333333621, 43.239583333332838 ], [ -6.843750000000284, 43.252083333332855 ], [ -6.831250000000296, 43.272916666666184 ] ] } },
{ "type": "Feature", "properties": { "ord": 5 }, "geometry": { "type": "LineString", "coordinates": [ [ -6.843750000000284, 43.210416666666184 ], [ -6.847916666666976, 43.218749999999496 ] ] } },
{ "type": "Feature", "properties": { "ord": 5 }, "geometry": { "type": "LineString", "coordinates": [ [ -6.864583333333627, 43.193749999999504 ], [ -6.843750000000284, 43.210416666666184 ] ] } },
{ "type": "Feature", "properties": { "ord": 5 }, "geometry": { "type": "LineString", "coordinates": [ [ -6.868750000000233, 43.189583333332855 ], [ -6.864583333333627, 43.193749999999504 ] ] } },
{ "type": "Feature", "properties": { "ord": 5 }, "geometry": { "type": "LineString", "coordinates": [ [ -6.868750000000233, 43.185416666666192 ], [ -6.868750000000233, 43.189583333332855 ] ] } },
{ "type": "Feature", "properties": { "ord": 5 }, "geometry": { "type": "LineString", "coordinates": [ [ -6.885416666666941, 43.131249999999504 ], [ -6.885416666666941, 43.139583333332872 ], [ -6.860416666666964, 43.164583333332864 ], [ -6.868750000000233, 43.185416666666192 ] ] } },
{ "type": "Feature", "properties": { "ord": 5 }, "geometry": { "type": "LineString", "coordinates": [ [ -6.910416666666947, 43.097916666666201 ], [ -6.893750000000267, 43.110416666666175 ], [ -6.885416666666941, 43.131249999999504 ] ] } },
{ "type": "Feature", "properties": { "ord": 5 }, "geometry": { "type": "LineString", "coordinates": [ [ -7.622916666666924, 43.093749999999538 ], [ -7.635416666666941, 43.077083333332816 ], [ -7.631250000000279, 43.05624999999953 ] ] } },
{ "type": "Feature", "properties": { "ord": 5 }, "geometry": { "type": "LineString", "coordinates": [ [ -7.631250000000279, 43.05624999999953 ], [ -7.610416666666907, 43.031249999999538 ], [ -7.593750000000284, 43.031249999999538 ], [ -7.585416666666873, 43.010416666666153 ] ] } },
{ "type": "Feature", "properties": { "ord": 5 }, "geometry": { "type": "LineString", "coordinates": [ [ -7.585416666666873, 43.010416666666153 ], [ -7.581250000000267, 43.006249999999504 ] ] } },
{ "type": "Feature", "properties": { "ord": 5 }, "geometry": { "type": "LineString", "coordinates": [ [ -7.581250000000267, 43.006249999999504 ], [ -7.543750000000244, 42.989583333332867 ] ] } },
{ "type": "Feature", "properties": { "ord": 5 }, "geometry": { "type": "LineString", "coordinates": [ [ -7.543750000000244, 42.989583333332867 ], [ -7.539583333333582, 42.989583333332867 ] ] } },
{ "type": "Feature", "properties": { "ord": 5 }, "geometry": { "type": "LineString", "coordinates": [ [ -7.539583333333582, 42.989583333332867 ], [ -7.522916666666958, 42.972916666666187 ] ] } },
{ "type": "Feature", "properties": { "ord": 5 }, "geometry": { "type": "LineString", "coordinates": [ [ -7.522916666666958, 42.972916666666187 ], [ -7.522916666666958, 42.952083333332858 ], [ -7.514583333333604, 42.939583333332841 ] ] } },
{ "type": "Feature", "properties": { "ord": 5 }, "geometry": { "type": "LineString", "coordinates": [ [ -7.514583333333604, 42.939583333332841 ], [ -7.514583333333604, 42.931249999999515 ] ] } },
{ "type": "Feature", "properties": { "ord": 5 }, "geometry": { "type": "LineString", "coordinates": [ [ -3.47708333333361, 42.893749999999507 ], [ -3.472916666667004, 42.889583333332858 ] ] } },
{ "type": "Feature", "properties": { "ord": 5 }, "geometry": { "type": "LineString", "coordinates": [ [ -7.514583333333604, 42.931249999999515 ], [ -7.527083333333564, 42.906249999999524 ], [ -7.51875000000021, 42.893749999999507 ], [ -7.535416666666919, 42.877083333332841 ] ] } },
{ "type": "Feature", "properties": { "ord": 5 }, "geometry": { "type": "LineString", "coordinates": [ [ -3.472916666667004, 42.889583333332858 ], [ -3.456250000000352, 42.868749999999515 ] ] } },
{ "type": "Feature", "properties": { "ord": 5 }, "geometry": { "type": "LineString", "coordinates": [ [ -7.535416666666919, 42.877083333332841 ], [ -7.547916666666936, 42.877083333332841 ], [ -7.564583333333616, 42.860416666666204 ] ] } },
{ "type": "Feature", "properties": { "ord": 5 }, "geometry": { "type": "LineString", "coordinates": [ [ -3.456250000000352, 42.868749999999515 ], [ -3.422916666667021, 42.839583333332875 ] ] } },
{ "type": "Feature", "properties": { "ord": 5 }, "geometry": { "type": "LineString", "coordinates": [ [ -7.564583333333616, 42.860416666666204 ], [ -7.577083333333604, 42.856249999999498 ], [ -7.564583333333616, 42.835416666666212 ] ] } },
{ "type": "Feature", "properties": { "ord": 5 }, "geometry": { "type": "LineString", "coordinates": [ [ -7.564583333333616, 42.835416666666212 ], [ -7.585416666666873, 42.835416666666212 ], [ -7.59791666666689, 42.822916666666195 ] ] } },
{ "type": "Feature", "properties": { "ord": 5 }, "geometry": { "type": "LineString", "coordinates": [ [ -7.59791666666689, 42.822916666666195 ], [ -7.602083333333582, 42.810416666666178 ] ] } },
{ "type": "Feature", "properties": { "ord": 5 }, "geometry": { "type": "LineString", "coordinates": [ [ -1.764583333333718, 42.806249999999515 ], [ -1.764583333333718, 42.802083333332853 ] ] } },
{ "type": "Feature", "properties": { "ord": 5 }, "geometry": { "type": "LineString", "coordinates": [ [ -7.602083333333582, 42.810416666666178 ], [ -7.622916666666924, 42.797916666666204 ] ] } },
{ "type": "Feature", "properties": { "ord": 5 }, "geometry": { "type": "LineString", "coordinates": [ [ -7.622916666666924, 42.797916666666204 ], [ -7.627083333333616, 42.793749999999541 ] ] } },
{ "type": "Feature", "properties": { "ord": 5 }, "geometry": { "type": "LineString", "coordinates": [ [ -3.422916666667021, 42.839583333332875 ], [ -3.406250000000341, 42.810416666666178 ], [ -3.385416666666998, 42.793749999999541 ] ] } },
{ "type": "Feature", "properties": { "ord": 5 }, "geometry": { "type": "LineString", "coordinates": [ [ -1.764583333333718, 42.802083333332853 ], [ -1.777083333333678, 42.793749999999541 ] ] } },
{ "type": "Feature", "properties": { "ord": 5 }, "geometry": { "type": "LineString", "coordinates": [ [ -7.627083333333616, 42.793749999999541 ], [ -7.639583333333604, 42.789583333332835 ] ] } },
{ "type": "Feature", "properties": { "ord": 5 }, "geometry": { "type": "LineString", "coordinates": [ [ -1.777083333333678, 42.793749999999541 ], [ -1.797916666667021, 42.785416666666187 ] ] } },
{ "type": "Feature", "properties": { "ord": 6 }, "geometry": { "type": "LineString", "coordinates": [ [ -3.352083333333695, 42.789583333332835 ], [ -3.343750000000341, 42.793749999999541 ], [ -3.335416666667015, 42.781249999999524 ] ] } },
{ "type": "Feature", "properties": { "ord": 6 }, "geometry": { "type": "LineString", "coordinates": [ [ -3.385416666666998, 42.793749999999541 ], [ -3.381250000000335, 42.797916666666204 ], [ -3.381250000000335, 42.785416666666187 ], [ -3.368750000000318, 42.777083333332861 ], [ -3.352083333333695, 42.789583333332835 ] ] } },
{ "type": "Feature", "properties": { "ord": 6 }, "geometry": { "type": "LineString", "coordinates": [ [ -3.227083333333695, 42.772916666666212 ], [ -3.202083333333604, 42.772916666666212 ] ] } },
{ "type": "Feature", "properties": { "ord": 5 }, "geometry": { "type": "LineString", "coordinates": [ [ -3.431250000000318, 42.76874999999955 ], [ -3.422916666667021, 42.785416666666187 ], [ -3.385416666666998, 42.793749999999541 ] ] } },
{ "type": "Feature", "properties": { "ord": 6 }, "geometry": { "type": "LineString", "coordinates": [ [ -3.335416666667015, 42.781249999999524 ], [ -3.293750000000301, 42.772916666666212 ], [ -3.285416666666976, 42.764583333332844 ] ] } },
{ "type": "Feature", "properties": { "ord": 5 }, "geometry": { "type": "LineString", "coordinates": [ [ -7.639583333333604, 42.789583333332835 ], [ -7.631250000000279, 42.781249999999524 ], [ -7.635416666666941, 42.760416666666195 ] ] } },
{ "type": "Feature", "properties": { "ord": 6 }, "geometry": { "type": "LineString", "coordinates": [ [ -3.285416666666976, 42.764583333332844 ], [ -3.277083333333678, 42.760416666666195 ] ] } },
{ "type": "Feature", "properties": { "ord": 6 }, "geometry": { "type": "LineString", "coordinates": [ [ -3.277083333333678, 42.760416666666195 ], [ -3.26458333333369, 42.764583333332844 ], [ -3.260416666667027, 42.785416666666187 ], [ -3.243750000000318, 42.764583333332844 ], [ -3.227083333333695, 42.772916666666212 ] ] } },
{ "type": "Feature", "properties": { "ord": 5 }, "geometry": { "type": "LineString", "coordinates": [ [ -7.635416666666941, 42.760416666666195 ], [ -7.652083333333536, 42.756249999999532 ] ] } },
{ "type": "Feature", "properties": { "ord": 6 }, "geometry": { "type": "LineString", "coordinates": [ [ -3.202083333333604, 42.772916666666212 ], [ -3.147916666667015, 42.756249999999532 ], [ -3.097916666666976, 42.76874999999955 ], [ -3.085416666666958, 42.760416666666195 ], [ -3.077083333333633, 42.76874999999955 ], [ -3.068750000000364, 42.760416666666195 ], [ -3.047916666666993, 42.760416666666195 ] ] } },
{ "type": "Feature", "properties": { "ord": 6 }, "geometry": { "type": "LineString", "coordinates": [ [ -3.047916666666993, 42.760416666666195 ], [ -3.047916666666993, 42.747916666666178 ], [ -3.02708333333365, 42.739583333332853 ] ] } },
{ "type": "Feature", "properties": { "ord": 6 }, "geometry": { "type": "LineString", "coordinates": [ [ -3.02708333333365, 42.739583333332853 ], [ -3.018750000000352, 42.735416666666204 ] ] } },
{ "type": "Feature", "properties": { "ord": 6 }, "geometry": { "type": "LineString", "coordinates": [ [ -3.018750000000352, 42.735416666666204 ], [ -3.006250000000335, 42.731249999999541 ] ] } },
{ "type": "Feature", "properties": { "ord": 5 }, "geometry": { "type": "LineString", "coordinates": [ [ -7.652083333333536, 42.756249999999532 ], [ -7.652083333333536, 42.743749999999515 ], [ -7.681250000000261, 42.735416666666204 ], [ -7.685416666666924, 42.718749999999524 ] ] } },
{ "type": "Feature", "properties": { "ord": 6 }, "geometry": { "type": "LineString", "coordinates": [ [ -3.006250000000335, 42.731249999999541 ], [ -2.985416666667021, 42.714583333332861 ] ] } },
{ "type": "Feature", "properties": { "ord": 5 }, "geometry": { "type": "LineString", "coordinates": [ [ -1.797916666667021, 42.785416666666187 ], [ -1.810416666667038, 42.785416666666187 ], [ -1.835416666666987, 42.756249999999532 ], [ -1.843750000000341, 42.739583333332853 ], [ -1.839583333333678, 42.714583333332861 ] ] } },
{ "type": "Feature", "properties": { "ord": 5 }, "geometry": { "type": "LineString", "coordinates": [ [ -7.685416666666924, 42.718749999999524 ], [ -7.67708333333357, 42.70624999999955 ] ] } },
{ "type": "Feature", "properties": { "ord": 5 }, "geometry": { "type": "LineString", "coordinates": [ [ -7.67708333333357, 42.70624999999955 ], [ -7.67708333333357, 42.702083333332887 ] ] } },
{ "type": "Feature", "properties": { "ord": 6 }, "geometry": { "type": "LineString", "coordinates": [ [ -2.985416666667021, 42.714583333332861 ], [ -2.98125000000033, 42.702083333332887 ] ] } },
{ "type": "Feature", "properties": { "ord": 6 }, "geometry": { "type": "LineString", "coordinates": [ [ -2.98125000000033, 42.702083333332887 ], [ -2.968750000000313, 42.693749999999532 ] ] } },
{ "type": "Feature", "properties": { "ord": 5 }, "geometry": { "type": "LineString", "coordinates": [ [ -7.67708333333357, 42.702083333332887 ], [ -7.693750000000279, 42.68958333333287 ], [ -7.71041666666693, 42.693749999999532 ], [ -7.718750000000284, 42.685416666666164 ] ] } },
{ "type": "Feature", "properties": { "ord": 5 }, "geometry": { "type": "LineString", "coordinates": [ [ -7.718750000000284, 42.685416666666164 ], [ -7.722916666666947, 42.681249999999515 ] ] } },
{ "type": "Feature", "properties": { "ord": 6 }, "geometry": { "type": "LineString", "coordinates": [ [ -2.968750000000313, 42.693749999999532 ], [ -2.931250000000347, 42.677083333332853 ] ] } },
{ "type": "Feature", "properties": { "ord": 6 }, "geometry": { "type": "LineString", "coordinates": [ [ -2.931250000000347, 42.677083333332853 ], [ -2.90208333333365, 42.668749999999541 ] ] } },
{ "type": "Feature", "properties": { "ord": 6 }, "geometry": { "type": "LineString", "coordinates": [ [ -2.90208333333365, 42.668749999999541 ], [ -2.897916666666987, 42.668749999999541 ] ] } },
{ "type": "Feature", "properties": { "ord": 5 }, "geometry": { "type": "LineString", "coordinates": [ [ -1.839583333333678, 42.714583333332861 ], [ -1.839583333333678, 42.697916666666181 ], [ -1.827083333333718, 42.702083333332887 ], [ -1.818750000000364, 42.693749999999532 ], [ -1.831250000000381, 42.685416666666164 ], [ -1.818750000000364, 42.668749999999541 ] ] } },
{ "type": "Feature", "properties": { "ord": 5 }, "geometry": { "type": "LineString", "coordinates": [ [ -7.722916666666947, 42.681249999999515 ], [ -7.731250000000244, 42.660416666666173 ] ] } },
{ "type": "Feature", "properties": { "ord": 5 }, "geometry": { "type": "LineString", "coordinates": [ [ -7.731250000000244, 42.660416666666173 ], [ -7.718750000000284, 42.647916666666198 ] ] } },
{ "type": "Feature", "properties": { "ord": 6 }, "geometry": { "type": "LineString", "coordinates": [ [ -2.897916666666987, 42.668749999999541 ], [ -2.868750000000347, 42.64374999999955 ] ] } },
{ "type": "Feature", "properties": { "ord": 5 }, "geometry": { "type": "LineString", "coordinates": [ [ -1.818750000000364, 42.668749999999541 ], [ -1.843750000000341, 42.656249999999524 ], [ -1.839583333333678, 42.639583333332844 ] ] } },
{ "type": "Feature", "properties": { "ord": 6 }, "geometry": { "type": "LineString", "coordinates": [ [ -2.868750000000347, 42.64374999999955 ], [ -2.843750000000341, 42.631249999999518 ] ] } },
{ "type": "Feature", "properties": { "ord": 5 }, "geometry": { "type": "LineString", "coordinates": [ [ -1.839583333333678, 42.639583333332844 ], [ -1.843750000000341, 42.62708333333287 ] ] } },
{ "type": "Feature", "properties": { "ord": 5 }, "geometry": { "type": "LineString", "coordinates": [ [ -7.718750000000284, 42.647916666666198 ], [ -7.722916666666947, 42.635416666666224 ], [ -7.71041666666693, 42.622916666666207 ] ] } },
{ "type": "Feature", "properties": { "ord": 5 }, "geometry": { "type": "LineString", "coordinates": [ [ -7.71041666666693, 42.622916666666207 ], [ -7.722916666666947, 42.602083333332878 ] ] } },
{ "type": "Feature", "properties": { "ord": 5 }, "geometry": { "type": "LineString", "coordinates": [ [ -1.843750000000341, 42.62708333333287 ], [ -1.852083333333695, 42.597916666666215 ] ] } },
{ "type": "Feature", "properties": { "ord": 5 }, "geometry": { "type": "LineString", "coordinates": [ [ -7.722916666666947, 42.602083333332878 ], [ -7.72708333333361, 42.59374999999951 ] ] } },
{ "type": "Feature", "properties": { "ord": 6 }, "geometry": { "type": "LineString", "coordinates": [ [ -2.843750000000341, 42.631249999999518 ], [ -2.843750000000341, 42.602083333332878 ], [ -2.852083333333667, 42.59374999999951 ], [ -2.843750000000341, 42.589583333332861 ], [ -2.827083333333661, 42.602083333332878 ], [ -2.818750000000364, 42.597916666666215 ] ] } },
{ "type": "Feature", "properties": { "ord": 5 }, "geometry": { "type": "LineString", "coordinates": [ [ -1.852083333333695, 42.597916666666215 ], [ -1.856250000000358, 42.589583333332861 ] ] } },
{ "type": "Feature", "properties": { "ord": 6 }, "geometry": { "type": "LineString", "coordinates": [ [ -2.818750000000364, 42.597916666666215 ], [ -2.83958333333365, 42.581249999999535 ] ] } },
{ "type": "Feature", "properties": { "ord": 5 }, "geometry": { "type": "LineString", "coordinates": [ [ -1.856250000000358, 42.589583333332861 ], [ -1.847916666667004, 42.581249999999535 ] ] } },
{ "type": "Feature", "properties": { "ord": 5 }, "geometry": { "type": "LineString", "coordinates": [ [ -1.272916666667044, 42.597916666666215 ], [ -1.285416666666976, 42.581249999999535 ] ] } },
{ "type": "Feature", "properties": { "ord": 5 }, "geometry": { "type": "LineString", "coordinates": [ [ -7.72708333333361, 42.59374999999951 ], [ -7.72708333333361, 42.572916666666181 ] ] } },
{ "type": "Feature", "properties": { "ord": 5 }, "geometry": { "type": "LineString", "coordinates": [ [ -1.285416666666976, 42.581249999999535 ], [ -1.285416666666976, 42.56458333333287 ] ] } },
{ "type": "Feature", "properties": { "ord": 6 }, "geometry": { "type": "LineString", "coordinates": [ [ -2.772916666666987, 42.560416666666207 ], [ -2.76041666666697, 42.560416666666207 ] ] } },
{ "type": "Feature", "properties": { "ord": 6 }, "geometry": { "type": "LineString", "coordinates": [ [ -2.83958333333365, 42.581249999999535 ], [ -2.822916666667027, 42.556249999999501 ] ] } },
{ "type": "Feature", "properties": { "ord": 5 }, "geometry": { "type": "LineString", "coordinates": [ [ -1.847916666667004, 42.581249999999535 ], [ -1.839583333333678, 42.560416666666207 ], [ -1.822916666666998, 42.552083333332853 ] ] } },
{ "type": "Feature", "properties": { "ord": 5 }, "geometry": { "type": "LineString", "coordinates": [ [ -1.285416666666976, 42.56458333333287 ], [ -1.293750000000387, 42.552083333332853 ] ] } },
{ "type": "Feature", "properties": { "ord": 6 }, "geometry": { "type": "LineString", "coordinates": [ [ -2.822916666667027, 42.556249999999501 ], [ -2.81041666666701, 42.572916666666181 ], [ -2.789583333333695, 42.56458333333287 ], [ -2.781250000000341, 42.54791666666619 ], [ -2.772916666666987, 42.560416666666207 ] ] } },
{ "type": "Feature", "properties": { "ord": 6 }, "geometry": { "type": "LineString", "coordinates": [ [ -2.76041666666697, 42.560416666666207 ], [ -2.764583333333661, 42.54791666666619 ], [ -2.756250000000307, 42.543749999999527 ] ] } },
{ "type": "Feature", "properties": { "ord": 6 }, "geometry": { "type": "LineString", "coordinates": [ [ -2.756250000000307, 42.543749999999527 ], [ -2.747916666666953, 42.539583333332878 ] ] } },
{ "type": "Feature", "properties": { "ord": 5 }, "geometry": { "type": "LineString", "coordinates": [ [ -1.293750000000387, 42.552083333332853 ], [ -1.318750000000364, 42.539583333332878 ], [ -1.347916666667032, 42.539583333332878 ] ] } },
{ "type": "Feature", "properties": { "ord": 5 }, "geometry": { "type": "LineString", "coordinates": [ [ -1.347916666667032, 42.539583333332878 ], [ -1.37291666666701, 42.531249999999552 ] ] } },
{ "type": "Feature", "properties": { "ord": 5 }, "geometry": { "type": "LineString", "coordinates": [ [ -6.760416666666941, 42.531249999999552 ], [ -6.777083333333621, 42.527083333332847 ] ] } },
{ "type": "Feature", "properties": { "ord": 5 }, "geometry": { "type": "LineString", "coordinates": [ [ -7.72708333333361, 42.572916666666181 ], [ -7.685416666666924, 42.56458333333287 ], [ -7.706250000000267, 42.54791666666619 ], [ -7.714583333333621, 42.522916666666198 ] ] } },
{ "type": "Feature", "properties": { "ord": 5 }, "geometry": { "type": "LineString", "coordinates": [ [ -1.37291666666701, 42.531249999999552 ], [ -1.393750000000381, 42.522916666666198 ] ] } },
{ "type": "Feature", "properties": { "ord": 5 }, "geometry": { "type": "LineString", "coordinates": [ [ -7.714583333333621, 42.522916666666198 ], [ -7.714583333333621, 42.518749999999535 ] ] } },
{ "type": "Feature", "properties": { "ord": 6 }, "geometry": { "type": "LineString", "coordinates": [ [ -2.747916666666953, 42.539583333332878 ], [ -2.722916666667032, 42.539583333332878 ], [ -2.739583333333684, 42.522916666666198 ], [ -2.735416666667021, 42.518749999999535 ], [ -2.714583333333678, 42.522916666666198 ] ] } },
{ "type": "Feature", "properties": { "ord": 6 }, "geometry": { "type": "LineString", "coordinates": [ [ -2.714583333333678, 42.522916666666198 ], [ -2.677083333333684, 42.518749999999535 ] ] } },
{ "type": "Feature", "properties": { "ord": 6 }, "geometry": { "type": "LineString", "coordinates": [ [ -2.677083333333684, 42.518749999999535 ], [ -2.672916666667021, 42.510416666666224 ] ] } },
{ "type": "Feature", "properties": { "ord": 5 }, "geometry": { "type": "LineString", "coordinates": [ [ -1.822916666666998, 42.552083333332853 ], [ -1.814583333333701, 42.543749999999527 ], [ -1.831250000000381, 42.522916666666198 ], [ -1.831250000000381, 42.510416666666224 ] ] } },
{ "type": "Feature", "properties": { "ord": 5 }, "geometry": { "type": "LineString", "coordinates": [ [ -6.777083333333621, 42.527083333332847 ], [ -6.797916666666964, 42.522916666666198 ], [ -6.814583333333587, 42.506249999999518 ], [ -6.827083333333604, 42.514583333332872 ], [ -6.835416666666958, 42.510416666666224 ] ] } },
{ "type": "Feature", "properties": { "ord": 5 }, "geometry": { "type": "LineString", "coordinates": [ [ -1.393750000000381, 42.522916666666198 ], [ -1.414583333333695, 42.518749999999535 ], [ -1.422916666666993, 42.506249999999518 ] ] } },
{ "type": "Feature", "properties": { "ord": 5 }, "geometry": { "type": "LineString", "coordinates": [ [ -6.835416666666958, 42.510416666666224 ], [ -6.835416666666958, 42.502083333332855 ] ] } },
{ "type": "Feature", "properties": { "ord": 6 }, "geometry": { "type": "LineString", "coordinates": [ [ -2.51458333333369, 42.514583333332872 ], [ -2.506250000000335, 42.514583333332872 ], [ -2.51458333333369, 42.502083333332855 ], [ -2.510416666666998, 42.489583333332838 ], [ -2.485416666666964, 42.489583333332838 ] ] } },
{ "type": "Feature", "properties": { "ord": 6 }, "geometry": { "type": "LineString", "coordinates": [ [ -2.672916666667021, 42.510416666666224 ], [ -2.639583333333661, 42.48541666666619 ] ] } },
{ "type": "Feature", "properties": { "ord": 6 }, "geometry": { "type": "LineString", "coordinates": [ [ -2.639583333333661, 42.48541666666619 ], [ -2.627083333333701, 42.497916666666207 ] ] } },
{ "type": "Feature", "properties": { "ord": 6 }, "geometry": { "type": "LineString", "coordinates": [ [ -2.568750000000335, 42.493749999999544 ], [ -2.556250000000318, 42.48541666666619 ] ] } },
{ "type": "Feature", "properties": { "ord": 5 }, "geometry": { "type": "LineString", "coordinates": [ [ -1.831250000000381, 42.510416666666224 ], [ -1.835416666666987, 42.493749999999544 ], [ -1.818750000000364, 42.48541666666619 ] ] } },
{ "type": "Feature", "properties": { "ord": 6 }, "geometry": { "type": "LineString", "coordinates": [ [ -2.556250000000318, 42.48541666666619 ], [ -2.535416666667032, 42.481249999999527 ], [ -2.535416666667032, 42.493749999999544 ], [ -2.51458333333369, 42.514583333332872 ] ] } },
{ "type": "Feature", "properties": { "ord": 6 }, "geometry": { "type": "LineString", "coordinates": [ [ -2.627083333333701, 42.497916666666207 ], [ -2.614583333333684, 42.493749999999544 ], [ -2.602083333333695, 42.502083333332855 ], [ -2.593750000000369, 42.493749999999544 ], [ -2.593750000000369, 42.472916666666215 ], [ -2.568750000000335, 42.493749999999544 ] ] } },
{ "type": "Feature", "properties": { "ord": 5 }, "geometry": { "type": "LineString", "coordinates": [ [ -6.835416666666958, 42.502083333332855 ], [ -6.831250000000296, 42.481249999999527 ], [ -6.810416666666924, 42.46874999999951 ] ] } },
{ "type": "Feature", "properties": { "ord": 6 }, "geometry": { "type": "LineString", "coordinates": [ [ -2.485416666666964, 42.489583333332838 ], [ -2.443750000000335, 42.46874999999951 ], [ -2.439583333333672, 42.472916666666215 ] ] } },
{ "type": "Feature", "properties": { "ord": 6 }, "geometry": { "type": "LineString", "coordinates": [ [ -2.439583333333672, 42.472916666666215 ], [ -2.422916666666993, 42.46874999999951 ] ] } },
{ "type": "Feature", "properties": { "ord": 6 }, "geometry": { "type": "LineString", "coordinates": [ [ -2.422916666666993, 42.46874999999951 ], [ -2.414583333333695, 42.46874999999951 ] ] } },
{ "type": "Feature", "properties": { "ord": 6 }, "geometry": { "type": "LineString", "coordinates": [ [ -2.414583333333695, 42.46874999999951 ], [ -2.397916666667044, 42.46874999999951 ] ] } },
{ "type": "Feature", "properties": { "ord": 6 }, "geometry": { "type": "LineString", "coordinates": [ [ -2.397916666667044, 42.46874999999951 ], [ -2.385416666667027, 42.46874999999951 ] ] } },
{ "type": "Feature", "properties": { "ord": 5 }, "geometry": { "type": "LineString", "coordinates": [ [ -7.277083333333593, 42.464583333332847 ], [ -7.302083333333627, 42.472916666666215 ] ] } },
{ "type": "Feature", "properties": { "ord": 6 }, "geometry": { "type": "LineString", "coordinates": [ [ -2.385416666667027, 42.46874999999951 ], [ -2.381250000000335, 42.464583333332847 ] ] } },
{ "type": "Feature", "properties": { "ord": 6 }, "geometry": { "type": "LineString", "coordinates": [ [ -2.381250000000335, 42.464583333332847 ], [ -2.368750000000318, 42.464583333332847 ] ] } },
{ "type": "Feature", "properties": { "ord": 5 }, "geometry": { "type": "LineString", "coordinates": [ [ -1.818750000000364, 42.48541666666619 ], [ -1.810416666667038, 42.481249999999527 ], [ -1.806250000000375, 42.464583333332847 ] ] } },
{ "type": "Feature", "properties": { "ord": 5 }, "geometry": { "type": "LineString", "coordinates": [ [ -1.422916666666993, 42.506249999999518 ], [ -1.427083333333712, 42.493749999999544 ], [ -1.414583333333695, 42.48541666666619 ], [ -1.422916666666993, 42.477083333332864 ], [ -1.406250000000369, 42.464583333332847 ] ] } },
{ "type": "Feature", "properties": { "ord": 5 }, "geometry": { "type": "LineString", "coordinates": [ [ -5.514583333333661, 42.46874999999951 ], [ -5.522916666666987, 42.460416666666198 ] ] } },
{ "type": "Feature", "properties": { "ord": 6 }, "geometry": { "type": "LineString", "coordinates": [ [ -2.302083333333655, 42.460416666666198 ], [ -2.297916666666993, 42.460416666666198 ] ] } },
{ "type": "Feature", "properties": { "ord": 6 }, "geometry": { "type": "LineString", "coordinates": [ [ -2.297916666666993, 42.460416666666198 ], [ -2.285416666667032, 42.464583333332847 ] ] } },
{ "type": "Feature", "properties": { "ord": 5 }, "geometry": { "type": "LineString", "coordinates": [ [ -7.714583333333621, 42.518749999999535 ], [ -7.718750000000284, 42.510416666666224 ], [ -7.706250000000267, 42.481249999999527 ], [ -7.72708333333361, 42.456249999999535 ] ] } },
{ "type": "Feature", "properties": { "ord": 5 }, "geometry": { "type": "LineString", "coordinates": [ [ -7.335416666666902, 42.456249999999535 ], [ -7.35208333333361, 42.456249999999535 ] ] } },
{ "type": "Feature", "properties": { "ord": 5 }, "geometry": { "type": "LineString", "coordinates": [ [ -7.302083333333627, 42.472916666666215 ], [ -7.335416666666902, 42.456249999999535 ] ] } },
{ "type": "Feature", "properties": { "ord": 5 }, "geometry": { "type": "LineString", "coordinates": [ [ -1.406250000000369, 42.464583333332847 ], [ -1.414583333333695, 42.456249999999535 ] ] } },
{ "type": "Feature", "properties": { "ord": 6 }, "geometry": { "type": "LineString", "coordinates": [ [ -2.368750000000318, 42.464583333332847 ], [ -2.356250000000301, 42.464583333332847 ], [ -2.343750000000369, 42.452083333332872 ], [ -2.322916666667027, 42.46874999999951 ], [ -2.302083333333655, 42.460416666666198 ] ] } },
{ "type": "Feature", "properties": { "ord": 6 }, "geometry": { "type": "LineString", "coordinates": [ [ -7.72708333333361, 42.456249999999535 ], [ -7.735416666666907, 42.447916666666181 ] ] } },
{ "type": "Feature", "properties": { "ord": 5 }, "geometry": { "type": "LineString", "coordinates": [ [ -7.35208333333361, 42.456249999999535 ], [ -7.397916666666958, 42.452083333332872 ], [ -7.410416666666919, 42.443749999999518 ] ] } },
{ "type": "Feature", "properties": { "ord": 5 }, "geometry": { "type": "LineString", "coordinates": [ [ -7.222916666666947, 42.443749999999518 ], [ -7.247916666666953, 42.447916666666181 ], [ -7.277083333333593, 42.464583333332847 ] ] } },
{ "type": "Feature", "properties": { "ord": 5 }, "geometry": { "type": "LineString", "coordinates": [ [ -5.522916666666987, 42.460416666666198 ], [ -5.539583333333582, 42.443749999999518 ] ] } },
{ "type": "Feature", "properties": { "ord": 6 }, "geometry": { "type": "LineString", "coordinates": [ [ -2.285416666667032, 42.464583333332847 ], [ -2.268750000000352, 42.443749999999518 ], [ -2.252083333333672, 42.443749999999518 ] ] } },
{ "type": "Feature", "properties": { "ord": 5 }, "geometry": { "type": "LineString", "coordinates": [ [ -1.414583333333695, 42.456249999999535 ], [ -1.422916666666993, 42.443749999999518 ] ] } },
{ "type": "Feature", "properties": { "ord": 5 }, "geometry": { "type": "LineString", "coordinates": [ [ -7.214583333333593, 42.439583333332855 ], [ -7.222916666666947, 42.443749999999518 ] ] } },
{ "type": "Feature", "properties": { "ord": 6 }, "geometry": { "type": "LineString", "coordinates": [ [ -7.735416666666907, 42.447916666666181 ], [ -7.752083333333587, 42.435416666666207 ] ] } },
{ "type": "Feature", "properties": { "ord": 5 }, "geometry": { "type": "LineString", "coordinates": [ [ -7.410416666666919, 42.443749999999518 ], [ -7.402083333333564, 42.431249999999544 ], [ -7.406250000000256, 42.427083333332881 ] ] } },
{ "type": "Feature", "properties": { "ord": 5 }, "geometry": { "type": "LineString", "coordinates": [ [ -7.664583333333553, 42.422916666666175 ], [ -7.685416666666924, 42.422916666666175 ], [ -7.71041666666693, 42.452083333332872 ], [ -7.72708333333361, 42.456249999999535 ] ] } },
{ "type": "Feature", "properties": { "ord": 5 }, "geometry": { "type": "LineString", "coordinates": [ [ -5.539583333333582, 42.443749999999518 ], [ -5.547916666666936, 42.422916666666175 ] ] } },
{ "type": "Feature", "properties": { "ord": 5 }, "geometry": { "type": "LineString", "coordinates": [ [ -6.810416666666924, 42.46874999999951 ], [ -6.822916666666941, 42.452083333332872 ], [ -6.818750000000279, 42.431249999999544 ], [ -6.827083333333604, 42.418749999999527 ] ] } },
{ "type": "Feature", "properties": { "ord": 5 }, "geometry": { "type": "LineString", "coordinates": [ [ -1.422916666666993, 42.443749999999518 ], [ -1.422916666666993, 42.418749999999527 ] ] } },
{ "type": "Feature", "properties": { "ord": 6 }, "geometry": { "type": "LineString", "coordinates": [ [ -7.752083333333587, 42.435416666666207 ], [ -7.781250000000284, 42.414583333332864 ] ] } },
{ "type": "Feature", "properties": { "ord": 5 }, "geometry": { "type": "LineString", "coordinates": [ [ -7.222916666666947, 42.414583333332864 ], [ -7.222916666666947, 42.431249999999544 ], [ -7.214583333333593, 42.439583333332855 ] ] } },
{ "type": "Feature", "properties": { "ord": 5 }, "geometry": { "type": "LineString", "coordinates": [ [ -6.981250000000301, 42.414583333332864 ], [ -6.99375000000029, 42.414583333332864 ] ] } },
{ "type": "Feature", "properties": { "ord": 5 }, "geometry": { "type": "LineString", "coordinates": [ [ -6.97708333333361, 42.414583333332864 ], [ -6.981250000000301, 42.414583333332864 ] ] } },
{ "type": "Feature", "properties": { "ord": 5 }, "geometry": { "type": "LineString", "coordinates": [ [ -6.910416666666947, 42.414583333332864 ], [ -6.927083333333627, 42.418749999999527 ] ] } },
{ "type": "Feature", "properties": { "ord": 5 }, "geometry": { "type": "LineString", "coordinates": [ [ -6.827083333333604, 42.418749999999527 ], [ -6.831250000000296, 42.414583333332864 ] ] } },
{ "type": "Feature", "properties": { "ord": 6 }, "geometry": { "type": "LineString", "coordinates": [ [ -2.252083333333672, 42.443749999999518 ], [ -2.23125000000033, 42.427083333332881 ], [ -2.20208333333369, 42.414583333332864 ], [ -2.197916666667027, 42.418749999999527 ] ] } },
{ "type": "Feature", "properties": { "ord": 6 }, "geometry": { "type": "LineString", "coordinates": [ [ -2.152083333333707, 42.414583333332864 ], [ -2.122916666667038, 42.414583333332864 ] ] } },
{ "type": "Feature", "properties": { "ord": 5 }, "geometry": { "type": "LineString", "coordinates": [ [ -1.806250000000375, 42.464583333332847 ], [ -1.793750000000358, 42.443749999999518 ], [ -1.802083333333684, 42.414583333332864 ] ] } },
{ "type": "Feature", "properties": { "ord": 5 }, "geometry": { "type": "LineString", "coordinates": [ [ -7.643750000000267, 42.410416666666158 ], [ -7.664583333333553, 42.422916666666175 ] ] } },
{ "type": "Feature", "properties": { "ord": 5 }, "geometry": { "type": "LineString", "coordinates": [ [ -7.635416666666941, 42.410416666666158 ], [ -7.643750000000267, 42.410416666666158 ] ] } },
{ "type": "Feature", "properties": { "ord": 5 }, "geometry": { "type": "LineString", "coordinates": [ [ -6.99375000000029, 42.414583333332864 ], [ -7.027083333333621, 42.410416666666158 ] ] } },
{ "type": "Feature", "properties": { "ord": 5 }, "geometry": { "type": "LineString", "coordinates": [ [ -6.927083333333627, 42.418749999999527 ], [ -6.97708333333361, 42.414583333332864 ] ] } },
{ "type": "Feature", "properties": { "ord": 6 }, "geometry": { "type": "LineString", "coordinates": [ [ -2.197916666667027, 42.418749999999527 ], [ -2.16875000000033, 42.410416666666158 ] ] } },
{ "type": "Feature", "properties": { "ord": 6 }, "geometry": { "type": "LineString", "coordinates": [ [ -2.16875000000033, 42.410416666666158 ], [ -2.152083333333707, 42.414583333332864 ] ] } },
{ "type": "Feature", "properties": { "ord": 5 }, "geometry": { "type": "LineString", "coordinates": [ [ -1.422916666666993, 42.418749999999527 ], [ -1.427083333333712, 42.410416666666158 ] ] } },
{ "type": "Feature", "properties": { "ord": 6 }, "geometry": { "type": "LineString", "coordinates": [ [ -7.781250000000284, 42.414583333332864 ], [ -7.797916666666907, 42.406249999999552 ] ] } },
{ "type": "Feature", "properties": { "ord": 5 }, "geometry": { "type": "LineString", "coordinates": [ [ -7.406250000000256, 42.427083333332881 ], [ -7.452083333333604, 42.406249999999552 ] ] } },
{ "type": "Feature", "properties": { "ord": 5 }, "geometry": { "type": "LineString", "coordinates": [ [ -7.027083333333621, 42.410416666666158 ], [ -7.05625000000029, 42.410416666666158 ] ] } },
{ "type": "Feature", "properties": { "ord": 5 }, "geometry": { "type": "LineString", "coordinates": [ [ -1.802083333333684, 42.414583333332864 ], [ -1.797916666667021, 42.406249999999552 ] ] } },
{ "type": "Feature", "properties": { "ord": 5 }, "geometry": { "type": "LineString", "coordinates": [ [ -6.831250000000296, 42.414583333332864 ], [ -6.860416666666964, 42.402083333332847 ], [ -6.889583333333604, 42.406249999999552 ], [ -6.902083333333621, 42.418749999999527 ], [ -6.910416666666947, 42.414583333332864 ] ] } },
{ "type": "Feature", "properties": { "ord": 6 }, "geometry": { "type": "LineString", "coordinates": [ [ -7.797916666666907, 42.406249999999552 ], [ -7.80208333333357, 42.397916666666184 ] ] } },
{ "type": "Feature", "properties": { "ord": 5 }, "geometry": { "type": "LineString", "coordinates": [ [ -7.214583333333593, 42.397916666666184 ], [ -7.222916666666947, 42.414583333332864 ] ] } },
{ "type": "Feature", "properties": { "ord": 5 }, "geometry": { "type": "LineString", "coordinates": [ [ -5.547916666666936, 42.422916666666175 ], [ -5.552083333333599, 42.397916666666184 ] ] } },
{ "type": "Feature", "properties": { "ord": 5 }, "geometry": { "type": "LineString", "coordinates": [ [ -7.189583333333616, 42.393749999999535 ], [ -7.214583333333593, 42.397916666666184 ] ] } },
{ "type": "Feature", "properties": { "ord": 5 }, "geometry": { "type": "LineString", "coordinates": [ [ -7.05625000000029, 42.410416666666158 ], [ -7.077083333333576, 42.406249999999552 ], [ -7.089583333333593, 42.393749999999535 ] ] } },
{ "type": "Feature", "properties": { "ord": 6 }, "geometry": { "type": "LineString", "coordinates": [ [ -2.122916666667038, 42.414583333332864 ], [ -2.089583333333707, 42.418749999999527 ], [ -2.068750000000364, 42.406249999999552 ], [ -2.064583333333701, 42.393749999999535 ] ] } },
{ "type": "Feature", "properties": { "ord": 5 }, "geometry": { "type": "LineString", "coordinates": [ [ -7.452083333333604, 42.406249999999552 ], [ -7.481250000000244, 42.402083333332847 ], [ -7.497916666666953, 42.389583333332872 ] ] } },
{ "type": "Feature", "properties": { "ord": 5 }, "geometry": { "type": "LineString", "coordinates": [ [ -7.589583333333621, 42.397916666666184 ], [ -7.618750000000261, 42.38541666666621 ], [ -7.635416666666941, 42.410416666666158 ] ] } },
{ "type": "Feature", "properties": { "ord": 5 }, "geometry": { "type": "LineString", "coordinates": [ [ -7.547916666666936, 42.38541666666621 ], [ -7.572916666666941, 42.406249999999552 ], [ -7.589583333333621, 42.397916666666184 ] ] } },
{ "type": "Feature", "properties": { "ord": 5 }, "geometry": { "type": "LineString", "coordinates": [ [ -7.497916666666953, 42.389583333332872 ], [ -7.547916666666936, 42.38541666666621 ] ] } },
{ "type": "Feature", "properties": { "ord": 5 }, "geometry": { "type": "LineString", "coordinates": [ [ -7.139583333333576, 42.38541666666621 ], [ -7.160416666666947, 42.38541666666621 ], [ -7.168750000000273, 42.393749999999535 ], [ -7.18125000000029, 42.38541666666621 ], [ -7.189583333333616, 42.393749999999535 ] ] } },
{ "type": "Feature", "properties": { "ord": 5 }, "geometry": { "type": "LineString", "coordinates": [ [ -7.135416666666913, 42.38541666666621 ], [ -7.139583333333576, 42.38541666666621 ] ] } },
{ "type": "Feature", "properties": { "ord": 5 }, "geometry": { "type": "LineString", "coordinates": [ [ -7.089583333333593, 42.393749999999535 ], [ -7.097916666666947, 42.38541666666621 ], [ -7.135416666666913, 42.38541666666621 ] ] } },
{ "type": "Feature", "properties": { "ord": 5 }, "geometry": { "type": "LineString", "coordinates": [ [ -1.427083333333712, 42.410416666666158 ], [ -1.414583333333695, 42.393749999999535 ], [ -1.418750000000387, 42.389583333332872 ], [ -1.460416666667044, 42.381249999999561 ] ] } },
{ "type": "Feature", "properties": { "ord": 6 }, "geometry": { "type": "LineString", "coordinates": [ [ -7.80208333333357, 42.397916666666184 ], [ -7.797916666666907, 42.389583333332872 ], [ -7.806250000000233, 42.381249999999561 ], [ -7.831250000000267, 42.377083333332855 ] ] } },
{ "type": "Feature", "properties": { "ord": 6 }, "geometry": { "type": "LineString", "coordinates": [ [ -2.064583333333701, 42.393749999999535 ], [ -2.06041666666701, 42.372916666666192 ] ] } },
{ "type": "Feature", "properties": { "ord": 5 }, "geometry": { "type": "LineString", "coordinates": [ [ -1.460416666667044, 42.381249999999561 ], [ -1.489583333333712, 42.372916666666192 ], [ -1.49791666666701, 42.377083333332855 ] ] } },
{ "type": "Feature", "properties": { "ord": 5 }, "geometry": { "type": "LineString", "coordinates": [ [ -1.547916666666964, 42.368749999999544 ], [ -1.564583333333672, 42.364583333332881 ] ] } },
{ "type": "Feature", "properties": { "ord": 5 }, "geometry": { "type": "LineString", "coordinates": [ [ -1.49791666666701, 42.377083333332855 ], [ -1.510416666667027, 42.381249999999561 ], [ -1.527083333333707, 42.364583333332881 ], [ -1.547916666666964, 42.368749999999544 ] ] } },
{ "type": "Feature", "properties": { "ord": 6 }, "geometry": { "type": "LineString", "coordinates": [ [ -2.06041666666701, 42.372916666666192 ], [ -2.052083333333684, 42.360416666666175 ], [ -2.022916666667044, 42.364583333332881 ], [ -1.993750000000347, 42.356249999999527 ] ] } },
{ "type": "Feature", "properties": { "ord": 5 }, "geometry": { "type": "LineString", "coordinates": [ [ -1.564583333333672, 42.364583333332881 ], [ -1.572916666666998, 42.368749999999544 ], [ -1.602083333333695, 42.356249999999527 ] ] } },
{ "type": "Feature", "properties": { "ord": 6 }, "geometry": { "type": "LineString", "coordinates": [ [ -7.831250000000267, 42.377083333332855 ], [ -7.856250000000273, 42.352083333332864 ] ] } },
{ "type": "Feature", "properties": { "ord": 5 }, "geometry": { "type": "LineString", "coordinates": [ [ -1.602083333333695, 42.356249999999527 ], [ -1.631250000000335, 42.352083333332864 ] ] } },
{ "type": "Feature", "properties": { "ord": 5 }, "geometry": { "type": "LineString", "coordinates": [ [ -4.268750000000324, 42.38541666666621 ], [ -4.264583333333661, 42.377083333332855 ], [ -4.277083333333678, 42.364583333332881 ], [ -4.27291666666693, 42.347916666666201 ] ] } },
{ "type": "Feature", "properties": { "ord": 6 }, "geometry": { "type": "LineString", "coordinates": [ [ -7.86875000000029, 42.34374999999951 ], [ -7.885416666666913, 42.352083333332864 ], [ -7.91458333333361, 42.347916666666201 ] ] } },
{ "type": "Feature", "properties": { "ord": 6 }, "geometry": { "type": "LineString", "coordinates": [ [ -7.856250000000273, 42.352083333332864 ], [ -7.86875000000029, 42.34374999999951 ] ] } },
{ "type": "Feature", "properties": { "ord": 5 }, "geometry": { "type": "LineString", "coordinates": [ [ -1.797916666667021, 42.406249999999552 ], [ -1.789583333333695, 42.364583333332881 ], [ -1.781250000000341, 42.356249999999527 ], [ -1.789583333333695, 42.34374999999951 ] ] } },
{ "type": "Feature", "properties": { "ord": 5 }, "geometry": { "type": "LineString", "coordinates": [ [ -1.647916666667015, 42.34374999999951 ], [ -1.689583333333644, 42.34374999999951 ] ] } },
{ "type": "Feature", "properties": { "ord": 5 }, "geometry": { "type": "LineString", "coordinates": [ [ -1.631250000000335, 42.352083333332864 ], [ -1.647916666667015, 42.34374999999951 ] ] } },
{ "type": "Feature", "properties": { "ord": 6 }, "geometry": { "type": "LineString", "coordinates": [ [ -7.981250000000273, 42.339583333332847 ], [ -8.002083333333559, 42.34374999999951 ] ] } },
{ "type": "Feature", "properties": { "ord": 6 }, "geometry": { "type": "LineString", "coordinates": [ [ -7.952083333333604, 42.335416666666184 ], [ -7.981250000000273, 42.339583333332847 ] ] } },
{ "type": "Feature", "properties": { "ord": 6 }, "geometry": { "type": "LineString", "coordinates": [ [ -7.91458333333361, 42.347916666666201 ], [ -7.952083333333604, 42.335416666666184 ] ] } },
{ "type": "Feature", "properties": { "ord": 5 }, "geometry": { "type": "LineString", "coordinates": [ [ -5.552083333333599, 42.397916666666184 ], [ -5.55625000000029, 42.364583333332881 ], [ -5.547916666666936, 42.335416666666184 ] ] } },
{ "type": "Feature", "properties": { "ord": 6 }, "geometry": { "type": "LineString", "coordinates": [ [ -8.002083333333559, 42.34374999999951 ], [ -8.010416666666913, 42.331249999999535 ] ] } },
{ "type": "Feature", "properties": { "ord": 5 }, "geometry": { "type": "LineString", "coordinates": [ [ -1.789583333333695, 42.34374999999951 ], [ -1.802083333333684, 42.331249999999535 ] ] } },
{ "type": "Feature", "properties": { "ord": 5 }, "geometry": { "type": "LineString", "coordinates": [ [ -1.689583333333644, 42.34374999999951 ], [ -1.702083333333661, 42.331249999999535 ], [ -1.714583333333678, 42.331249999999535 ] ] } },
{ "type": "Feature", "properties": { "ord": 6 }, "geometry": { "type": "LineString", "coordinates": [ [ -8.056250000000205, 42.327083333332872 ], [ -8.064583333333616, 42.327083333332872 ] ] } },
{ "type": "Feature", "properties": { "ord": 6 }, "geometry": { "type": "LineString", "coordinates": [ [ -8.052083333333599, 42.327083333332872 ], [ -8.056250000000205, 42.327083333332872 ] ] } },
{ "type": "Feature", "properties": { "ord": 6 }, "geometry": { "type": "LineString", "coordinates": [ [ -8.010416666666913, 42.331249999999535 ], [ -8.052083333333599, 42.327083333332872 ] ] } },
{ "type": "Feature", "properties": { "ord": 6 }, "geometry": { "type": "LineString", "coordinates": [ [ -1.993750000000347, 42.356249999999527 ], [ -1.935416666667038, 42.32291666666621 ] ] } },
{ "type": "Feature", "properties": { "ord": 6 }, "geometry": { "type": "LineString", "coordinates": [ [ -1.935416666667038, 42.32291666666621 ], [ -1.922916666667021, 42.327083333332872 ] ] } },
{ "type": "Feature", "properties": { "ord": 6 }, "geometry": { "type": "LineString", "coordinates": [ [ -8.064583333333616, 42.327083333332872 ], [ -8.068750000000222, 42.314583333332855 ] ] } },
{ "type": "Feature", "properties": { "ord": 5 }, "geometry": { "type": "LineString", "coordinates": [ [ -4.27291666666693, 42.347916666666201 ], [ -4.260416666666998, 42.314583333332855 ] ] } },
{ "type": "Feature", "properties": { "ord": 5 }, "geometry": { "type": "LineString", "coordinates": [ [ -5.547916666666936, 42.335416666666184 ], [ -5.539583333333582, 42.297916666666218 ] ] } },
{ "type": "Feature", "properties": { "ord": 5 }, "geometry": { "type": "LineString", "coordinates": [ [ -4.260416666666998, 42.314583333332855 ], [ -4.252083333333672, 42.297916666666218 ] ] } },
{ "type": "Feature", "properties": { "ord": 5 }, "geometry": { "type": "LineString", "coordinates": [ [ -1.802083333333684, 42.331249999999535 ], [ -1.781250000000341, 42.297916666666218 ] ] } },
{ "type": "Feature", "properties": { "ord": 6 }, "geometry": { "type": "LineString", "coordinates": [ [ -8.068750000000222, 42.314583333332855 ], [ -8.10208333333361, 42.293749999999513 ] ] } },
{ "type": "Feature", "properties": { "ord": 5 }, "geometry": { "type": "LineString", "coordinates": [ [ -5.877083333333587, 42.302083333332881 ], [ -5.868750000000261, 42.293749999999513 ] ] } },
{ "type": "Feature", "properties": { "ord": 5 }, "geometry": { "type": "LineString", "coordinates": [ [ -5.539583333333582, 42.297916666666218 ], [ -5.535416666666976, 42.293749999999513 ] ] } },
{ "type": "Feature", "properties": { "ord": 5 }, "geometry": { "type": "LineString", "coordinates": [ [ -1.714583333333678, 42.331249999999535 ], [ -1.727083333333695, 42.318749999999504 ], [ -1.747916666667038, 42.314583333332855 ], [ -1.768750000000324, 42.293749999999513 ], [ -1.781250000000341, 42.297916666666218 ] ] } },
{ "type": "Feature", "properties": { "ord": 5 }, "geometry": { "type": "LineString", "coordinates": [ [ -5.535416666666976, 42.293749999999513 ], [ -5.531250000000313, 42.285416666666201 ] ] } },
{ "type": "Feature", "properties": { "ord": 6 }, "geometry": { "type": "LineString", "coordinates": [ [ -8.10208333333361, 42.293749999999513 ], [ -8.139583333333576, 42.281249999999538 ] ] } },
{ "type": "Feature", "properties": { "ord": 6 }, "geometry": { "type": "LineString", "coordinates": [ [ -1.922916666667021, 42.327083333332872 ], [ -1.893750000000381, 42.293749999999513 ], [ -1.868750000000347, 42.281249999999538 ] ] } },
{ "type": "Feature", "properties": { "ord": 5 }, "geometry": { "type": "LineString", "coordinates": [ [ -5.868750000000261, 42.293749999999513 ], [ -5.847916666666976, 42.272916666666184 ], [ -5.843750000000313, 42.277083333332889 ] ] } },
{ "type": "Feature", "properties": { "ord": 6 }, "geometry": { "type": "LineString", "coordinates": [ [ -1.781250000000341, 42.297916666666218 ], [ -1.785416666667032, 42.289583333332864 ], [ -1.772916666667015, 42.272916666666184 ] ] } },
{ "type": "Feature", "properties": { "ord": 6 }, "geometry": { "type": "LineString", "coordinates": [ [ -8.139583333333576, 42.281249999999538 ], [ -8.156250000000256, 42.268749999999521 ] ] } },
{ "type": "Feature", "properties": { "ord": 5 }, "geometry": { "type": "LineString", "coordinates": [ [ -5.843750000000313, 42.277083333332889 ], [ -5.831250000000296, 42.264583333332872 ] ] } },
{ "type": "Feature", "properties": { "ord": 5 }, "geometry": { "type": "LineString", "coordinates": [ [ -5.531250000000313, 42.285416666666201 ], [ -5.535416666666976, 42.26041666666621 ] ] } },
{ "type": "Feature", "properties": { "ord": 6 }, "geometry": { "type": "LineString", "coordinates": [ [ -1.868750000000347, 42.281249999999538 ], [ -1.872916666666953, 42.26041666666621 ] ] } },
{ "type": "Feature", "properties": { "ord": 6 }, "geometry": { "type": "LineString", "coordinates": [ [ -8.156250000000256, 42.268749999999521 ], [ -8.160416666666947, 42.256249999999547 ] ] } },
{ "type": "Feature", "properties": { "ord": 6 }, "geometry": { "type": "LineString", "coordinates": [ [ -8.160416666666947, 42.256249999999547 ], [ -8.156250000000256, 42.252083333332855 ] ] } },
{ "type": "Feature", "properties": { "ord": 6 }, "geometry": { "type": "LineString", "coordinates": [ [ -1.872916666666953, 42.26041666666621 ], [ -1.864583333333712, 42.252083333332855 ] ] } },
{ "type": "Feature", "properties": { "ord": 5 }, "geometry": { "type": "LineString", "coordinates": [ [ -5.535416666666976, 42.26041666666621 ], [ -5.539583333333582, 42.247916666666192 ] ] } },
{ "type": "Feature", "properties": { "ord": 5 }, "geometry": { "type": "LineString", "coordinates": [ [ -5.831250000000296, 42.264583333332872 ], [ -5.822916666666941, 42.222916666666201 ] ] } },
{ "type": "Feature", "properties": { "ord": 5 }, "geometry": { "type": "LineString", "coordinates": [ [ -4.252083333333672, 42.297916666666218 ], [ -4.227083333333638, 42.222916666666201 ] ] } },
{ "type": "Feature", "properties": { "ord": 6 }, "geometry": { "type": "LineString", "coordinates": [ [ -1.864583333333712, 42.252083333332855 ], [ -1.847916666667004, 42.256249999999547 ], [ -1.818750000000364, 42.24374999999953 ], [ -1.814583333333701, 42.231249999999555 ], [ -1.802083333333684, 42.235416666666218 ], [ -1.777083333333678, 42.222916666666201 ] ] } },
{ "type": "Feature", "properties": { "ord": 6 }, "geometry": { "type": "LineString", "coordinates": [ [ -1.777083333333678, 42.222916666666201 ], [ -1.756250000000307, 42.218749999999538 ] ] } },
{ "type": "Feature", "properties": { "ord": 6 }, "geometry": { "type": "LineString", "coordinates": [ [ -1.772916666667015, 42.272916666666184 ], [ -1.752083333333701, 42.231249999999555 ], [ -1.756250000000307, 42.218749999999538 ] ] } },
{ "type": "Feature", "properties": { "ord": 6 }, "geometry": { "type": "LineString", "coordinates": [ [ -8.156250000000256, 42.252083333332855 ], [ -8.172916666666936, 42.235416666666218 ], [ -8.168750000000273, 42.22708333333285 ], [ -8.189583333333616, 42.214583333332833 ] ] } },
{ "type": "Feature", "properties": { "ord": 7 }, "geometry": { "type": "LineString", "coordinates": [ [ -1.756250000000307, 42.218749999999538 ], [ -1.731250000000358, 42.19791666666621 ] ] } },
{ "type": "Feature", "properties": { "ord": 5 }, "geometry": { "type": "LineString", "coordinates": [ [ -4.227083333333638, 42.222916666666201 ], [ -4.243750000000318, 42.193749999999547 ] ] } },
{ "type": "Feature", "properties": { "ord": 7 }, "geometry": { "type": "LineString", "coordinates": [ [ -1.731250000000358, 42.19791666666621 ], [ -1.718750000000369, 42.193749999999547 ] ] } },
{ "type": "Feature", "properties": { "ord": 6 }, "geometry": { "type": "LineString", "coordinates": [ [ -8.189583333333616, 42.214583333332833 ], [ -8.177083333333599, 42.206249999999564 ], [ -8.177083333333599, 42.189583333332884 ] ] } },
{ "type": "Feature", "properties": { "ord": 6 }, "geometry": { "type": "LineString", "coordinates": [ [ -8.177083333333599, 42.189583333332884 ], [ -8.160416666666947, 42.177083333332867 ] ] } },
{ "type": "Feature", "properties": { "ord": 7 }, "geometry": { "type": "LineString", "coordinates": [ [ -1.718750000000369, 42.193749999999547 ], [ -1.714583333333678, 42.185416666666192 ], [ -1.677083333333627, 42.177083333332867 ] ] } },
{ "type": "Feature", "properties": { "ord": 7 }, "geometry": { "type": "LineString", "coordinates": [ [ -1.677083333333627, 42.177083333332867 ], [ -1.652083333333678, 42.177083333332867 ], [ -1.643750000000352, 42.168749999999555 ] ] } },
{ "type": "Feature", "properties": { "ord": 5 }, "geometry": { "type": "LineString", "coordinates": [ [ -5.822916666666941, 42.222916666666201 ], [ -5.822916666666941, 42.16458333333285 ] ] } },
{ "type": "Feature", "properties": { "ord": 5 }, "geometry": { "type": "LineString", "coordinates": [ [ -4.243750000000318, 42.193749999999547 ], [ -4.239583333333655, 42.189583333332884 ], [ -4.252083333333672, 42.18124999999953 ], [ -4.24791666666701, 42.16458333333285 ] ] } },
{ "type": "Feature", "properties": { "ord": 7 }, "geometry": { "type": "LineString", "coordinates": [ [ -1.643750000000352, 42.168749999999555 ], [ -1.635416666667055, 42.160416666666201 ] ] } },
{ "type": "Feature", "properties": { "ord": 5 }, "geometry": { "type": "LineString", "coordinates": [ [ -5.539583333333582, 42.247916666666192 ], [ -5.535416666666976, 42.231249999999555 ], [ -5.552083333333599, 42.214583333332833 ], [ -5.547916666666936, 42.202083333332858 ], [ -5.57291666666697, 42.172916666666218 ], [ -5.577083333333633, 42.156249999999538 ] ] } },
{ "type": "Feature", "properties": { "ord": 5 }, "geometry": { "type": "LineString", "coordinates": [ [ -4.24791666666701, 42.16458333333285 ], [ -4.252083333333672, 42.156249999999538 ] ] } },
{ "type": "Feature", "properties": { "ord": 6 }, "geometry": { "type": "LineString", "coordinates": [ [ -8.160416666666947, 42.177083333332867 ], [ -8.202083333333576, 42.147916666666184 ] ] } },
{ "type": "Feature", "properties": { "ord": 5 }, "geometry": { "type": "LineString", "coordinates": [ [ -4.252083333333672, 42.156249999999538 ], [ -4.252083333333672, 42.147916666666184 ] ] } },
{ "type": "Feature", "properties": { "ord": 7 }, "geometry": { "type": "LineString", "coordinates": [ [ -1.635416666667055, 42.160416666666201 ], [ -1.606250000000358, 42.139583333332858 ] ] } },
{ "type": "Feature", "properties": { "ord": 5 }, "geometry": { "type": "LineString", "coordinates": [ [ -5.822916666666941, 42.16458333333285 ], [ -5.806250000000261, 42.152083333332875 ], [ -5.802083333333599, 42.13541666666621 ] ] } },
{ "type": "Feature", "properties": { "ord": 6 }, "geometry": { "type": "LineString", "coordinates": [ [ -8.202083333333576, 42.147916666666184 ], [ -8.22708333333361, 42.131249999999547 ], [ -8.239583333333599, 42.139583333332858 ] ] } },
{ "type": "Feature", "properties": { "ord": 5 }, "geometry": { "type": "LineString", "coordinates": [ [ -5.577083333333633, 42.156249999999538 ], [ -5.57291666666697, 42.131249999999547 ] ] } },
{ "type": "Feature", "properties": { "ord": 6 }, "geometry": { "type": "LineString", "coordinates": [ [ -8.239583333333599, 42.139583333332858 ], [ -8.25208333333353, 42.139583333332858 ], [ -8.260416666666941, 42.122916666666178 ], [ -8.268750000000239, 42.122916666666178 ] ] } },
{ "type": "Feature", "properties": { "ord": 5 }, "geometry": { "type": "LineString", "coordinates": [ [ -5.57291666666697, 42.131249999999547 ], [ -5.577083333333633, 42.11874999999953 ] ] } },
{ "type": "Feature", "properties": { "ord": 6 }, "geometry": { "type": "LineString", "coordinates": [ [ -8.268750000000239, 42.122916666666178 ], [ -8.289583333333582, 42.114583333332867 ] ] } },
{ "type": "Feature", "properties": { "ord": 6 }, "geometry": { "type": "LineString", "coordinates": [ [ -8.289583333333582, 42.114583333332867 ], [ -8.293750000000273, 42.110416666666204 ] ] } },
{ "type": "Feature", "properties": { "ord": 7 }, "geometry": { "type": "LineString", "coordinates": [ [ -1.606250000000358, 42.139583333332858 ], [ -1.593750000000369, 42.127083333332884 ], [ -1.593750000000369, 42.110416666666204 ] ] } },
{ "type": "Feature", "properties": { "ord": 6 }, "geometry": { "type": "LineString", "coordinates": [ [ -8.293750000000273, 42.110416666666204 ], [ -8.322916666666941, 42.097916666666187 ] ] } },
{ "type": "Feature", "properties": { "ord": 5 }, "geometry": { "type": "LineString", "coordinates": [ [ -4.168750000000301, 42.110416666666204 ], [ -4.193750000000335, 42.102083333332892 ], [ -4.210416666666958, 42.085416666666212 ] ] } },
{ "type": "Feature", "properties": { "ord": 6 }, "geometry": { "type": "LineString", "coordinates": [ [ -8.464583333333564, 42.081249999999521 ], [ -8.514583333333604, 42.081249999999521 ] ] } },
{ "type": "Feature", "properties": { "ord": 6 }, "geometry": { "type": "LineString", "coordinates": [ [ -8.443750000000279, 42.081249999999521 ], [ -8.464583333333564, 42.081249999999521 ] ] } },
{ "type": "Feature", "properties": { "ord": 5 }, "geometry": { "type": "LineString", "coordinates": [ [ 0.235416666666339, 42.097916666666187 ], [ 0.227083333332956, 42.081249999999521 ] ] } },
{ "type": "Feature", "properties": { "ord": 6 }, "geometry": { "type": "LineString", "coordinates": [ [ -8.435416666666924, 42.077083333332858 ], [ -8.443750000000279, 42.081249999999521 ] ] } },
{ "type": "Feature", "properties": { "ord": 6 }, "geometry": { "type": "LineString", "coordinates": [ [ -8.389583333333604, 42.077083333332858 ], [ -8.39375000000021, 42.081249999999521 ] ] } },
{ "type": "Feature", "properties": { "ord": 6 }, "geometry": { "type": "LineString", "coordinates": [ [ -8.322916666666941, 42.097916666666187 ], [ -8.331250000000239, 42.085416666666212 ], [ -8.368750000000261, 42.089583333332875 ], [ -8.389583333333604, 42.077083333332858 ] ] } },
{ "type": "Feature", "properties": { "ord": 6 }, "geometry": { "type": "LineString", "coordinates": [ [ -8.39375000000021, 42.081249999999521 ], [ -8.418750000000244, 42.072916666666195 ], [ -8.435416666666924, 42.077083333332858 ] ] } },
{ "type": "Feature", "properties": { "ord": 5 }, "geometry": { "type": "LineString", "coordinates": [ [ -5.577083333333633, 42.11874999999953 ], [ -5.57291666666697, 42.102083333332892 ], [ -5.581250000000296, 42.068749999999547 ] ] } },
{ "type": "Feature", "properties": { "ord": 5 }, "geometry": { "type": "LineString", "coordinates": [ [ 0.227083333332956, 42.081249999999521 ], [ 0.218749999999631, 42.068749999999547 ] ] } },
{ "type": "Feature", "properties": { "ord": 7 }, "geometry": { "type": "LineString", "coordinates": [ [ -1.593750000000369, 42.110416666666204 ], [ -1.589583333333707, 42.097916666666187 ], [ -1.602083333333695, 42.085416666666212 ], [ -1.593750000000369, 42.064583333332884 ] ] } },
{ "type": "Feature", "properties": { "ord": 6 }, "geometry": { "type": "LineString", "coordinates": [ [ -8.514583333333604, 42.081249999999521 ], [ -8.531250000000227, 42.060416666666178 ] ] } },
{ "type": "Feature", "properties": { "ord": 5 }, "geometry": { "type": "LineString", "coordinates": [ [ -5.802083333333599, 42.13541666666621 ], [ -5.793750000000301, 42.110416666666204 ], [ -5.77708333333365, 42.106249999999555 ], [ -5.735416666666936, 42.060416666666178 ] ] } },
{ "type": "Feature", "properties": { "ord": 5 }, "geometry": { "type": "LineString", "coordinates": [ [ -4.210416666666958, 42.085416666666212 ], [ -4.235416666666993, 42.060416666666178 ] ] } },
{ "type": "Feature", "properties": { "ord": 6 }, "geometry": { "type": "LineString", "coordinates": [ [ -8.531250000000227, 42.060416666666178 ], [ -8.539583333333582, 42.05624999999953 ] ] } },
{ "type": "Feature", "properties": { "ord": 7 }, "geometry": { "type": "LineString", "coordinates": [ [ -1.593750000000369, 42.064583333332884 ], [ -1.57708333333369, 42.05624999999953 ] ] } },
{ "type": "Feature", "properties": { "ord": 7 }, "geometry": { "type": "LineString", "coordinates": [ [ -1.57708333333369, 42.05624999999953 ], [ -1.572916666666998, 42.05624999999953 ] ] } },
{ "type": "Feature", "properties": { "ord": 6 }, "geometry": { "type": "LineString", "coordinates": [ [ -8.593750000000227, 42.05624999999953 ], [ -8.63125000000025, 42.052083333332867 ] ] } },
{ "type": "Feature", "properties": { "ord": 6 }, "geometry": { "type": "LineString", "coordinates": [ [ -8.560416666666924, 42.052083333332867 ], [ -8.593750000000227, 42.05624999999953 ] ] } },
{ "type": "Feature", "properties": { "ord": 6 }, "geometry": { "type": "LineString", "coordinates": [ [ -8.552083333333599, 42.052083333332867 ], [ -8.560416666666924, 42.052083333332867 ] ] } },
{ "type": "Feature", "properties": { "ord": 6 }, "geometry": { "type": "LineString", "coordinates": [ [ -8.539583333333582, 42.05624999999953 ], [ -8.552083333333599, 42.052083333332867 ] ] } },
{ "type": "Feature", "properties": { "ord": 5 }, "geometry": { "type": "LineString", "coordinates": [ [ -5.735416666666936, 42.060416666666178 ], [ -5.735416666666936, 42.052083333332867 ] ] } },
{ "type": "Feature", "properties": { "ord": 5 }, "geometry": { "type": "LineString", "coordinates": [ [ -4.252083333333672, 42.147916666666184 ], [ -4.24791666666701, 42.114583333332867 ], [ -4.264583333333661, 42.085416666666212 ], [ -4.260416666666998, 42.064583333332884 ], [ -4.285416666666947, 42.052083333332867 ] ] } },
{ "type": "Feature", "properties": { "ord": 5 }, "geometry": { "type": "LineString", "coordinates": [ [ -4.235416666666993, 42.060416666666178 ], [ -4.252083333333672, 42.060416666666178 ], [ -4.260416666666998, 42.052083333332867 ] ] } },
{ "type": "Feature", "properties": { "ord": 5 }, "geometry": { "type": "LineString", "coordinates": [ [ -5.735416666666936, 42.052083333332867 ], [ -5.735416666666936, 42.047916666666204 ] ] } },
{ "type": "Feature", "properties": { "ord": 5 }, "geometry": { "type": "LineString", "coordinates": [ [ -4.260416666666998, 42.052083333332867 ], [ -4.285416666666947, 42.052083333332867 ] ] } },
{ "type": "Feature", "properties": { "ord": 5 }, "geometry": { "type": "LineString", "coordinates": [ [ 0.218749999999631, 42.068749999999547 ], [ 0.185416666666271, 42.043749999999555 ] ] } },
{ "type": "Feature", "properties": { "ord": 6 }, "geometry": { "type": "LineString", "coordinates": [ [ -8.63125000000025, 42.052083333332867 ], [ -8.643750000000267, 42.039583333332892 ] ] } },
{ "type": "Feature", "properties": { "ord": 5 }, "geometry": { "type": "LineString", "coordinates": [ [ -5.735416666666936, 42.047916666666204 ], [ -5.739583333333599, 42.039583333332892 ] ] } },
{ "type": "Feature", "properties": { "ord": 5 }, "geometry": { "type": "LineString", "coordinates": [ [ -5.581250000000296, 42.068749999999547 ], [ -5.606250000000273, 42.039583333332892 ] ] } },
{ "type": "Feature", "properties": { "ord": 6 }, "geometry": { "type": "LineString", "coordinates": [ [ -4.285416666666947, 42.052083333332867 ], [ -4.302083333333655, 42.035416666666229 ] ] } },
{ "type": "Feature", "properties": { "ord": 6 }, "geometry": { "type": "LineString", "coordinates": [ [ -8.643750000000267, 42.039583333332892 ], [ -8.656250000000199, 42.031249999999538 ] ] } },
{ "type": "Feature", "properties": { "ord": 6 }, "geometry": { "type": "LineString", "coordinates": [ [ -4.302083333333655, 42.035416666666229 ], [ -4.314583333333672, 42.031249999999538 ] ] } },
{ "type": "Feature", "properties": { "ord": 5 }, "geometry": { "type": "LineString", "coordinates": [ [ 0.185416666666271, 42.043749999999555 ], [ 0.181249999999608, 42.018749999999507 ] ] } },
{ "type": "Feature", "properties": { "ord": 7 }, "geometry": { "type": "LineString", "coordinates": [ [ -1.572916666666998, 42.05624999999953 ], [ -1.552083333333655, 42.043749999999555 ], [ -1.556250000000375, 42.022916666666212 ], [ -1.522916666667044, 42.022916666666212 ], [ -1.51458333333369, 42.014583333332858 ] ] } },
{ "type": "Feature", "properties": { "ord": 5 }, "geometry": { "type": "LineString", "coordinates": [ [ -4.564583333333644, 42.031249999999538 ], [ -4.539583333333667, 42.010416666666195 ] ] } },
{ "type": "Feature", "properties": { "ord": 6 }, "geometry": { "type": "LineString", "coordinates": [ [ -8.656250000000199, 42.031249999999538 ], [ -8.66041666666689, 42.006249999999532 ] ] } },
{ "type": "Feature", "properties": { "ord": 5 }, "geometry": { "type": "LineString", "coordinates": [ [ -5.606250000000273, 42.039583333332892 ], [ -5.597916666666976, 42.006249999999532 ] ] } },
{ "type": "Feature", "properties": { "ord": 6 }, "geometry": { "type": "LineString", "coordinates": [ [ -4.314583333333672, 42.031249999999538 ], [ -4.335416666666987, 42.006249999999532 ] ] } },
{ "type": "Feature", "properties": { "ord": 7 }, "geometry": { "type": "LineString", "coordinates": [ [ -1.51458333333369, 42.014583333332858 ], [ -1.49791666666701, 42.006249999999532 ] ] } },
{ "type": "Feature", "properties": { "ord": 7 }, "geometry": { "type": "LineString", "coordinates": [ [ -1.49791666666701, 42.006249999999532 ], [ -1.489583333333712, 42.010416666666195 ] ] } },
{ "type": "Feature", "properties": { "ord": 7 }, "geometry": { "type": "LineString", "coordinates": [ [ -1.489583333333712, 42.010416666666195 ], [ -1.481250000000301, 42.006249999999532 ] ] } },
{ "type": "Feature", "properties": { "ord": 5 }, "geometry": { "type": "LineString", "coordinates": [ [ -5.739583333333599, 42.039583333332892 ], [ -5.706250000000296, 42.010416666666195 ], [ -5.706250000000296, 42.002083333332884 ] ] } },
{ "type": "Feature", "properties": { "ord": 6 }, "geometry": { "type": "LineString", "coordinates": [ [ -4.335416666666987, 42.006249999999532 ], [ -4.347916666667004, 41.997916666666221 ] ] } },
{ "type": "Feature", "properties": { "ord": 5 }, "geometry": { "type": "LineString", "coordinates": [ [ 0.181249999999608, 42.018749999999507 ], [ 0.17291666666631, 41.997916666666221 ] ] } },
{ "type": "Feature", "properties": { "ord": 6 }, "geometry": { "type": "LineString", "coordinates": [ [ -8.66041666666689, 42.006249999999532 ], [ -8.67708333333357, 41.993749999999515 ] ] } },
{ "type": "Feature", "properties": { "ord": 5 }, "geometry": { "type": "LineString", "coordinates": [ [ -5.597916666666976, 42.006249999999532 ], [ -5.610416666666993, 41.993749999999515 ] ] } },
{ "type": "Feature", "properties": { "ord": 5 }, "geometry": { "type": "LineString", "coordinates": [ [ -4.539583333333667, 42.010416666666195 ], [ -4.52708333333365, 41.993749999999515 ] ] } },
{ "type": "Feature", "properties": { "ord": 7 }, "geometry": { "type": "LineString", "coordinates": [ [ -1.481250000000301, 42.006249999999532 ], [ -1.464583333333707, 41.993749999999515 ] ] } },
{ "type": "Feature", "properties": { "ord": 6 }, "geometry": { "type": "LineString", "coordinates": [ [ -8.67708333333357, 41.993749999999515 ], [ -8.689583333333587, 41.989583333332867 ] ] } },
{ "type": "Feature", "properties": { "ord": 5 }, "geometry": { "type": "LineString", "coordinates": [ [ -5.706250000000296, 42.002083333332884 ], [ -5.710416666666987, 41.993749999999515 ], [ -5.702083333333633, 41.989583333332867 ] ] } },
{ "type": "Feature", "properties": { "ord": 7 }, "geometry": { "type": "LineString", "coordinates": [ [ -1.464583333333707, 41.993749999999515 ], [ -1.43541666666701, 41.989583333332867 ] ] } },
{ "type": "Feature", "properties": { "ord": 6 }, "geometry": { "type": "LineString", "coordinates": [ [ -8.697916666666913, 41.985416666666204 ], [ -8.702083333333604, 41.985416666666204 ] ] } },
{ "type": "Feature", "properties": { "ord": 6 }, "geometry": { "type": "LineString", "coordinates": [ [ -8.689583333333587, 41.989583333332867 ], [ -8.697916666666913, 41.985416666666204 ] ] } },
{ "type": "Feature", "properties": { "ord": 5 }, "geometry": { "type": "LineString", "coordinates": [ [ -5.610416666666993, 41.993749999999515 ], [ -5.627083333333616, 41.985416666666204 ] ] } },
{ "type": "Feature", "properties": { "ord": 6 }, "geometry": { "type": "LineString", "coordinates": [ [ -4.347916666667004, 41.997916666666221 ], [ -4.368750000000318, 41.985416666666204 ] ] } },
{ "type": "Feature", "properties": { "ord": 6 }, "geometry": { "type": "LineString", "coordinates": [ [ -8.702083333333604, 41.985416666666204 ], [ -8.718750000000199, 41.981249999999541 ] ] } },
{ "type": "Feature", "properties": { "ord": 6 }, "geometry": { "type": "LineString", "coordinates": [ [ -8.718750000000199, 41.981249999999541 ], [ -8.727083333333553, 41.977083333332892 ] ] } },
{ "type": "Feature", "properties": { "ord": 6 }, "geometry": { "type": "LineString", "coordinates": [ [ -4.368750000000318, 41.985416666666204 ], [ -4.427083333333627, 41.972916666666187 ] ] } },
{ "type": "Feature", "properties": { "ord": 5 }, "geometry": { "type": "LineString", "coordinates": [ [ 0.17291666666631, 41.997916666666221 ], [ 0.17291666666631, 41.972916666666187 ] ] } },
{ "type": "Feature", "properties": { "ord": 7 }, "geometry": { "type": "LineString", "coordinates": [ [ -1.43541666666701, 41.989583333332867 ], [ -1.427083333333712, 41.964583333332875 ] ] } },
{ "type": "Feature", "properties": { "ord": 7 }, "geometry": { "type": "LineString", "coordinates": [ [ -1.427083333333712, 41.964583333332875 ], [ -1.414583333333695, 41.964583333332875 ] ] } },
{ "type": "Feature", "properties": { "ord": 5 }, "geometry": { "type": "LineString", "coordinates": [ [ -5.702083333333633, 41.989583333332867 ], [ -5.677083333333655, 41.981249999999541 ], [ -5.660416666666976, 41.960416666666212 ] ] } },
{ "type": "Feature", "properties": { "ord": 5 }, "geometry": { "type": "LineString", "coordinates": [ [ -5.627083333333616, 41.985416666666204 ], [ -5.647916666666958, 41.977083333332892 ], [ -5.660416666666976, 41.960416666666212 ] ] } },
{ "type": "Feature", "properties": { "ord": 6 }, "geometry": { "type": "LineString", "coordinates": [ [ -8.727083333333553, 41.977083333332892 ], [ -8.747916666666924, 41.956249999999507 ] ] } },
{ "type": "Feature", "properties": { "ord": 6 }, "geometry": { "type": "LineString", "coordinates": [ [ -8.747916666666924, 41.956249999999507 ], [ -8.747916666666924, 41.939583333332884 ] ] } },
{ "type": "Feature", "properties": { "ord": 7 }, "geometry": { "type": "LineString", "coordinates": [ [ -1.414583333333695, 41.964583333332875 ], [ -1.393750000000381, 41.952083333332858 ], [ -1.38958333333369, 41.935416666666221 ] ] } },
{ "type": "Feature", "properties": { "ord": 6 }, "geometry": { "type": "LineString", "coordinates": [ [ -8.747916666666924, 41.939583333332884 ], [ -8.77291666666693, 41.922916666666204 ] ] } },
{ "type": "Feature", "properties": { "ord": 5 }, "geometry": { "type": "LineString", "coordinates": [ [ 0.17291666666631, 41.972916666666187 ], [ 0.181249999999608, 41.960416666666212 ], [ 0.168749999999648, 41.943749999999532 ], [ 0.17291666666631, 41.922916666666204 ] ] } },
{ "type": "Feature", "properties": { "ord": 6 }, "geometry": { "type": "LineString", "coordinates": [ [ -4.427083333333627, 41.972916666666187 ], [ -4.456250000000324, 41.943749999999532 ], [ -4.439583333333644, 41.935416666666221 ], [ -4.456250000000324, 41.918749999999541 ] ] } },
{ "type": "Feature", "properties": { "ord": 5 }, "geometry": { "type": "LineString", "coordinates": [ [ 0.17291666666631, 41.922916666666204 ], [ 0.177083333332945, 41.914583333332878 ] ] } },
{ "type": "Feature", "properties": { "ord": 7 }, "geometry": { "type": "LineString", "coordinates": [ [ -1.38958333333369, 41.935416666666221 ], [ -1.368750000000347, 41.927083333332867 ], [ -1.360416666667049, 41.910416666666229 ] ] } },
{ "type": "Feature", "properties": { "ord": 7 }, "geometry": { "type": "LineString", "coordinates": [ [ -1.360416666667049, 41.910416666666229 ], [ -1.347916666667032, 41.918749999999541 ] ] } },
{ "type": "Feature", "properties": { "ord": 6 }, "geometry": { "type": "LineString", "coordinates": [ [ -5.660416666666976, 41.960416666666212 ], [ -5.660416666666976, 41.952083333332858 ], [ -5.681250000000261, 41.939583333332884 ], [ -5.69791666666697, 41.910416666666229 ], [ -5.727083333333638, 41.910416666666229 ], [ -5.739583333333599, 41.889583333332844 ] ] } },
{ "type": "Feature", "properties": { "ord": 6 }, "geometry": { "type": "LineString", "coordinates": [ [ -5.739583333333599, 41.889583333332844 ], [ -5.743750000000261, 41.885416666666195 ] ] } },
{ "type": "Feature", "properties": { "ord": 5 }, "geometry": { "type": "LineString", "coordinates": [ [ -4.52708333333365, 41.993749999999515 ], [ -4.510416666666998, 41.956249999999507 ], [ -4.52708333333365, 41.885416666666195 ] ] } },
{ "type": "Feature", "properties": { "ord": 6 }, "geometry": { "type": "LineString", "coordinates": [ [ -4.456250000000324, 41.918749999999541 ], [ -4.47708333333361, 41.906249999999524 ], [ -4.49375000000029, 41.910416666666229 ], [ -4.52708333333365, 41.885416666666195 ] ] } },
{ "type": "Feature", "properties": { "ord": 5 }, "geometry": { "type": "LineString", "coordinates": [ [ 0.177083333332945, 41.914583333332878 ], [ 0.156249999999574, 41.881249999999532 ] ] } },
{ "type": "Feature", "properties": { "ord": 6 }, "geometry": { "type": "LineString", "coordinates": [ [ -4.52708333333365, 41.885416666666195 ], [ -4.535416666667004, 41.872916666666221 ] ] } },
{ "type": "Feature", "properties": { "ord": 7 }, "geometry": { "type": "LineString", "coordinates": [ [ -1.347916666667032, 41.918749999999541 ], [ -1.327083333333718, 41.906249999999524 ], [ -1.314583333333701, 41.872916666666221 ] ] } },
{ "type": "Feature", "properties": { "ord": 5 }, "geometry": { "type": "LineString", "coordinates": [ [ 0.889583333332979, 41.906249999999524 ], [ 0.868749999999608, 41.872916666666221 ] ] } },
{ "type": "Feature", "properties": { "ord": 7 }, "geometry": { "type": "LineString", "coordinates": [ [ -1.314583333333701, 41.872916666666221 ], [ -1.293750000000387, 41.868749999999515 ] ] } },
{ "type": "Feature", "properties": { "ord": 7 }, "geometry": { "type": "LineString", "coordinates": [ [ -1.293750000000387, 41.868749999999515 ], [ -1.277083333333707, 41.87708333333287 ] ] } },
{ "type": "Feature", "properties": { "ord": 6 }, "geometry": { "type": "LineString", "coordinates": [ [ -5.743750000000261, 41.885416666666195 ], [ -5.756250000000279, 41.872916666666221 ], [ -5.77708333333365, 41.872916666666221 ], [ -5.785416666666976, 41.856249999999541 ] ] } },
{ "type": "Feature", "properties": { "ord": 6 }, "geometry": { "type": "LineString", "coordinates": [ [ -4.535416666667004, 41.872916666666221 ], [ -4.54375000000033, 41.860416666666204 ], [ -4.539583333333667, 41.856249999999541 ] ] } },
{ "type": "Feature", "properties": { "ord": 7 }, "geometry": { "type": "LineString", "coordinates": [ [ -1.277083333333707, 41.87708333333287 ], [ -1.268750000000381, 41.860416666666204 ], [ -1.24791666666701, 41.856249999999541 ] ] } },
{ "type": "Feature", "properties": { "ord": 5 }, "geometry": { "type": "LineString", "coordinates": [ [ 0.156249999999574, 41.881249999999532 ], [ 0.139583333332951, 41.868749999999515 ], [ 0.135416666666288, 41.847916666666229 ] ] } },
{ "type": "Feature", "properties": { "ord": 7 }, "geometry": { "type": "LineString", "coordinates": [ [ -1.24791666666701, 41.856249999999541 ], [ -1.23125000000033, 41.860416666666204 ], [ -1.239583333333684, 41.843749999999567 ], [ -1.227083333333724, 41.839583333332904 ] ] } },
{ "type": "Feature", "properties": { "ord": 6 }, "geometry": { "type": "LineString", "coordinates": [ [ -4.539583333333667, 41.856249999999541 ], [ -4.552083333333627, 41.835416666666212 ] ] } },
{ "type": "Feature", "properties": { "ord": 5 }, "geometry": { "type": "LineString", "coordinates": [ [ 0.868749999999608, 41.872916666666221 ], [ 0.847916666666237, 41.872916666666221 ], [ 0.827083333332951, 41.847916666666229 ], [ 0.827083333332951, 41.835416666666212 ] ] } },
{ "type": "Feature", "properties": { "ord": 5 }, "geometry": { "type": "LineString", "coordinates": [ [ 0.135416666666288, 41.847916666666229 ], [ 0.143749999999613, 41.83124999999955 ] ] } },
{ "type": "Feature", "properties": { "ord": 7 }, "geometry": { "type": "LineString", "coordinates": [ [ -1.227083333333724, 41.839583333332904 ], [ -1.214583333333707, 41.827083333332887 ] ] } },
{ "type": "Feature", "properties": { "ord": 6 }, "geometry": { "type": "LineString", "coordinates": [ [ -4.552083333333627, 41.835416666666212 ], [ -4.55625000000029, 41.818749999999532 ] ] } },
{ "type": "Feature", "properties": { "ord": 7 }, "geometry": { "type": "LineString", "coordinates": [ [ -1.214583333333707, 41.827083333332887 ], [ -1.197916666667055, 41.818749999999532 ] ] } },
{ "type": "Feature", "properties": { "ord": 6 }, "geometry": { "type": "LineString", "coordinates": [ [ -5.785416666666976, 41.856249999999541 ], [ -5.793750000000301, 41.810416666666207 ] ] } },
{ "type": "Feature", "properties": { "ord": 5 }, "geometry": { "type": "LineString", "coordinates": [ [ 0.827083333332951, 41.835416666666212 ], [ 0.810416666666299, 41.810416666666207 ] ] } },
{ "type": "Feature", "properties": { "ord": 6 }, "geometry": { "type": "LineString", "coordinates": [ [ -4.55625000000029, 41.818749999999532 ], [ -4.568750000000307, 41.806249999999558 ] ] } },
{ "type": "Feature", "properties": { "ord": 7 }, "geometry": { "type": "LineString", "coordinates": [ [ -1.197916666667055, 41.818749999999532 ], [ -1.177083333333684, 41.83124999999955 ], [ -1.164583333333667, 41.818749999999532 ], [ -1.16875000000033, 41.806249999999558 ], [ -1.152083333333707, 41.802083333332853 ] ] } },
{ "type": "Feature", "properties": { "ord": 5 }, "geometry": { "type": "LineString", "coordinates": [ [ 0.810416666666299, 41.810416666666207 ], [ 0.810416666666299, 41.79791666666619 ] ] } },
{ "type": "Feature", "properties": { "ord": 6 }, "geometry": { "type": "LineString", "coordinates": [ [ -4.568750000000307, 41.806249999999558 ], [ -4.585416666666987, 41.789583333332878 ], [ -4.597916666666919, 41.789583333332878 ] ] } },
{ "type": "Feature", "properties": { "ord": 7 }, "geometry": { "type": "LineString", "coordinates": [ [ -1.152083333333707, 41.802083333332853 ], [ -1.139583333333718, 41.789583333332878 ] ] } },
{ "type": "Feature", "properties": { "ord": 7 }, "geometry": { "type": "LineString", "coordinates": [ [ -1.139583333333718, 41.789583333332878 ], [ -1.102083333333667, 41.79791666666619 ] ] } },
{ "type": "Feature", "properties": { "ord": 7 }, "geometry": { "type": "LineString", "coordinates": [ [ -1.102083333333667, 41.79791666666619 ], [ -1.093750000000341, 41.793749999999541 ], [ -1.093750000000341, 41.781249999999524 ], [ -1.068750000000392, 41.789583333332878 ] ] } },
{ "type": "Feature", "properties": { "ord": 7 }, "geometry": { "type": "LineString", "coordinates": [ [ -1.068750000000392, 41.789583333332878 ], [ -1.064583333333701, 41.781249999999524 ] ] } },
{ "type": "Feature", "properties": { "ord": 5 }, "geometry": { "type": "LineString", "coordinates": [ [ 0.143749999999613, 41.83124999999955 ], [ 0.127083333332962, 41.810416666666207 ], [ 0.127083333332962, 41.781249999999524 ] ] } },
{ "type": "Feature", "properties": { "ord": 6 }, "geometry": { "type": "LineString", "coordinates": [ [ -4.597916666666919, 41.789583333332878 ], [ -4.58958333333365, 41.777083333332861 ] ] } },
{ "type": "Feature", "properties": { "ord": 6 }, "geometry": { "type": "LineString", "coordinates": [ [ -5.793750000000301, 41.810416666666207 ], [ -5.827083333333633, 41.772916666666198 ] ] } },
{ "type": "Feature", "properties": { "ord": 5 }, "geometry": { "type": "LineString", "coordinates": [ [ 0.810416666666299, 41.79791666666619 ], [ 0.810416666666299, 41.772916666666198 ], [ 0.802083333332916, 41.760416666666181 ] ] } },
{ "type": "Feature", "properties": { "ord": 7 }, "geometry": { "type": "LineString", "coordinates": [ [ -1.064583333333701, 41.781249999999524 ], [ -1.031250000000341, 41.756249999999532 ] ] } },
{ "type": "Feature", "properties": { "ord": 5 }, "geometry": { "type": "LineString", "coordinates": [ [ 0.802083333332916, 41.760416666666181 ], [ 0.789583333332928, 41.756249999999532 ] ] } },
{ "type": "Feature", "properties": { "ord": 5 }, "geometry": { "type": "LineString", "coordinates": [ [ 0.127083333332962, 41.781249999999524 ], [ 0.135416666666288, 41.764583333332887 ], [ 0.131249999999625, 41.75208333333287 ] ] } },
{ "type": "Feature", "properties": { "ord": 6 }, "geometry": { "type": "LineString", "coordinates": [ [ -4.58958333333365, 41.777083333332861 ], [ -4.610416666666936, 41.756249999999532 ], [ -4.63541666666697, 41.747916666666207 ] ] } },
{ "type": "Feature", "properties": { "ord": 5 }, "geometry": { "type": "LineString", "coordinates": [ [ 0.131249999999625, 41.75208333333287 ], [ 0.127083333332962, 41.747916666666207 ] ] } },
{ "type": "Feature", "properties": { "ord": 6 }, "geometry": { "type": "LineString", "coordinates": [ [ -5.827083333333633, 41.772916666666198 ], [ -5.827083333333633, 41.75208333333287 ], [ -5.806250000000261, 41.743749999999558 ] ] } },
{ "type": "Feature", "properties": { "ord": 7 }, "geometry": { "type": "LineString", "coordinates": [ [ -1.031250000000341, 41.756249999999532 ], [ -1.022916666667044, 41.743749999999558 ] ] } },
{ "type": "Feature", "properties": { "ord": 7 }, "geometry": { "type": "LineString", "coordinates": [ [ -1.022916666667044, 41.743749999999558 ], [ -1.014583333333718, 41.735416666666232 ], [ -0.997916666667038, 41.735416666666232 ] ] } },
{ "type": "Feature", "properties": { "ord": 5 }, "geometry": { "type": "LineString", "coordinates": [ [ 0.127083333332962, 41.747916666666207 ], [ 0.131249999999625, 41.735416666666232 ] ] } },
{ "type": "Feature", "properties": { "ord": 6 }, "geometry": { "type": "LineString", "coordinates": [ [ -4.63541666666697, 41.747916666666207 ], [ -4.65208333333365, 41.735416666666232 ], [ -4.65208333333365, 41.722916666666215 ] ] } },
{ "type": "Feature", "properties": { "ord": 5 }, "geometry": { "type": "LineString", "coordinates": [ [ 0.789583333332928, 41.756249999999532 ], [ 0.760416666666316, 41.722916666666215 ] ] } },
{ "type": "Feature", "properties": { "ord": 6 }, "geometry": { "type": "LineString", "coordinates": [ [ -4.668750000000273, 41.718749999999552 ], [ -4.68125000000029, 41.722916666666215 ] ] } },
{ "type": "Feature", "properties": { "ord": 6 }, "geometry": { "type": "LineString", "coordinates": [ [ -4.65208333333365, 41.722916666666215 ], [ -4.668750000000273, 41.718749999999552 ] ] } },
{ "type": "Feature", "properties": { "ord": 5 }, "geometry": { "type": "LineString", "coordinates": [ [ -1.185416666667038, 41.718749999999552 ], [ -1.143750000000381, 41.747916666666207 ], [ -1.077083333333718, 41.76874999999955 ], [ -1.064583333333701, 41.781249999999524 ] ] } },
{ "type": "Feature", "properties": { "ord": 7 }, "geometry": { "type": "LineString", "coordinates": [ [ -0.997916666667038, 41.735416666666232 ], [ -0.977083333333695, 41.731249999999541 ], [ -0.960416666666987, 41.714583333332904 ] ] } },
{ "type": "Feature", "properties": { "ord": 5 }, "geometry": { "type": "LineString", "coordinates": [ [ 0.131249999999625, 41.735416666666232 ], [ 0.143749999999613, 41.718749999999552 ], [ 0.139583333332951, 41.714583333332904 ] ] } },
{ "type": "Feature", "properties": { "ord": 5 }, "geometry": { "type": "LineString", "coordinates": [ [ -0.147916666667044, 41.714583333332904 ], [ -0.15208333333365, 41.710416666666198 ] ] } },
{ "type": "Feature", "properties": { "ord": 6 }, "geometry": { "type": "LineString", "coordinates": [ [ -5.806250000000261, 41.743749999999558 ], [ -5.802083333333599, 41.739583333332895 ], [ -5.810416666666924, 41.731249999999541 ], [ -5.797916666666907, 41.722916666666215 ], [ -5.802083333333599, 41.706249999999535 ] ] } },
{ "type": "Feature", "properties": { "ord": 5 }, "geometry": { "type": "LineString", "coordinates": [ [ -3.889583333333633, 41.710416666666198 ], [ -3.90208333333365, 41.706249999999535 ] ] } },
{ "type": "Feature", "properties": { "ord": 5 }, "geometry": { "type": "LineString", "coordinates": [ [ -0.060416666667038, 41.710416666666198 ], [ -0.035416666667004, 41.710416666666198 ] ] } },
{ "type": "Feature", "properties": { "ord": 5 }, "geometry": { "type": "LineString", "coordinates": [ [ -0.035416666667004, 41.710416666666198 ], [ 0.002083333332962, 41.710416666666198 ] ] } },
{ "type": "Feature", "properties": { "ord": 6 }, "geometry": { "type": "LineString", "coordinates": [ [ -5.802083333333599, 41.706249999999535 ], [ -5.831250000000296, 41.710416666666198 ] ] } },
{ "type": "Feature", "properties": { "ord": 5 }, "geometry": { "type": "LineString", "coordinates": [ [ -3.906250000000313, 41.702083333332887 ], [ -3.914583333333667, 41.702083333332887 ] ] } },
{ "type": "Feature", "properties": { "ord": 5 }, "geometry": { "type": "LineString", "coordinates": [ [ -3.90208333333365, 41.706249999999535 ], [ -3.906250000000313, 41.702083333332887 ] ] } },
{ "type": "Feature", "properties": { "ord": 5 }, "geometry": { "type": "LineString", "coordinates": [ [ -0.15208333333365, 41.710416666666198 ], [ -0.127083333333729, 41.702083333332887 ] ] } },
{ "type": "Feature", "properties": { "ord": 5 }, "geometry": { "type": "LineString", "coordinates": [ [ -0.127083333333729, 41.702083333332887 ], [ -0.060416666667038, 41.710416666666198 ] ] } },
{ "type": "Feature", "properties": { "ord": 5 }, "geometry": { "type": "LineString", "coordinates": [ [ 0.002083333332962, 41.710416666666198 ], [ 0.010416666666288, 41.702083333332887 ], [ 0.027083333332996, 41.702083333332887 ] ] } },
{ "type": "Feature", "properties": { "ord": 6 }, "geometry": { "type": "LineString", "coordinates": [ [ -5.831250000000296, 41.710416666666198 ], [ -5.839583333333621, 41.697916666666224 ], [ -5.847916666666976, 41.697916666666224 ] ] } },
{ "type": "Feature", "properties": { "ord": 6 }, "geometry": { "type": "LineString", "coordinates": [ [ -4.68125000000029, 41.722916666666215 ], [ -4.693750000000307, 41.697916666666224 ] ] } },
{ "type": "Feature", "properties": { "ord": 5 }, "geometry": { "type": "LineString", "coordinates": [ [ -3.85625000000033, 41.697916666666224 ], [ -3.889583333333633, 41.710416666666198 ] ] } },
{ "type": "Feature", "properties": { "ord": 7 }, "geometry": { "type": "LineString", "coordinates": [ [ -0.960416666666987, 41.714583333332904 ], [ -0.931250000000375, 41.693749999999518 ] ] } },
{ "type": "Feature", "properties": { "ord": 5 }, "geometry": { "type": "LineString", "coordinates": [ [ 0.027083333332996, 41.702083333332887 ], [ 0.060416666666271, 41.68958333333287 ] ] } },
{ "type": "Feature", "properties": { "ord": 5 }, "geometry": { "type": "LineString", "coordinates": [ [ 0.139583333332951, 41.714583333332904 ], [ 0.152083333332911, 41.685416666666207 ] ] } },
{ "type": "Feature", "properties": { "ord": 6 }, "geometry": { "type": "LineString", "coordinates": [ [ -4.693750000000307, 41.697916666666224 ], [ -4.706250000000324, 41.681249999999544 ] ] } },
{ "type": "Feature", "properties": { "ord": 5 }, "geometry": { "type": "LineString", "coordinates": [ [ 0.760416666666316, 41.722916666666215 ], [ 0.743749999999608, 41.718749999999552 ], [ 0.718749999999659, 41.681249999999544 ] ] } },
{ "type": "Feature", "properties": { "ord": 5 }, "geometry": { "type": "LineString", "coordinates": [ [ 0.718749999999659, 41.681249999999544 ], [ 0.710416666666248, 41.677083333332853 ] ] } },
{ "type": "Feature", "properties": { "ord": 5 }, "geometry": { "type": "LineString", "coordinates": [ [ 1.852083333332928, 41.681249999999544 ], [ 1.852083333332928, 41.677083333332853 ] ] } },
{ "type": "Feature", "properties": { "ord": 5 }, "geometry": { "type": "LineString", "coordinates": [ [ -3.914583333333667, 41.702083333332887 ], [ -3.939583333333672, 41.67291666666619 ] ] } },
{ "type": "Feature", "properties": { "ord": 7 }, "geometry": { "type": "LineString", "coordinates": [ [ -0.931250000000375, 41.693749999999518 ], [ -0.914583333333695, 41.697916666666224 ], [ -0.906250000000341, 41.68958333333287 ], [ -0.914583333333695, 41.67291666666619 ] ] } },
{ "type": "Feature", "properties": { "ord": 6 }, "geometry": { "type": "LineString", "coordinates": [ [ -4.706250000000324, 41.681249999999544 ], [ -4.718750000000313, 41.668749999999527 ] ] } },
{ "type": "Feature", "properties": { "ord": 5 }, "geometry": { "type": "LineString", "coordinates": [ [ -3.79375000000033, 41.668749999999527 ], [ -3.806250000000347, 41.668749999999527 ], [ -3.85625000000033, 41.697916666666224 ] ] } },
{ "type": "Feature", "properties": { "ord": 5 }, "geometry": { "type": "LineString", "coordinates": [ [ 0.060416666666271, 41.68958333333287 ], [ 0.102083333332928, 41.681249999999544 ], [ 0.118749999999665, 41.668749999999527 ] ] } },
{ "type": "Feature", "properties": { "ord": 5 }, "geometry": { "type": "LineString", "coordinates": [ [ -3.939583333333672, 41.67291666666619 ], [ -3.952083333333633, 41.664583333332878 ] ] } },
{ "type": "Feature", "properties": { "ord": 5 }, "geometry": { "type": "LineString", "coordinates": [ [ -3.727083333333667, 41.668749999999527 ], [ -3.79375000000033, 41.668749999999527 ] ] } },
{ "type": "Feature", "properties": { "ord": 5 }, "geometry": { "type": "LineString", "coordinates": [ [ -3.681250000000347, 41.660416666666215 ], [ -3.706250000000324, 41.677083333332853 ], [ -3.727083333333667, 41.668749999999527 ] ] } },
{ "type": "Feature", "properties": { "ord": 7 }, "geometry": { "type": "LineString", "coordinates": [ [ -0.914583333333695, 41.67291666666619 ], [ -0.910416666667032, 41.664583333332878 ], [ -0.902083333333678, 41.668749999999527 ], [ -0.881250000000392, 41.660416666666215 ] ] } },
{ "type": "Feature", "properties": { "ord": 5 }, "geometry": { "type": "LineString", "coordinates": [ [ -1.264583333333718, 41.656249999999552 ], [ -1.252083333333701, 41.67291666666619 ], [ -1.239583333333684, 41.67291666666619 ], [ -1.218750000000369, 41.697916666666224 ], [ -1.185416666667038, 41.718749999999552 ] ] } },
{ "type": "Feature", "properties": { "ord": 5 }, "geometry": { "type": "LineString", "coordinates": [ [ 0.710416666666248, 41.677083333332853 ], [ 0.660416666666265, 41.656249999999552 ] ] } },
{ "type": "Feature", "properties": { "ord": 6 }, "geometry": { "type": "LineString", "coordinates": [ [ -5.847916666666976, 41.697916666666224 ], [ -5.868750000000261, 41.685416666666207 ], [ -5.860416666666964, 41.652083333332861 ] ] } },
{ "type": "Feature", "properties": { "ord": 7 }, "geometry": { "type": "LineString", "coordinates": [ [ -0.881250000000392, 41.660416666666215 ], [ -0.847916666667032, 41.652083333332861 ] ] } },
{ "type": "Feature", "properties": { "ord": 6 }, "geometry": { "type": "LineString", "coordinates": [ [ -5.860416666666964, 41.652083333332861 ], [ -5.889583333333604, 41.652083333332861 ] ] } },
{ "type": "Feature", "properties": { "ord": 5 }, "geometry": { "type": "LineString", "coordinates": [ [ 0.152083333332911, 41.685416666666207 ], [ 0.193749999999596, 41.647916666666241 ] ] } },
{ "type": "Feature", "properties": { "ord": 5 }, "geometry": { "type": "LineString", "coordinates": [ [ -3.952083333333633, 41.664583333332878 ], [ -3.960416666666958, 41.664583333332878 ], [ -3.977083333333667, 41.643749999999535 ] ] } },
{ "type": "Feature", "properties": { "ord": 6 }, "geometry": { "type": "LineString", "coordinates": [ [ -4.718750000000313, 41.668749999999527 ], [ -4.743750000000261, 41.639583333332887 ] ] } },
{ "type": "Feature", "properties": { "ord": 5 }, "geometry": { "type": "LineString", "coordinates": [ [ -4.147916666666958, 41.639583333332887 ], [ -4.152083333333678, 41.643749999999535 ] ] } },
{ "type": "Feature", "properties": { "ord": 5 }, "geometry": { "type": "LineString", "coordinates": [ [ 1.852083333332928, 41.677083333332853 ], [ 1.864583333332916, 41.660416666666215 ], [ 1.856249999999591, 41.639583333332887 ] ] } },
{ "type": "Feature", "properties": { "ord": 6 }, "geometry": { "type": "LineString", "coordinates": [ [ -5.889583333333604, 41.652083333332861 ], [ -5.914583333333638, 41.635416666666224 ] ] } },
{ "type": "Feature", "properties": { "ord": 5 }, "geometry": { "type": "LineString", "coordinates": [ [ -3.977083333333667, 41.643749999999535 ], [ -3.993750000000347, 41.631249999999561 ] ] } },
{ "type": "Feature", "properties": { "ord": 5 }, "geometry": { "type": "LineString", "coordinates": [ [ -3.493750000000318, 41.631249999999561 ], [ -3.518750000000324, 41.647916666666241 ], [ -3.564583333333644, 41.635416666666224 ], [ -3.577083333333661, 41.647916666666241 ], [ -3.597916666667004, 41.643749999999535 ], [ -3.614583333333684, 41.656249999999552 ], [ -3.652083333333678, 41.647916666666241 ], [ -3.681250000000347, 41.660416666666215 ] ] } },
{ "type": "Feature", "properties": { "ord": 7 }, "geometry": { "type": "LineString", "coordinates": [ [ -0.847916666667032, 41.652083333332861 ], [ -0.835416666667015, 41.643749999999535 ], [ -0.839583333333678, 41.631249999999561 ] ] } },
{ "type": "Feature", "properties": { "ord": 5 }, "geometry": { "type": "LineString", "coordinates": [ [ -4.297916666666964, 41.643749999999535 ], [ -4.377083333333644, 41.62708333333287 ] ] } },
{ "type": "Feature", "properties": { "ord": 5 }, "geometry": { "type": "LineString", "coordinates": [ [ -4.152083333333678, 41.643749999999535 ], [ -4.172916666666993, 41.62708333333287 ] ] } },
{ "type": "Feature", "properties": { "ord": 5 }, "geometry": { "type": "LineString", "coordinates": [ [ 0.118749999999665, 41.668749999999527 ], [ 0.160416666666322, 41.656249999999552 ], [ 0.193749999999596, 41.62708333333287 ] ] } },
{ "type": "Feature", "properties": { "ord": 5 }, "geometry": { "type": "LineString", "coordinates": [ [ -4.218750000000341, 41.622916666666207 ], [ -4.268750000000324, 41.62708333333287 ], [ -4.297916666666964, 41.643749999999535 ] ] } },
{ "type": "Feature", "properties": { "ord": 5 }, "geometry": { "type": "LineString", "coordinates": [ [ -4.197916666666998, 41.631249999999561 ], [ -4.218750000000341, 41.622916666666207 ] ] } },
{ "type": "Feature", "properties": { "ord": 5 }, "geometry": { "type": "LineString", "coordinates": [ [ -4.172916666666993, 41.62708333333287 ], [ -4.181250000000318, 41.622916666666207 ], [ -4.197916666666998, 41.631249999999561 ] ] } },
{ "type": "Feature", "properties": { "ord": 7 }, "geometry": { "type": "LineString", "coordinates": [ [ -0.839583333333678, 41.631249999999561 ], [ -0.839583333333678, 41.622916666666207 ] ] } },
{ "type": "Feature", "properties": { "ord": 5 }, "geometry": { "type": "LineString", "coordinates": [ [ 0.660416666666265, 41.656249999999552 ], [ 0.647916666666276, 41.622916666666207 ] ] } },
{ "type": "Feature", "properties": { "ord": 5 }, "geometry": { "type": "LineString", "coordinates": [ [ 1.856249999999591, 41.639583333332887 ], [ 1.852083333332928, 41.635416666666224 ], [ 1.860416666666254, 41.622916666666207 ] ] } },
{ "type": "Feature", "properties": { "ord": 5 }, "geometry": { "type": "LineString", "coordinates": [ [ -1.289583333333667, 41.618749999999544 ], [ -1.264583333333718, 41.656249999999552 ] ] } },
{ "type": "Feature", "properties": { "ord": 5 }, "geometry": { "type": "LineString", "coordinates": [ [ 0.193749999999596, 41.62708333333287 ], [ 0.210416666666305, 41.618749999999544 ] ] } },
{ "type": "Feature", "properties": { "ord": 5 }, "geometry": { "type": "LineString", "coordinates": [ [ 0.193749999999596, 41.647916666666241 ], [ 0.210416666666305, 41.618749999999544 ] ] } },
{ "type": "Feature", "properties": { "ord": 5 }, "geometry": { "type": "LineString", "coordinates": [ [ 0.647916666666276, 41.622916666666207 ], [ 0.635416666666316, 41.618749999999544 ] ] } },
{ "type": "Feature", "properties": { "ord": 5 }, "geometry": { "type": "LineString", "coordinates": [ [ -4.118750000000347, 41.614583333332881 ], [ -4.147916666666958, 41.639583333332887 ] ] } },
{ "type": "Feature", "properties": { "ord": 5 }, "geometry": { "type": "LineString", "coordinates": [ [ -4.068750000000335, 41.622916666666207 ], [ -4.081250000000296, 41.614583333332881 ], [ -4.110416666666993, 41.622916666666207 ], [ -4.118750000000347, 41.614583333332881 ] ] } },
{ "type": "Feature", "properties": { "ord": 5 }, "geometry": { "type": "LineString", "coordinates": [ [ -3.447916666666998, 41.614583333332881 ], [ -3.493750000000318, 41.631249999999561 ] ] } },
{ "type": "Feature", "properties": { "ord": 7 }, "geometry": { "type": "LineString", "coordinates": [ [ -0.839583333333678, 41.622916666666207 ], [ -0.827083333333718, 41.614583333332881 ], [ -0.802083333333712, 41.614583333332881 ] ] } },
{ "type": "Feature", "properties": { "ord": 5 }, "geometry": { "type": "LineString", "coordinates": [ [ -4.377083333333644, 41.62708333333287 ], [ -4.406250000000284, 41.62708333333287 ], [ -4.418750000000301, 41.610416666666232 ], [ -4.435416666666981, 41.610416666666232 ] ] } },
{ "type": "Feature", "properties": { "ord": 7 }, "geometry": { "type": "LineString", "coordinates": [ [ -0.802083333333712, 41.614583333332881 ], [ -0.797916666667049, 41.610416666666232 ] ] } },
{ "type": "Feature", "properties": { "ord": 6 }, "geometry": { "type": "LineString", "coordinates": [ [ -5.914583333333638, 41.635416666666224 ], [ -5.927083333333627, 41.618749999999544 ], [ -5.922916666666964, 41.606249999999527 ] ] } },
{ "type": "Feature", "properties": { "ord": 6 }, "geometry": { "type": "LineString", "coordinates": [ [ -4.743750000000261, 41.639583333332887 ], [ -4.747916666666953, 41.631249999999561 ], [ -4.802083333333655, 41.606249999999527 ] ] } },
{ "type": "Feature", "properties": { "ord": 5 }, "geometry": { "type": "LineString", "coordinates": [ [ -4.435416666666981, 41.610416666666232 ], [ -4.468750000000341, 41.610416666666232 ] ] } },
{ "type": "Feature", "properties": { "ord": 5 }, "geometry": { "type": "LineString", "coordinates": [ [ -3.993750000000347, 41.631249999999561 ], [ -4.035416666666976, 41.606249999999527 ], [ -4.052083333333655, 41.606249999999527 ], [ -4.068750000000335, 41.622916666666207 ] ] } },
{ "type": "Feature", "properties": { "ord": 5 }, "geometry": { "type": "LineString", "coordinates": [ [ -3.402083333333678, 41.602083333332864 ], [ -3.422916666667021, 41.610416666666232 ], [ -3.439583333333672, 41.606249999999527 ], [ -3.447916666666998, 41.614583333332881 ] ] } },
{ "type": "Feature", "properties": { "ord": 5 }, "geometry": { "type": "LineString", "coordinates": [ [ -1.289583333333667, 41.602083333332864 ], [ -1.289583333333667, 41.618749999999544 ] ] } },
{ "type": "Feature", "properties": { "ord": 5 }, "geometry": { "type": "LineString", "coordinates": [ [ -1.293750000000387, 41.597916666666215 ], [ -1.289583333333667, 41.602083333332864 ] ] } },
{ "type": "Feature", "properties": { "ord": 6 }, "geometry": { "type": "LineString", "coordinates": [ [ -5.922916666666964, 41.606249999999527 ], [ -5.931250000000261, 41.597916666666215 ], [ -5.964583333333621, 41.602083333332864 ], [ -5.972916666666976, 41.593749999999552 ] ] } },
{ "type": "Feature", "properties": { "ord": 5 }, "geometry": { "type": "LineString", "coordinates": [ [ -4.468750000000341, 41.610416666666232 ], [ -4.497916666666981, 41.614583333332881 ], [ -4.52708333333365, 41.593749999999552 ] ] } },
{ "type": "Feature", "properties": { "ord": 5 }, "geometry": { "type": "LineString", "coordinates": [ [ 0.635416666666316, 41.618749999999544 ], [ 0.618749999999608, 41.602083333332864 ], [ 0.622916666666242, 41.593749999999552 ] ] } },
{ "type": "Feature", "properties": { "ord": 5 }, "geometry": { "type": "LineString", "coordinates": [ [ -3.347916666666947, 41.589583333332847 ], [ -3.360416666666964, 41.597916666666215 ], [ -3.402083333333678, 41.602083333332864 ] ] } },
{ "type": "Feature", "properties": { "ord": 5 }, "geometry": { "type": "LineString", "coordinates": [ [ -4.52708333333365, 41.593749999999552 ], [ -4.54375000000033, 41.597916666666215 ], [ -4.568750000000307, 41.585416666666198 ], [ -4.57291666666697, 41.589583333332847 ] ] } },
{ "type": "Feature", "properties": { "ord": 5 }, "geometry": { "type": "LineString", "coordinates": [ [ -1.302083333333684, 41.585416666666198 ], [ -1.293750000000387, 41.597916666666215 ] ] } },
{ "type": "Feature", "properties": { "ord": 5 }, "geometry": { "type": "LineString", "coordinates": [ [ 0.622916666666242, 41.593749999999552 ], [ 0.614583333332945, 41.585416666666198 ] ] } },
{ "type": "Feature", "properties": { "ord": 6 }, "geometry": { "type": "LineString", "coordinates": [ [ -5.972916666666976, 41.593749999999552 ], [ -5.981250000000301, 41.581249999999535 ] ] } },
{ "type": "Feature", "properties": { "ord": 5 }, "geometry": { "type": "LineString", "coordinates": [ [ -3.281250000000284, 41.585416666666198 ], [ -3.297916666666993, 41.581249999999535 ] ] } },
{ "type": "Feature", "properties": { "ord": 5 }, "geometry": { "type": "LineString", "coordinates": [ [ -3.26458333333369, 41.581249999999535 ], [ -3.281250000000284, 41.585416666666198 ] ] } },
{ "type": "Feature", "properties": { "ord": 5 }, "geometry": { "type": "LineString", "coordinates": [ [ -3.297916666666993, 41.581249999999535 ], [ -3.339583333333678, 41.581249999999535 ], [ -3.347916666666947, 41.589583333332847 ] ] } },
{ "type": "Feature", "properties": { "ord": 6 }, "geometry": { "type": "LineString", "coordinates": [ [ 0.210416666666305, 41.618749999999544 ], [ 0.218749999999631, 41.610416666666232 ], [ 0.260416666666288, 41.602083333332864 ], [ 0.289583333332985, 41.577083333332872 ] ] } },
{ "type": "Feature", "properties": { "ord": 5 }, "geometry": { "type": "LineString", "coordinates": [ [ 0.614583333332945, 41.585416666666198 ], [ 0.597916666666293, 41.577083333332872 ] ] } },
{ "type": "Feature", "properties": { "ord": 5 }, "geometry": { "type": "LineString", "coordinates": [ [ -3.235416666666993, 41.572916666666224 ], [ -3.26458333333369, 41.581249999999535 ] ] } },
{ "type": "Feature", "properties": { "ord": 7 }, "geometry": { "type": "LineString", "coordinates": [ [ -0.797916666667049, 41.610416666666232 ], [ -0.714583333333707, 41.572916666666224 ] ] } },
{ "type": "Feature", "properties": { "ord": 7 }, "geometry": { "type": "LineString", "coordinates": [ [ -0.714583333333707, 41.572916666666224 ], [ -0.697916666666998, 41.572916666666224 ] ] } },
{ "type": "Feature", "properties": { "ord": 6 }, "geometry": { "type": "LineString", "coordinates": [ [ -5.981250000000301, 41.581249999999535 ], [ -5.968750000000284, 41.568749999999561 ] ] } },
{ "type": "Feature", "properties": { "ord": 5 }, "geometry": { "type": "LineString", "coordinates": [ [ 0.572916666666259, 41.568749999999561 ], [ 0.568749999999596, 41.568749999999561 ] ] } },
{ "type": "Feature", "properties": { "ord": 5 }, "geometry": { "type": "LineString", "coordinates": [ [ 0.597916666666293, 41.577083333332872 ], [ 0.572916666666259, 41.568749999999561 ] ] } },
{ "type": "Feature", "properties": { "ord": 7 }, "geometry": { "type": "LineString", "coordinates": [ [ -6.139583333333604, 41.564583333332855 ], [ -6.156250000000284, 41.581249999999535 ], [ -6.189583333333644, 41.577083333332872 ] ] } },
{ "type": "Feature", "properties": { "ord": 6 }, "geometry": { "type": "LineString", "coordinates": [ [ -4.802083333333655, 41.606249999999527 ], [ -4.852083333333638, 41.564583333332855 ] ] } },
{ "type": "Feature", "properties": { "ord": 5 }, "geometry": { "type": "LineString", "coordinates": [ [ -1.322916666667027, 41.560416666666207 ], [ -1.306250000000347, 41.568749999999561 ], [ -1.31041666666701, 41.577083333332872 ], [ -1.302083333333684, 41.585416666666198 ] ] } },
{ "type": "Feature", "properties": { "ord": 5 }, "geometry": { "type": "LineString", "coordinates": [ [ 0.568749999999596, 41.568749999999561 ], [ 0.547916666666225, 41.560416666666207 ] ] } },
{ "type": "Feature", "properties": { "ord": 6 }, "geometry": { "type": "LineString", "coordinates": [ [ -4.852083333333638, 41.564583333332855 ], [ -4.860416666666993, 41.556249999999544 ] ] } },
{ "type": "Feature", "properties": { "ord": 5 }, "geometry": { "type": "LineString", "coordinates": [ [ -4.57291666666697, 41.589583333332847 ], [ -4.581250000000324, 41.581249999999535 ], [ -4.60208333333361, 41.585416666666198 ], [ -4.668750000000273, 41.560416666666207 ], [ -4.727083333333638, 41.556249999999544 ] ] } },
{ "type": "Feature", "properties": { "ord": 7 }, "geometry": { "type": "LineString", "coordinates": [ [ -0.697916666666998, 41.572916666666224 ], [ -0.672916666667049, 41.556249999999544 ], [ -0.656250000000369, 41.556249999999544 ] ] } },
{ "type": "Feature", "properties": { "ord": 7 }, "geometry": { "type": "LineString", "coordinates": [ [ -0.656250000000369, 41.556249999999544 ], [ -0.635416666666998, 41.560416666666207 ] ] } },
{ "type": "Feature", "properties": { "ord": 5 }, "geometry": { "type": "LineString", "coordinates": [ [ -4.768750000000296, 41.552083333332881 ], [ -4.789583333333667, 41.552083333332881 ], [ -4.806250000000261, 41.564583333332855 ], [ -4.852083333333638, 41.564583333332855 ] ] } },
{ "type": "Feature", "properties": { "ord": 5 }, "geometry": { "type": "LineString", "coordinates": [ [ -4.727083333333638, 41.556249999999544 ], [ -4.768750000000296, 41.552083333332881 ] ] } },
{ "type": "Feature", "properties": { "ord": 5 }, "geometry": { "type": "LineString", "coordinates": [ [ -1.322916666667027, 41.552083333332881 ], [ -1.322916666667027, 41.560416666666207 ] ] } },
{ "type": "Feature", "properties": { "ord": 7 }, "geometry": { "type": "LineString", "coordinates": [ [ -0.635416666666998, 41.560416666666207 ], [ -0.618750000000404, 41.552083333332881 ] ] } },
{ "type": "Feature", "properties": { "ord": 5 }, "geometry": { "type": "LineString", "coordinates": [ [ 0.547916666666225, 41.560416666666207 ], [ 0.522916666666276, 41.54791666666619 ] ] } },
{ "type": "Feature", "properties": { "ord": 5 }, "geometry": { "type": "LineString", "coordinates": [ [ -3.156250000000313, 41.543749999999527 ], [ -3.181250000000347, 41.543749999999527 ], [ -3.206250000000352, 41.568749999999561 ], [ -3.235416666666993, 41.572916666666224 ] ] } },
{ "type": "Feature", "properties": { "ord": 5 }, "geometry": { "type": "LineString", "coordinates": [ [ 0.522916666666276, 41.54791666666619 ], [ 0.510416666666316, 41.539583333332864 ] ] } },
{ "type": "Feature", "properties": { "ord": 6 }, "geometry": { "type": "LineString", "coordinates": [ [ -4.860416666666993, 41.556249999999544 ], [ -4.864583333333655, 41.535416666666215 ] ] } },
{ "type": "Feature", "properties": { "ord": 6 }, "geometry": { "type": "LineString", "coordinates": [ [ 0.289583333332985, 41.577083333332872 ], [ 0.339583333332968, 41.535416666666215 ] ] } },
{ "type": "Feature", "properties": { "ord": 5 }, "geometry": { "type": "LineString", "coordinates": [ [ 1.860416666666254, 41.622916666666207 ], [ 1.847916666666265, 41.614583333332881 ], [ 1.852083333332928, 41.589583333332847 ], [ 1.868749999999579, 41.568749999999561 ], [ 1.881249999999625, 41.568749999999561 ], [ 1.877083333332877, 41.543749999999527 ], [ 1.906249999999574, 41.535416666666215 ] ] } },
{ "type": "Feature", "properties": { "ord": 5 }, "geometry": { "type": "LineString", "coordinates": [ [ -3.131250000000335, 41.531249999999552 ], [ -3.156250000000313, 41.543749999999527 ] ] } },
{ "type": "Feature", "properties": { "ord": 5 }, "geometry": { "type": "LineString", "coordinates": [ [ -1.347916666667032, 41.531249999999552 ], [ -1.322916666667027, 41.552083333332881 ] ] } },
{ "type": "Feature", "properties": { "ord": 5 }, "geometry": { "type": "LineString", "coordinates": [ [ 0.510416666666316, 41.539583333332864 ], [ 0.50208333333299, 41.531249999999552 ] ] } },
{ "type": "Feature", "properties": { "ord": 7 }, "geometry": { "type": "LineString", "coordinates": [ [ -0.618750000000404, 41.552083333332881 ], [ -0.593750000000369, 41.54791666666619 ], [ -0.57708333333369, 41.527083333332889 ] ] } },
{ "type": "Feature", "properties": { "ord": 6 }, "geometry": { "type": "LineString", "coordinates": [ [ 0.339583333332968, 41.535416666666215 ], [ 0.343749999999631, 41.527083333332889 ] ] } },
{ "type": "Feature", "properties": { "ord": 7 }, "geometry": { "type": "LineString", "coordinates": [ [ -6.189583333333644, 41.577083333332872 ], [ -6.210416666666987, 41.560416666666207 ], [ -6.235416666666964, 41.522916666666227 ] ] } },
{ "type": "Feature", "properties": { "ord": 7 }, "geometry": { "type": "LineString", "coordinates": [ [ -6.106250000000301, 41.522916666666227 ], [ -6.110416666666964, 41.552083333332881 ], [ -6.139583333333604, 41.564583333332855 ] ] } },
{ "type": "Feature", "properties": { "ord": 6 }, "geometry": { "type": "LineString", "coordinates": [ [ -4.864583333333655, 41.535416666666215 ], [ -4.877083333333616, 41.522916666666227 ] ] } },
{ "type": "Feature", "properties": { "ord": 5 }, "geometry": { "type": "LineString", "coordinates": [ [ 0.50208333333299, 41.531249999999552 ], [ 0.489583333332916, 41.518749999999535 ] ] } },
{ "type": "Feature", "properties": { "ord": 6 }, "geometry": { "type": "LineString", "coordinates": [ [ -5.856250000000301, 41.514583333332872 ], [ -5.868750000000261, 41.514583333332872 ] ] } },
{ "type": "Feature", "properties": { "ord": 5 }, "geometry": { "type": "LineString", "coordinates": [ [ -1.377083333333672, 41.514583333332872 ], [ -1.347916666667032, 41.531249999999552 ] ] } },
{ "type": "Feature", "properties": { "ord": 7 }, "geometry": { "type": "LineString", "coordinates": [ [ -6.235416666666964, 41.522916666666227 ], [ -6.256250000000307, 41.51041666666621 ] ] } },
{ "type": "Feature", "properties": { "ord": 6 }, "geometry": { "type": "LineString", "coordinates": [ [ -5.706250000000296, 41.51041666666621 ], [ -5.71458333333365, 41.514583333332872 ] ] } },
{ "type": "Feature", "properties": { "ord": 6 }, "geometry": { "type": "LineString", "coordinates": [ [ -5.57291666666697, 41.514583333332872 ], [ -5.581250000000296, 41.51041666666621 ] ] } },
{ "type": "Feature", "properties": { "ord": 5 }, "geometry": { "type": "LineString", "coordinates": [ [ -1.385416666667027, 41.51041666666621 ], [ -1.377083333333672, 41.514583333332872 ] ] } },
{ "type": "Feature", "properties": { "ord": 6 }, "geometry": { "type": "LineString", "coordinates": [ [ -5.685416666666953, 41.506249999999561 ], [ -5.706250000000296, 41.51041666666621 ] ] } },
{ "type": "Feature", "properties": { "ord": 6 }, "geometry": { "type": "LineString", "coordinates": [ [ -5.647916666666958, 41.514583333332872 ], [ -5.677083333333655, 41.518749999999535 ], [ -5.685416666666953, 41.506249999999561 ] ] } },
{ "type": "Feature", "properties": { "ord": 5 }, "geometry": { "type": "LineString", "coordinates": [ [ -3.097916666666976, 41.506249999999561 ], [ -3.131250000000335, 41.531249999999552 ] ] } },
{ "type": "Feature", "properties": { "ord": 5 }, "geometry": { "type": "LineString", "coordinates": [ [ -3.077083333333633, 41.514583333332872 ], [ -3.097916666666976, 41.506249999999561 ] ] } },
{ "type": "Feature", "properties": { "ord": 6 }, "geometry": { "type": "LineString", "coordinates": [ [ -5.731250000000301, 41.502083333332898 ], [ -5.739583333333599, 41.502083333332898 ] ] } },
{ "type": "Feature", "properties": { "ord": 6 }, "geometry": { "type": "LineString", "coordinates": [ [ -5.71458333333365, 41.514583333332872 ], [ -5.731250000000301, 41.502083333332898 ] ] } },
{ "type": "Feature", "properties": { "ord": 6 }, "geometry": { "type": "LineString", "coordinates": [ [ -4.877083333333616, 41.522916666666227 ], [ -4.906250000000313, 41.502083333332898 ] ] } },
{ "type": "Feature", "properties": { "ord": 5 }, "geometry": { "type": "LineString", "coordinates": [ [ -1.414583333333695, 41.502083333332898 ], [ -1.397916666667044, 41.502083333332898 ] ] } },
{ "type": "Feature", "properties": { "ord": 5 }, "geometry": { "type": "LineString", "coordinates": [ [ -1.397916666667044, 41.502083333332898 ], [ -1.385416666667027, 41.51041666666621 ] ] } },
{ "type": "Feature", "properties": { "ord": 7 }, "geometry": { "type": "LineString", "coordinates": [ [ -0.57708333333369, 41.527083333332889 ], [ -0.547916666667049, 41.502083333332898 ] ] } },
{ "type": "Feature", "properties": { "ord": 5 }, "geometry": { "type": "LineString", "coordinates": [ [ 0.489583333332916, 41.518749999999535 ], [ 0.481249999999619, 41.502083333332898 ] ] } },
{ "type": "Feature", "properties": { "ord": 7 }, "geometry": { "type": "LineString", "coordinates": [ [ -6.089583333333621, 41.497916666666192 ], [ -6.081250000000267, 41.514583333332872 ], [ -6.106250000000301, 41.522916666666227 ] ] } },
{ "type": "Feature", "properties": { "ord": 6 }, "geometry": { "type": "LineString", "coordinates": [ [ -5.739583333333599, 41.502083333332898 ], [ -5.756250000000279, 41.497916666666192 ] ] } },
{ "type": "Feature", "properties": { "ord": 6 }, "geometry": { "type": "LineString", "coordinates": [ [ -5.61875000000029, 41.497916666666192 ], [ -5.639583333333633, 41.502083333332898 ], [ -5.647916666666958, 41.514583333332872 ] ] } },
{ "type": "Feature", "properties": { "ord": 6 }, "geometry": { "type": "LineString", "coordinates": [ [ -5.581250000000296, 41.51041666666621 ], [ -5.606250000000273, 41.497916666666192 ] ] } },
{ "type": "Feature", "properties": { "ord": 6 }, "geometry": { "type": "LineString", "coordinates": [ [ -5.514583333333661, 41.502083333332898 ], [ -5.543750000000273, 41.502083333332898 ], [ -5.55625000000029, 41.527083333332889 ], [ -5.57291666666697, 41.514583333332872 ] ] } },
{ "type": "Feature", "properties": { "ord": 6 }, "geometry": { "type": "LineString", "coordinates": [ [ -5.46458333333365, 41.502083333332898 ], [ -5.514583333333661, 41.502083333332898 ] ] } },
{ "type": "Feature", "properties": { "ord": 6 }, "geometry": { "type": "LineString", "coordinates": [ [ -5.456250000000324, 41.497916666666192 ], [ -5.46458333333365, 41.502083333332898 ] ] } },
{ "type": "Feature", "properties": { "ord": 6 }, "geometry": { "type": "LineString", "coordinates": [ [ -5.439583333333644, 41.506249999999561 ], [ -5.456250000000324, 41.497916666666192 ] ] } },
{ "type": "Feature", "properties": { "ord": 6 }, "geometry": { "type": "LineString", "coordinates": [ [ -5.389583333333661, 41.497916666666192 ], [ -5.397916666666987, 41.514583333332872 ], [ -5.439583333333644, 41.506249999999561 ] ] } },
{ "type": "Feature", "properties": { "ord": 7 }, "geometry": { "type": "LineString", "coordinates": [ [ -0.547916666667049, 41.502083333332898 ], [ -0.539583333333724, 41.497916666666192 ] ] } },
{ "type": "Feature", "properties": { "ord": 5 }, "geometry": { "type": "LineString", "coordinates": [ [ 0.481249999999619, 41.502083333332898 ], [ 0.481249999999619, 41.497916666666192 ] ] } },
{ "type": "Feature", "properties": { "ord": 5 }, "geometry": { "type": "LineString", "coordinates": [ [ 1.906249999999574, 41.535416666666215 ], [ 1.918749999999562, 41.514583333332872 ], [ 1.914583333332899, 41.506249999999561 ], [ 1.92708333333286, 41.497916666666192 ] ] } },
{ "type": "Feature", "properties": { "ord": 6 }, "geometry": { "type": "LineString", "coordinates": [ [ -5.968750000000284, 41.568749999999561 ], [ -5.993750000000233, 41.502083333332898 ], [ -6.002083333333587, 41.493749999999544 ], [ -6.014583333333604, 41.497916666666192 ] ] } },
{ "type": "Feature", "properties": { "ord": 6 }, "geometry": { "type": "LineString", "coordinates": [ [ -5.756250000000279, 41.497916666666192 ], [ -5.793750000000301, 41.502083333332898 ], [ -5.806250000000261, 41.493749999999544 ] ] } },
{ "type": "Feature", "properties": { "ord": 6 }, "geometry": { "type": "LineString", "coordinates": [ [ -5.606250000000273, 41.497916666666192 ], [ -5.61875000000029, 41.497916666666192 ] ] } },
{ "type": "Feature", "properties": { "ord": 6 }, "geometry": { "type": "LineString", "coordinates": [ [ -5.364583333333627, 41.493749999999544 ], [ -5.389583333333661, 41.497916666666192 ] ] } },
{ "type": "Feature", "properties": { "ord": 5 }, "geometry": { "type": "LineString", "coordinates": [ [ -1.456250000000352, 41.497916666666192 ], [ -1.447916666667027, 41.506249999999561 ], [ -1.422916666666993, 41.493749999999544 ], [ -1.414583333333695, 41.502083333332898 ] ] } },
{ "type": "Feature", "properties": { "ord": 6 }, "geometry": { "type": "LineString", "coordinates": [ [ -4.993750000000318, 41.489583333332881 ], [ -5.022916666666958, 41.497916666666192 ] ] } },
{ "type": "Feature", "properties": { "ord": 5 }, "geometry": { "type": "LineString", "coordinates": [ [ -7.197916666666913, 41.502083333332898 ], [ -7.185416666666953, 41.485416666666175 ] ] } },
{ "type": "Feature", "properties": { "ord": 7 }, "geometry": { "type": "LineString", "coordinates": [ [ -6.256250000000307, 41.51041666666621 ], [ -6.252083333333616, 41.502083333332898 ], [ -6.277083333333593, 41.485416666666175 ] ] } },
{ "type": "Feature", "properties": { "ord": 6 }, "geometry": { "type": "LineString", "coordinates": [ [ -5.022916666666958, 41.497916666666192 ], [ -5.039583333333638, 41.485416666666175 ] ] } },
{ "type": "Feature", "properties": { "ord": 6 }, "geometry": { "type": "LineString", "coordinates": [ [ -4.98125000000033, 41.485416666666175 ], [ -4.993750000000318, 41.489583333332881 ] ] } },
{ "type": "Feature", "properties": { "ord": 6 }, "geometry": { "type": "LineString", "coordinates": [ [ -4.977083333333638, 41.485416666666175 ], [ -4.98125000000033, 41.485416666666175 ] ] } },
{ "type": "Feature", "properties": { "ord": 6 }, "geometry": { "type": "LineString", "coordinates": [ [ -4.906250000000313, 41.502083333332898 ], [ -4.922916666666964, 41.506249999999561 ], [ -4.952083333333604, 41.485416666666175 ] ] } },
{ "type": "Feature", "properties": { "ord": 7 }, "geometry": { "type": "LineString", "coordinates": [ [ -0.539583333333724, 41.497916666666192 ], [ -0.535416666667061, 41.485416666666175 ] ] } },
{ "type": "Feature", "properties": { "ord": 6 }, "geometry": { "type": "LineString", "coordinates": [ [ -4.952083333333604, 41.485416666666175 ], [ -4.977083333333638, 41.485416666666175 ] ] } },
{ "type": "Feature", "properties": { "ord": 6 }, "geometry": { "type": "LineString", "coordinates": [ [ 0.343749999999631, 41.527083333332889 ], [ 0.352083333332956, 41.506249999999561 ], [ 0.343749999999631, 41.481249999999527 ] ] } },
{ "type": "Feature", "properties": { "ord": 7 }, "geometry": { "type": "LineString", "coordinates": [ [ -6.060416666666896, 41.477083333332864 ], [ -6.089583333333621, 41.497916666666192 ] ] } },
{ "type": "Feature", "properties": { "ord": 6 }, "geometry": { "type": "LineString", "coordinates": [ [ -6.014583333333604, 41.497916666666192 ], [ -6.060416666666896, 41.477083333332864 ] ] } },
{ "type": "Feature", "properties": { "ord": 6 }, "geometry": { "type": "LineString", "coordinates": [ [ -5.039583333333638, 41.485416666666175 ], [ -5.077083333333661, 41.477083333332864 ] ] } },
{ "type": "Feature", "properties": { "ord": 5 }, "geometry": { "type": "LineString", "coordinates": [ [ -1.543750000000387, 41.477083333332864 ], [ -1.510416666667027, 41.489583333332881 ], [ -1.472916666667032, 41.477083333332864 ], [ -1.456250000000352, 41.497916666666192 ] ] } },
{ "type": "Feature", "properties": { "ord": 5 }, "geometry": { "type": "LineString", "coordinates": [ [ 0.481249999999619, 41.497916666666192 ], [ 0.452083333332922, 41.477083333332864 ] ] } },
{ "type": "Feature", "properties": { "ord": 5 }, "geometry": { "type": "LineString", "coordinates": [ [ 1.92708333333286, 41.497916666666192 ], [ 1.922916666666225, 41.493749999999544 ], [ 1.935416666666271, 41.477083333332864 ] ] } },
{ "type": "Feature", "properties": { "ord": 6 }, "geometry": { "type": "LineString", "coordinates": [ [ -5.335416666666987, 41.472916666666201 ], [ -5.347916666666947, 41.489583333332881 ], [ -5.364583333333627, 41.493749999999544 ] ] } },
{ "type": "Feature", "properties": { "ord": 6 }, "geometry": { "type": "LineString", "coordinates": [ [ -5.077083333333661, 41.477083333332864 ], [ -5.097916666666976, 41.472916666666201 ] ] } },
{ "type": "Feature", "properties": { "ord": 5 }, "geometry": { "type": "LineString", "coordinates": [ [ -1.568750000000335, 41.472916666666201 ], [ -1.556250000000375, 41.485416666666175 ], [ -1.543750000000387, 41.477083333332864 ] ] } },
{ "type": "Feature", "properties": { "ord": 6 }, "geometry": { "type": "LineString", "coordinates": [ [ -5.839583333333621, 41.468749999999552 ], [ -5.856250000000301, 41.468749999999552 ], [ -5.86458333333357, 41.477083333332864 ], [ -5.856250000000301, 41.514583333332872 ] ] } },
{ "type": "Feature", "properties": { "ord": 6 }, "geometry": { "type": "LineString", "coordinates": [ [ -5.806250000000261, 41.493749999999544 ], [ -5.839583333333621, 41.468749999999552 ] ] } },
{ "type": "Feature", "properties": { "ord": 5 }, "geometry": { "type": "LineString", "coordinates": [ [ -4.764583333333633, 41.468749999999552 ], [ -4.768750000000296, 41.489583333332881 ], [ -4.797916666666936, 41.522916666666227 ], [ -4.864583333333655, 41.535416666666215 ] ] } },
{ "type": "Feature", "properties": { "ord": 7 }, "geometry": { "type": "LineString", "coordinates": [ [ -0.535416666667061, 41.485416666666175 ], [ -0.527083333333707, 41.468749999999552 ], [ -0.510416666667027, 41.472916666666201 ] ] } },
{ "type": "Feature", "properties": { "ord": 6 }, "geometry": { "type": "LineString", "coordinates": [ [ -5.335416666666987, 41.464583333332889 ], [ -5.335416666666987, 41.472916666666201 ] ] } },
{ "type": "Feature", "properties": { "ord": 6 }, "geometry": { "type": "LineString", "coordinates": [ [ 0.343749999999631, 41.481249999999527 ], [ 0.343749999999631, 41.464583333332889 ] ] } },
{ "type": "Feature", "properties": { "ord": 6 }, "geometry": { "type": "LineString", "coordinates": [ [ -5.331250000000324, 41.460416666666184 ], [ -5.335416666666987, 41.464583333332889 ] ] } },
{ "type": "Feature", "properties": { "ord": 5 }, "geometry": { "type": "LineString", "coordinates": [ [ 0.452083333332922, 41.477083333332864 ], [ 0.427083333332973, 41.460416666666184 ] ] } },
{ "type": "Feature", "properties": { "ord": 7 }, "geometry": { "type": "LineString", "coordinates": [ [ -6.277083333333593, 41.485416666666175 ], [ -6.297916666666964, 41.456249999999535 ] ] } },
{ "type": "Feature", "properties": { "ord": 6 }, "geometry": { "type": "LineString", "coordinates": [ [ -5.972916666666976, 41.456249999999535 ], [ -6.010416666666941, 41.456249999999535 ], [ -6.060416666666896, 41.477083333332864 ] ] } },
{ "type": "Feature", "properties": { "ord": 6 }, "geometry": { "type": "LineString", "coordinates": [ [ -5.097916666666976, 41.472916666666201 ], [ -5.118750000000318, 41.456249999999535 ] ] } },
{ "type": "Feature", "properties": { "ord": 6 }, "geometry": { "type": "LineString", "coordinates": [ [ -5.185416666666981, 41.452083333332872 ], [ -5.189583333333644, 41.456249999999535 ] ] } },
{ "type": "Feature", "properties": { "ord": 6 }, "geometry": { "type": "LineString", "coordinates": [ [ -5.118750000000318, 41.456249999999535 ], [ -5.143750000000324, 41.452083333332872 ] ] } },
{ "type": "Feature", "properties": { "ord": 5 }, "geometry": { "type": "LineString", "coordinates": [ [ 0.427083333332973, 41.460416666666184 ], [ 0.414583333332899, 41.452083333332872 ] ] } },
{ "type": "Feature", "properties": { "ord": 6 }, "geometry": { "type": "LineString", "coordinates": [ [ -5.314583333333644, 41.44791666666621 ], [ -5.331250000000324, 41.460416666666184 ] ] } },
{ "type": "Feature", "properties": { "ord": 6 }, "geometry": { "type": "LineString", "coordinates": [ [ -5.30625000000029, 41.44791666666621 ], [ -5.314583333333644, 41.44791666666621 ] ] } },
{ "type": "Feature", "properties": { "ord": 6 }, "geometry": { "type": "LineString", "coordinates": [ [ -5.177083333333655, 41.44791666666621 ], [ -5.185416666666981, 41.452083333332872 ] ] } },
{ "type": "Feature", "properties": { "ord": 6 }, "geometry": { "type": "LineString", "coordinates": [ [ -5.143750000000324, 41.452083333332872 ], [ -5.177083333333655, 41.44791666666621 ] ] } },
{ "type": "Feature", "properties": { "ord": 5 }, "geometry": { "type": "LineString", "coordinates": [ [ 1.935416666666271, 41.477083333332864 ], [ 1.943749999999596, 41.468749999999552 ], [ 1.964583333332968, 41.472916666666201 ], [ 1.981249999999591, 41.44791666666621 ] ] } },
{ "type": "Feature", "properties": { "ord": 5 }, "geometry": { "type": "LineString", "coordinates": [ [ -4.752083333333672, 41.443749999999561 ], [ -4.764583333333633, 41.468749999999552 ] ] } },
{ "type": "Feature", "properties": { "ord": 7 }, "geometry": { "type": "LineString", "coordinates": [ [ -0.510416666667027, 41.472916666666201 ], [ -0.489583333333655, 41.452083333332872 ], [ -0.497916666667066, 41.443749999999561 ] ] } },
{ "type": "Feature", "properties": { "ord": 6 }, "geometry": { "type": "LineString", "coordinates": [ [ -5.935416666666924, 41.439583333332898 ], [ -5.972916666666976, 41.456249999999535 ] ] } },
{ "type": "Feature", "properties": { "ord": 6 }, "geometry": { "type": "LineString", "coordinates": [ [ -5.868750000000261, 41.514583333332872 ], [ -5.885416666666941, 41.489583333332881 ], [ -5.881250000000279, 41.472916666666201 ], [ -5.893750000000296, 41.460416666666184 ], [ -5.889583333333604, 41.44791666666621 ], [ -5.906250000000313, 41.439583333332898 ] ] } },
{ "type": "Feature", "properties": { "ord": 7 }, "geometry": { "type": "LineString", "coordinates": [ [ -6.297916666666964, 41.456249999999535 ], [ -6.30625000000029, 41.44791666666621 ], [ -6.293750000000273, 41.435416666666235 ] ] } },
{ "type": "Feature", "properties": { "ord": 7 }, "geometry": { "type": "LineString", "coordinates": [ [ -0.497916666667066, 41.443749999999561 ], [ -0.493750000000404, 41.435416666666235 ], [ -0.477083333333724, 41.443749999999561 ] ] } },
{ "type": "Feature", "properties": { "ord": 5 }, "geometry": { "type": "LineString", "coordinates": [ [ 1.981249999999591, 41.44791666666621 ], [ 1.993749999999579, 41.435416666666235 ] ] } },
{ "type": "Feature", "properties": { "ord": 5 }, "geometry": { "type": "LineString", "coordinates": [ [ -6.727083333333582, 41.435416666666235 ], [ -6.731250000000301, 41.431249999999544 ] ] } },
{ "type": "Feature", "properties": { "ord": 5 }, "geometry": { "type": "LineString", "coordinates": [ [ -6.664583333333638, 41.460416666666184 ], [ -6.706250000000296, 41.431249999999544 ], [ -6.727083333333582, 41.435416666666235 ] ] } },
{ "type": "Feature", "properties": { "ord": 6 }, "geometry": { "type": "LineString", "coordinates": [ [ -5.922916666666964, 41.431249999999544 ], [ -5.935416666666924, 41.439583333332898 ] ] } },
{ "type": "Feature", "properties": { "ord": 6 }, "geometry": { "type": "LineString", "coordinates": [ [ -5.906250000000313, 41.439583333332898 ], [ -5.922916666666964, 41.431249999999544 ] ] } },
{ "type": "Feature", "properties": { "ord": 7 }, "geometry": { "type": "LineString", "coordinates": [ [ -0.477083333333724, 41.443749999999561 ], [ -0.468750000000369, 41.431249999999544 ] ] } },
{ "type": "Feature", "properties": { "ord": 5 }, "geometry": { "type": "LineString", "coordinates": [ [ -1.564583333333672, 41.427083333332881 ], [ -1.568750000000335, 41.472916666666201 ] ] } },
{ "type": "Feature", "properties": { "ord": 5 }, "geometry": { "type": "LineString", "coordinates": [ [ 0.414583333332899, 41.452083333332872 ], [ 0.368749999999665, 41.427083333332881 ] ] } },
{ "type": "Feature", "properties": { "ord": 6 }, "geometry": { "type": "LineString", "coordinates": [ [ 0.343749999999631, 41.464583333332889 ], [ 0.352083333332956, 41.456249999999535 ], [ 0.343749999999631, 41.435416666666235 ], [ 0.347916666666293, 41.422916666666218 ] ] } },
{ "type": "Feature", "properties": { "ord": 5 }, "geometry": { "type": "LineString", "coordinates": [ [ 0.368749999999665, 41.427083333332881 ], [ 0.347916666666293, 41.422916666666218 ] ] } },
{ "type": "Feature", "properties": { "ord": 5 }, "geometry": { "type": "LineString", "coordinates": [ [ -1.606250000000358, 41.414583333332864 ], [ -1.564583333333672, 41.427083333332881 ] ] } },
{ "type": "Feature", "properties": { "ord": 5 }, "geometry": { "type": "LineString", "coordinates": [ [ 1.993749999999579, 41.435416666666235 ], [ 2.00624999999954, 41.414583333332864 ] ] } },
{ "type": "Feature", "properties": { "ord": 5 }, "geometry": { "type": "LineString", "coordinates": [ [ -7.185416666666953, 41.485416666666175 ], [ -7.185416666666953, 41.452083333332872 ], [ -7.16458333333361, 41.431249999999544 ], [ -7.16458333333361, 41.410416666666201 ] ] } },
{ "type": "Feature", "properties": { "ord": 7 }, "geometry": { "type": "LineString", "coordinates": [ [ -6.293750000000273, 41.435416666666235 ], [ -6.331250000000296, 41.410416666666201 ] ] } },
{ "type": "Feature", "properties": { "ord": 5 }, "geometry": { "type": "LineString", "coordinates": [ [ 2.00624999999954, 41.414583333332864 ], [ 2.010416666666288, 41.406249999999538 ] ] } },
{ "type": "Feature", "properties": { "ord": 5 }, "geometry": { "type": "LineString", "coordinates": [ [ -6.731250000000301, 41.431249999999544 ], [ -6.80208333333357, 41.402083333332889 ] ] } },
{ "type": "Feature", "properties": { "ord": 6 }, "geometry": { "type": "LineString", "coordinates": [ [ -5.268750000000324, 41.397916666666227 ], [ -5.30625000000029, 41.44791666666621 ] ] } },
{ "type": "Feature", "properties": { "ord": 6 }, "geometry": { "type": "LineString", "coordinates": [ [ -5.189583333333644, 41.456249999999535 ], [ -5.202083333333661, 41.456249999999535 ], [ -5.256250000000307, 41.397916666666227 ] ] } },
{ "type": "Feature", "properties": { "ord": 7 }, "geometry": { "type": "LineString", "coordinates": [ [ 0.168749999999648, 41.406249999999538 ], [ 0.177083333332945, 41.397916666666227 ], [ 0.193749999999596, 41.397916666666227 ] ] } },
{ "type": "Feature", "properties": { "ord": 7 }, "geometry": { "type": "LineString", "coordinates": [ [ 0.193749999999596, 41.397916666666227 ], [ 0.218749999999631, 41.402083333332889 ] ] } },
{ "type": "Feature", "properties": { "ord": 6 }, "geometry": { "type": "LineString", "coordinates": [ [ -5.26041666666697, 41.393749999999521 ], [ -5.268750000000324, 41.397916666666227 ] ] } },
{ "type": "Feature", "properties": { "ord": 6 }, "geometry": { "type": "LineString", "coordinates": [ [ -5.256250000000307, 41.397916666666227 ], [ -5.26041666666697, 41.393749999999521 ] ] } },
{ "type": "Feature", "properties": { "ord": 5 }, "geometry": { "type": "LineString", "coordinates": [ [ -1.606250000000358, 41.393749999999521 ], [ -1.622916666667038, 41.397916666666227 ], [ -1.606250000000358, 41.406249999999538 ], [ -1.606250000000358, 41.414583333332864 ] ] } },
{ "type": "Feature", "properties": { "ord": 7 }, "geometry": { "type": "LineString", "coordinates": [ [ 0.147916666666276, 41.393749999999521 ], [ 0.168749999999648, 41.406249999999538 ] ] } },
{ "type": "Feature", "properties": { "ord": 7 }, "geometry": { "type": "LineString", "coordinates": [ [ 0.218749999999631, 41.402083333332889 ], [ 0.239583333333002, 41.393749999999521 ] ] } },
{ "type": "Feature", "properties": { "ord": 5 }, "geometry": { "type": "LineString", "coordinates": [ [ -7.16458333333361, 41.410416666666201 ], [ -7.16458333333361, 41.389583333332872 ] ] } },
{ "type": "Feature", "properties": { "ord": 7 }, "geometry": { "type": "LineString", "coordinates": [ [ -6.331250000000296, 41.410416666666201 ], [ -6.318750000000307, 41.389583333332872 ] ] } },
{ "type": "Feature", "properties": { "ord": 5 }, "geometry": { "type": "LineString", "coordinates": [ [ 2.010416666666288, 41.406249999999538 ], [ 2.027083333332939, 41.397916666666227 ], [ 2.022916666666276, 41.389583333332872 ] ] } },
{ "type": "Feature", "properties": { "ord": 5 }, "geometry": { "type": "LineString", "coordinates": [ [ -7.16458333333361, 41.389583333332872 ], [ -7.168750000000273, 41.38541666666621 ] ] } },
{ "type": "Feature", "properties": { "ord": 7 }, "geometry": { "type": "LineString", "coordinates": [ [ -6.318750000000307, 41.389583333332872 ], [ -6.33541666666693, 41.381249999999547 ], [ -6.372916666666953, 41.389583333332872 ] ] } },
{ "type": "Feature", "properties": { "ord": 7 }, "geometry": { "type": "LineString", "coordinates": [ [ -6.372916666666953, 41.389583333332872 ], [ -6.393750000000296, 41.377083333332898 ] ] } },
{ "type": "Feature", "properties": { "ord": 5 }, "geometry": { "type": "LineString", "coordinates": [ [ -7.168750000000273, 41.38541666666621 ], [ -7.202083333333576, 41.389583333332872 ], [ -7.239583333333627, 41.36874999999953 ] ] } },
{ "type": "Feature", "properties": { "ord": 5 }, "geometry": { "type": "LineString", "coordinates": [ [ -1.610416666667049, 41.36874999999953 ], [ -1.593750000000369, 41.38541666666621 ], [ -1.606250000000358, 41.393749999999521 ] ] } },
{ "type": "Feature", "properties": { "ord": 7 }, "geometry": { "type": "LineString", "coordinates": [ [ 0.114583333333002, 41.36874999999953 ], [ 0.147916666666276, 41.393749999999521 ] ] } },
{ "type": "Feature", "properties": { "ord": 7 }, "geometry": { "type": "LineString", "coordinates": [ [ 0.239583333333002, 41.393749999999521 ], [ 0.256249999999625, 41.372916666666235 ], [ 0.272916666666276, 41.36874999999953 ] ] } },
{ "type": "Feature", "properties": { "ord": 5 }, "geometry": { "type": "LineString", "coordinates": [ [ 2.022916666666276, 41.389583333332872 ], [ 2.043749999999562, 41.36874999999953 ] ] } },
{ "type": "Feature", "properties": { "ord": 5 }, "geometry": { "type": "LineString", "coordinates": [ [ -6.80208333333357, 41.402083333332889 ], [ -6.822916666666941, 41.372916666666235 ], [ -6.818750000000279, 41.360416666666218 ] ] } },
{ "type": "Feature", "properties": { "ord": 7 }, "geometry": { "type": "LineString", "coordinates": [ [ 0.272916666666276, 41.36874999999953 ], [ 0.285416666666237, 41.360416666666218 ], [ 0.310416666666271, 41.360416666666218 ] ] } },
{ "type": "Feature", "properties": { "ord": 6 }, "geometry": { "type": "LineString", "coordinates": [ [ 0.347916666666293, 41.422916666666218 ], [ 0.322916666666259, 41.397916666666227 ], [ 0.306249999999636, 41.36874999999953 ], [ 0.310416666666271, 41.360416666666218 ] ] } },
{ "type": "Feature", "properties": { "ord": 7 }, "geometry": { "type": "LineString", "coordinates": [ [ -6.393750000000296, 41.377083333332898 ], [ -6.377083333333616, 41.360416666666218 ], [ -6.381250000000307, 41.356249999999513 ] ] } },
{ "type": "Feature", "properties": { "ord": 5 }, "geometry": { "type": "LineString", "coordinates": [ [ -7.239583333333627, 41.36874999999953 ], [ -7.252083333333616, 41.352083333332864 ], [ -7.272916666666902, 41.352083333332864 ] ] } },
{ "type": "Feature", "properties": { "ord": 5 }, "geometry": { "type": "LineString", "coordinates": [ [ -1.635416666667055, 41.352083333332864 ], [ -1.610416666667049, 41.36874999999953 ] ] } },
{ "type": "Feature", "properties": { "ord": 7 }, "geometry": { "type": "LineString", "coordinates": [ [ -0.468750000000369, 41.431249999999544 ], [ -0.472916666667061, 41.402083333332889 ], [ -0.443750000000364, 41.377083333332898 ], [ -0.439583333333672, 41.352083333332864 ] ] } },
{ "type": "Feature", "properties": { "ord": 5 }, "geometry": { "type": "LineString", "coordinates": [ [ -7.272916666666902, 41.352083333332864 ], [ -7.281250000000256, 41.347916666666201 ] ] } },
{ "type": "Feature", "properties": { "ord": 7 }, "geometry": { "type": "LineString", "coordinates": [ [ 0.310416666666271, 41.360416666666218 ], [ 0.347916666666293, 41.360416666666218 ], [ 0.360416666666254, 41.343749999999538 ] ] } },
{ "type": "Feature", "properties": { "ord": 5 }, "geometry": { "type": "LineString", "coordinates": [ [ 2.043749999999562, 41.36874999999953 ], [ 2.052083333332888, 41.347916666666201 ], [ 2.072916666666259, 41.343749999999538 ] ] } },
{ "type": "Feature", "properties": { "ord": 5 }, "geometry": { "type": "LineString", "coordinates": [ [ -1.660416666667032, 41.339583333332889 ], [ -1.635416666667055, 41.352083333332864 ] ] } },
{ "type": "Feature", "properties": { "ord": 5 }, "geometry": { "type": "LineString", "coordinates": [ [ -7.293750000000273, 41.335416666666227 ], [ -7.339583333333593, 41.335416666666227 ] ] } },
{ "type": "Feature", "properties": { "ord": 5 }, "geometry": { "type": "LineString", "coordinates": [ [ -7.281250000000256, 41.347916666666201 ], [ -7.293750000000273, 41.335416666666227 ] ] } },
{ "type": "Feature", "properties": { "ord": 7 }, "geometry": { "type": "LineString", "coordinates": [ [ -6.381250000000307, 41.356249999999513 ], [ -6.41458333333361, 41.347916666666201 ], [ -6.422916666666936, 41.335416666666227 ] ] } },
{ "type": "Feature", "properties": { "ord": 7 }, "geometry": { "type": "LineString", "coordinates": [ [ -0.439583333333672, 41.352083333332864 ], [ -0.422916666667049, 41.335416666666227 ] ] } },
{ "type": "Feature", "properties": { "ord": 5 }, "geometry": { "type": "LineString", "coordinates": [ [ 2.072916666666259, 41.343749999999538 ], [ 2.102083333332956, 41.335416666666227 ] ] } },
{ "type": "Feature", "properties": { "ord": 7 }, "geometry": { "type": "LineString", "coordinates": [ [ 0.114583333333002, 41.331249999999564 ], [ 0.114583333333002, 41.36874999999953 ] ] } },
{ "type": "Feature", "properties": { "ord": 5 }, "geometry": { "type": "LineString", "coordinates": [ [ -1.797916666667021, 41.327083333332872 ], [ -1.789583333333695, 41.331249999999564 ] ] } },
{ "type": "Feature", "properties": { "ord": 7 }, "geometry": { "type": "LineString", "coordinates": [ [ -0.377083333333701, 41.343749999999538 ], [ -0.37291666666701, 41.352083333332864 ], [ -0.364583333333741, 41.347916666666201 ], [ -0.356250000000387, 41.327083333332872 ], [ -0.343750000000369, 41.331249999999564 ], [ -0.347916666667061, 41.343749999999538 ] ] } },
{ "type": "Feature", "properties": { "ord": 7 }, "geometry": { "type": "LineString", "coordinates": [ [ -0.347916666667061, 41.343749999999538 ], [ -0.339583333333735, 41.347916666666201 ], [ -0.331250000000381, 41.339583333332889 ], [ -0.331250000000381, 41.327083333332872 ] ] } },
{ "type": "Feature", "properties": { "ord": 5 }, "geometry": { "type": "LineString", "coordinates": [ [ -7.339583333333593, 41.335416666666227 ], [ -7.364583333333599, 41.32291666666621 ] ] } },
{ "type": "Feature", "properties": { "ord": 5 }, "geometry": { "type": "LineString", "coordinates": [ [ -1.706250000000352, 41.32291666666621 ], [ -1.677083333333627, 41.339583333332889 ], [ -1.660416666667032, 41.339583333332889 ] ] } },
{ "type": "Feature", "properties": { "ord": 7 }, "geometry": { "type": "LineString", "coordinates": [ [ -0.422916666667049, 41.335416666666227 ], [ -0.381250000000364, 41.32291666666621 ], [ -0.37291666666701, 41.331249999999564 ], [ -0.377083333333701, 41.343749999999538 ] ] } },
{ "type": "Feature", "properties": { "ord": 5 }, "geometry": { "type": "LineString", "coordinates": [ [ 2.102083333332956, 41.335416666666227 ], [ 2.118749999999579, 41.32291666666621 ] ] } },
{ "type": "Feature", "properties": { "ord": 5 }, "geometry": { "type": "LineString", "coordinates": [ [ -6.818750000000279, 41.360416666666218 ], [ -6.827083333333604, 41.352083333332864 ], [ -6.818750000000279, 41.343749999999538 ], [ -6.831250000000296, 41.318749999999547 ] ] } },
{ "type": "Feature", "properties": { "ord": 5 }, "geometry": { "type": "LineString", "coordinates": [ [ -1.802083333333684, 41.318749999999547 ], [ -1.797916666667021, 41.327083333332872 ] ] } },
{ "type": "Feature", "properties": { "ord": 7 }, "geometry": { "type": "LineString", "coordinates": [ [ 0.106249999999591, 41.318749999999547 ], [ 0.114583333333002, 41.331249999999564 ] ] } },
{ "type": "Feature", "properties": { "ord": 5 }, "geometry": { "type": "LineString", "coordinates": [ [ 2.118749999999579, 41.32291666666621 ], [ 2.143749999999613, 41.318749999999547 ] ] } },
{ "type": "Feature", "properties": { "ord": 5 }, "geometry": { "type": "LineString", "coordinates": [ [ -1.789583333333695, 41.331249999999564 ], [ -1.764583333333718, 41.314583333332884 ], [ -1.735416666667049, 41.314583333332884 ] ] } },
{ "type": "Feature", "properties": { "ord": 5 }, "geometry": { "type": "LineString", "coordinates": [ [ -1.735416666667049, 41.314583333332884 ], [ -1.706250000000352, 41.32291666666621 ] ] } },
{ "type": "Feature", "properties": { "ord": 7 }, "geometry": { "type": "LineString", "coordinates": [ [ -0.006250000000392, 41.310416666666235 ], [ -0.002083333333729, 41.314583333332884 ] ] } },
{ "type": "Feature", "properties": { "ord": 7 }, "geometry": { "type": "LineString", "coordinates": [ [ 0.060416666666271, 41.306249999999572 ], [ 0.072916666666231, 41.327083333332872 ], [ 0.093749999999631, 41.339583333332889 ], [ 0.106249999999591, 41.318749999999547 ] ] } },
{ "type": "Feature", "properties": { "ord": 5 }, "geometry": { "type": "LineString", "coordinates": [ [ -6.831250000000296, 41.318749999999547 ], [ -6.839583333333621, 41.310416666666235 ], [ -6.856250000000301, 41.310416666666235 ], [ -6.864583333333627, 41.293749999999555 ] ] } },
{ "type": "Feature", "properties": { "ord": 7 }, "geometry": { "type": "LineString", "coordinates": [ [ -6.422916666666936, 41.335416666666227 ], [ -6.418750000000273, 41.327083333332872 ], [ -6.43125000000029, 41.32291666666621 ], [ -6.443750000000307, 41.302083333332867 ], [ -6.468750000000256, 41.302083333332867 ], [ -6.481250000000273, 41.293749999999555 ] ] } },
{ "type": "Feature", "properties": { "ord": 7 }, "geometry": { "type": "LineString", "coordinates": [ [ -0.002083333333729, 41.314583333332884 ], [ 0.010416666666288, 41.310416666666235 ], [ 0.014583333332951, 41.297916666666218 ], [ 0.047916666666282, 41.293749999999555 ] ] } },
{ "type": "Feature", "properties": { "ord": 7 }, "geometry": { "type": "LineString", "coordinates": [ [ 0.047916666666282, 41.293749999999555 ], [ 0.060416666666271, 41.306249999999572 ] ] } },
{ "type": "Feature", "properties": { "ord": 7 }, "geometry": { "type": "LineString", "coordinates": [ [ -0.243750000000347, 41.297916666666218 ], [ -0.222916666667061, 41.302083333332867 ], [ -0.214583333333735, 41.285416666666201 ] ] } },
{ "type": "Feature", "properties": { "ord": 5 }, "geometry": { "type": "LineString", "coordinates": [ [ -7.364583333333599, 41.32291666666621 ], [ -7.372916666666953, 41.314583333332884 ], [ -7.364583333333599, 41.302083333332867 ], [ -7.393750000000239, 41.281249999999538 ] ] } },
{ "type": "Feature", "properties": { "ord": 5 }, "geometry": { "type": "LineString", "coordinates": [ [ -6.422916666666936, 41.281249999999538 ], [ -6.452083333333633, 41.28958333333285 ], [ -6.468750000000256, 41.285416666666201 ], [ -6.481250000000273, 41.293749999999555 ] ] } },
{ "type": "Feature", "properties": { "ord": 7 }, "geometry": { "type": "LineString", "coordinates": [ [ 0.360416666666254, 41.343749999999538 ], [ 0.352083333332956, 41.327083333332872 ], [ 0.368749999999665, 41.310416666666235 ], [ 0.339583333332968, 41.293749999999555 ], [ 0.339583333332968, 41.281249999999538 ] ] } },
{ "type": "Feature", "properties": { "ord": 5 }, "geometry": { "type": "LineString", "coordinates": [ [ -6.35208333333361, 41.277083333332875 ], [ -6.364583333333627, 41.285416666666201 ], [ -6.38541666666697, 41.285416666666201 ], [ -6.397916666666902, 41.277083333332875 ], [ -6.422916666666936, 41.281249999999538 ] ] } },
{ "type": "Feature", "properties": { "ord": 7 }, "geometry": { "type": "LineString", "coordinates": [ [ -0.314583333333701, 41.293749999999555 ], [ -0.297916666667021, 41.293749999999555 ], [ -0.285416666667061, 41.306249999999572 ], [ -0.281250000000398, 41.293749999999555 ], [ -0.289583333333724, 41.281249999999538 ], [ -0.268750000000381, 41.277083333332875 ], [ -0.252083333333701, 41.297916666666218 ], [ -0.243750000000347, 41.297916666666218 ] ] } },
{ "type": "Feature", "properties": { "ord": 7 }, "geometry": { "type": "LineString", "coordinates": [ [ -0.331250000000381, 41.327083333332872 ], [ -0.364583333333741, 41.314583333332884 ], [ -0.377083333333701, 41.28958333333285 ], [ -0.397916666667044, 41.293749999999555 ], [ -0.402083333333707, 41.285416666666201 ], [ -0.389583333333718, 41.277083333332875 ], [ -0.360416666667078, 41.281249999999538 ], [ -0.347916666667061, 41.272916666666227 ], [ -0.335416666667072, 41.302083333332867 ], [ -0.314583333333701, 41.293749999999555 ] ] } },
{ "type": "Feature", "properties": { "ord": 5 }, "geometry": { "type": "LineString", "coordinates": [ [ -6.314583333333644, 41.272916666666227 ], [ -6.327083333333633, 41.268749999999564 ], [ -6.35208333333361, 41.277083333332875 ] ] } },
{ "type": "Feature", "properties": { "ord": 5 }, "geometry": { "type": "LineString", "coordinates": [ [ -7.393750000000239, 41.281249999999538 ], [ -7.385416666666941, 41.272916666666227 ], [ -7.389583333333547, 41.264583333332858 ] ] } },
{ "type": "Feature", "properties": { "ord": 7 }, "geometry": { "type": "LineString", "coordinates": [ [ -6.481250000000273, 41.293749999999555 ], [ -6.489583333333599, 41.28958333333285 ], [ -6.481250000000273, 41.277083333332875 ], [ -6.497916666666953, 41.264583333332858 ], [ -6.522916666666958, 41.272916666666227 ] ] } },
{ "type": "Feature", "properties": { "ord": 7 }, "geometry": { "type": "LineString", "coordinates": [ [ -0.093750000000398, 41.264583333332858 ], [ -0.068750000000392, 41.268749999999564 ] ] } },
{ "type": "Feature", "properties": { "ord": 7 }, "geometry": { "type": "LineString", "coordinates": [ [ -0.214583333333735, 41.285416666666201 ], [ -0.177083333333684, 41.293749999999555 ], [ -0.135416666667055, 41.26041666666621 ] ] } },
{ "type": "Feature", "properties": { "ord": 7 }, "geometry": { "type": "LineString", "coordinates": [ [ -0.135416666667055, 41.26041666666621 ], [ -0.131250000000392, 41.281249999999538 ], [ -0.118750000000375, 41.268749999999564 ], [ -0.106250000000415, 41.272916666666227 ], [ -0.093750000000398, 41.264583333332858 ] ] } },
{ "type": "Feature", "properties": { "ord": 5 }, "geometry": { "type": "LineString", "coordinates": [ [ -6.864583333333627, 41.293749999999555 ], [ -6.88125000000025, 41.277083333332875 ], [ -6.88125000000025, 41.256249999999547 ] ] } },
{ "type": "Feature", "properties": { "ord": 5 }, "geometry": { "type": "LineString", "coordinates": [ [ -6.281250000000256, 41.256249999999547 ], [ -6.314583333333644, 41.272916666666227 ] ] } },
{ "type": "Feature", "properties": { "ord": 7 }, "geometry": { "type": "LineString", "coordinates": [ [ -0.068750000000392, 41.268749999999564 ], [ -0.056250000000375, 41.256249999999547 ], [ -0.043750000000358, 41.256249999999547 ] ] } },
{ "type": "Feature", "properties": { "ord": 5 }, "geometry": { "type": "LineString", "coordinates": [ [ -6.88125000000025, 41.256249999999547 ], [ -6.906250000000284, 41.256249999999547 ] ] } },
{ "type": "Feature", "properties": { "ord": 5 }, "geometry": { "type": "LineString", "coordinates": [ [ -6.277083333333593, 41.252083333332884 ], [ -6.281250000000256, 41.256249999999547 ] ] } },
{ "type": "Feature", "properties": { "ord": 7 }, "geometry": { "type": "LineString", "coordinates": [ [ -0.043750000000358, 41.256249999999547 ], [ -0.022916666666987, 41.252083333332884 ], [ -0.014583333333746, 41.268749999999564 ], [ 0.002083333332962, 41.256249999999547 ], [ 0.006249999999625, 41.26041666666621 ], [ -0.010416666667055, 41.293749999999555 ], [ -0.006250000000392, 41.310416666666235 ] ] } },
{ "type": "Feature", "properties": { "ord": 5 }, "geometry": { "type": "LineString", "coordinates": [ [ -6.906250000000284, 41.256249999999547 ], [ -6.910416666666947, 41.247916666666235 ] ] } },
{ "type": "Feature", "properties": { "ord": 7 }, "geometry": { "type": "LineString", "coordinates": [ [ -6.610416666666936, 41.247916666666235 ], [ -6.614583333333599, 41.247916666666235 ] ] } },
{ "type": "Feature", "properties": { "ord": 7 }, "geometry": { "type": "LineString", "coordinates": [ [ -6.614583333333599, 41.247916666666235 ], [ -6.647916666666958, 41.243749999999572 ] ] } },
{ "type": "Feature", "properties": { "ord": 7 }, "geometry": { "type": "LineString", "coordinates": [ [ 0.472916666666293, 41.243749999999572 ], [ 0.485416666666282, 41.256249999999547 ] ] } },
{ "type": "Feature", "properties": { "ord": 5 }, "geometry": { "type": "LineString", "coordinates": [ [ -7.389583333333547, 41.264583333332858 ], [ -7.389583333333547, 41.243749999999572 ], [ -7.414583333333582, 41.247916666666235 ], [ -7.422916666666936, 41.239583333332867 ] ] } },
{ "type": "Feature", "properties": { "ord": 5 }, "geometry": { "type": "LineString", "coordinates": [ [ -6.981250000000301, 41.239583333332867 ], [ -7.00625000000025, 41.239583333332867 ] ] } },
{ "type": "Feature", "properties": { "ord": 5 }, "geometry": { "type": "LineString", "coordinates": [ [ -6.956250000000267, 41.239583333332867 ], [ -6.981250000000301, 41.239583333332867 ] ] } },
{ "type": "Feature", "properties": { "ord": 7 }, "geometry": { "type": "LineString", "coordinates": [ [ -6.572916666666941, 41.239583333332867 ], [ -6.581250000000296, 41.239583333332867 ], [ -6.589583333333621, 41.256249999999547 ], [ -6.610416666666936, 41.247916666666235 ] ] } },
{ "type": "Feature", "properties": { "ord": 7 }, "geometry": { "type": "LineString", "coordinates": [ [ -6.522916666666958, 41.272916666666227 ], [ -6.556250000000261, 41.243749999999572 ], [ -6.572916666666941, 41.239583333332867 ] ] } },
{ "type": "Feature", "properties": { "ord": 5 }, "geometry": { "type": "LineString", "coordinates": [ [ -6.235416666666964, 41.239583333332867 ], [ -6.277083333333593, 41.252083333332884 ] ] } },
{ "type": "Feature", "properties": { "ord": 7 }, "geometry": { "type": "LineString", "coordinates": [ [ 0.339583333332968, 41.281249999999538 ], [ 0.364583333332916, 41.239583333332867 ] ] } },
{ "type": "Feature", "properties": { "ord": 7 }, "geometry": { "type": "LineString", "coordinates": [ [ 0.364583333332916, 41.239583333332867 ], [ 0.385416666666288, 41.239583333332867 ] ] } },
{ "type": "Feature", "properties": { "ord": 7 }, "geometry": { "type": "LineString", "coordinates": [ [ 0.385416666666288, 41.239583333332867 ], [ 0.406249999999602, 41.243749999999572 ] ] } },
{ "type": "Feature", "properties": { "ord": 5 }, "geometry": { "type": "LineString", "coordinates": [ [ -6.910416666666947, 41.247916666666235 ], [ -6.927083333333627, 41.235416666666218 ], [ -6.956250000000267, 41.239583333332867 ] ] } },
{ "type": "Feature", "properties": { "ord": 7 }, "geometry": { "type": "LineString", "coordinates": [ [ 0.406249999999602, 41.243749999999572 ], [ 0.427083333332973, 41.247916666666235 ], [ 0.443749999999596, 41.235416666666218 ], [ 0.472916666666293, 41.243749999999572 ] ] } },
{ "type": "Feature", "properties": { "ord": 7 }, "geometry": { "type": "LineString", "coordinates": [ [ 0.485416666666282, 41.256249999999547 ], [ 0.493749999999579, 41.26041666666621 ], [ 0.506249999999653, 41.239583333332867 ], [ 0.522916666666276, 41.235416666666218 ] ] } },
{ "type": "Feature", "properties": { "ord": 5 }, "geometry": { "type": "LineString", "coordinates": [ [ -6.231250000000301, 41.231249999999555 ], [ -6.235416666666964, 41.239583333332867 ] ] } },
{ "type": "Feature", "properties": { "ord": 7 }, "geometry": { "type": "LineString", "coordinates": [ [ 0.522916666666276, 41.235416666666218 ], [ 0.547916666666225, 41.235416666666218 ], [ 0.552083333332973, 41.227083333332892 ] ] } },
{ "type": "Feature", "properties": { "ord": 5 }, "geometry": { "type": "LineString", "coordinates": [ [ -6.210416666666987, 41.222916666666201 ], [ -6.231250000000301, 41.231249999999555 ] ] } },
{ "type": "Feature", "properties": { "ord": 7 }, "geometry": { "type": "LineString", "coordinates": [ [ 0.552083333332973, 41.227083333332892 ], [ 0.552083333332973, 41.214583333332875 ] ] } },
{ "type": "Feature", "properties": { "ord": 5 }, "geometry": { "type": "LineString", "coordinates": [ [ -7.422916666666936, 41.239583333332867 ], [ -7.418750000000273, 41.222916666666201 ], [ -7.427083333333599, 41.210416666666212 ] ] } },
{ "type": "Feature", "properties": { "ord": 5 }, "geometry": { "type": "LineString", "coordinates": [ [ -7.00625000000025, 41.239583333332867 ], [ -7.027083333333621, 41.214583333332875 ], [ -7.047916666666936, 41.218749999999538 ], [ -7.05625000000029, 41.210416666666212 ] ] } },
{ "type": "Feature", "properties": { "ord": 5 }, "geometry": { "type": "LineString", "coordinates": [ [ -6.189583333333644, 41.210416666666212 ], [ -6.210416666666987, 41.222916666666201 ] ] } },
{ "type": "Feature", "properties": { "ord": 7 }, "geometry": { "type": "LineString", "coordinates": [ [ -7.427083333333599, 41.210416666666212 ], [ -7.452083333333604, 41.214583333332875 ], [ -7.464583333333621, 41.202083333332858 ] ] } },
{ "type": "Feature", "properties": { "ord": 7 }, "geometry": { "type": "LineString", "coordinates": [ [ -7.406250000000256, 41.202083333332858 ], [ -7.427083333333599, 41.210416666666212 ] ] } },
{ "type": "Feature", "properties": { "ord": 7 }, "geometry": { "type": "LineString", "coordinates": [ [ -7.393750000000239, 41.197916666666195 ], [ -7.406250000000256, 41.202083333332858 ] ] } },
{ "type": "Feature", "properties": { "ord": 5 }, "geometry": { "type": "LineString", "coordinates": [ [ -7.05625000000029, 41.210416666666212 ], [ -7.077083333333576, 41.214583333332875 ], [ -7.097916666666947, 41.197916666666195 ] ] } },
{ "type": "Feature", "properties": { "ord": 7 }, "geometry": { "type": "LineString", "coordinates": [ [ -7.464583333333621, 41.202083333332858 ], [ -7.502083333333616, 41.202083333332858 ], [ -7.510416666666941, 41.193749999999547 ] ] } },
{ "type": "Feature", "properties": { "ord": 7 }, "geometry": { "type": "LineString", "coordinates": [ [ -6.647916666666958, 41.243749999999572 ], [ -6.689583333333616, 41.210416666666212 ], [ -6.693750000000279, 41.193749999999547 ] ] } },
{ "type": "Feature", "properties": { "ord": 5 }, "geometry": { "type": "LineString", "coordinates": [ [ -6.139583333333604, 41.193749999999547 ], [ -6.156250000000284, 41.206249999999564 ], [ -6.189583333333644, 41.210416666666212 ] ] } },
{ "type": "Feature", "properties": { "ord": 7 }, "geometry": { "type": "LineString", "coordinates": [ [ 0.552083333332973, 41.214583333332875 ], [ 0.560416666666299, 41.206249999999564 ], [ 0.572916666666259, 41.210416666666212 ], [ 0.577083333332922, 41.193749999999547 ] ] } },
{ "type": "Feature", "properties": { "ord": 5 }, "geometry": { "type": "LineString", "coordinates": [ [ -7.097916666666947, 41.197916666666195 ], [ -7.10208333333361, 41.189583333332884 ] ] } },
{ "type": "Feature", "properties": { "ord": 7 }, "geometry": { "type": "LineString", "coordinates": [ [ -6.693750000000279, 41.193749999999547 ], [ -6.697916666666941, 41.189583333332884 ] ] } },
{ "type": "Feature", "properties": { "ord": 5 }, "geometry": { "type": "LineString", "coordinates": [ [ -7.10208333333361, 41.189583333332884 ], [ -7.106250000000273, 41.185416666666221 ] ] } },
{ "type": "Feature", "properties": { "ord": 5 }, "geometry": { "type": "LineString", "coordinates": [ [ -6.127083333333587, 41.185416666666221 ], [ -6.139583333333604, 41.193749999999547 ] ] } },
{ "type": "Feature", "properties": { "ord": 7 }, "geometry": { "type": "LineString", "coordinates": [ [ -7.510416666666941, 41.193749999999547 ], [ -7.522916666666958, 41.181249999999572 ], [ -7.547916666666936, 41.185416666666221 ] ] } },
{ "type": "Feature", "properties": { "ord": 5 }, "geometry": { "type": "LineString", "coordinates": [ [ -7.106250000000273, 41.185416666666221 ], [ -7.114583333333542, 41.177083333332909 ] ] } },
{ "type": "Feature", "properties": { "ord": 5 }, "geometry": { "type": "LineString", "coordinates": [ [ -6.089583333333621, 41.181249999999572 ], [ -6.114583333333627, 41.177083333332909 ], [ -6.127083333333587, 41.185416666666221 ] ] } },
{ "type": "Feature", "properties": { "ord": 7 }, "geometry": { "type": "LineString", "coordinates": [ [ -7.547916666666936, 41.185416666666221 ], [ -7.556250000000261, 41.172916666666204 ] ] } },
{ "type": "Feature", "properties": { "ord": 7 }, "geometry": { "type": "LineString", "coordinates": [ [ 0.577083333332922, 41.193749999999547 ], [ 0.572916666666259, 41.181249999999572 ], [ 0.581249999999585, 41.172916666666204 ] ] } },
{ "type": "Feature", "properties": { "ord": 7 }, "geometry": { "type": "LineString", "coordinates": [ [ 0.581249999999585, 41.172916666666204 ], [ 0.597916666666293, 41.172916666666204 ] ] } },
{ "type": "Feature", "properties": { "ord": 7 }, "geometry": { "type": "LineString", "coordinates": [ [ -7.556250000000261, 41.172916666666204 ], [ -7.572916666666941, 41.164583333332892 ] ] } },
{ "type": "Feature", "properties": { "ord": 7 }, "geometry": { "type": "LineString", "coordinates": [ [ -7.639583333333604, 41.160416666666187 ], [ -7.656250000000284, 41.160416666666187 ] ] } },
{ "type": "Feature", "properties": { "ord": 7 }, "geometry": { "type": "LineString", "coordinates": [ [ -7.856250000000273, 41.156249999999538 ], [ -7.86458333333357, 41.156249999999538 ] ] } },
{ "type": "Feature", "properties": { "ord": 7 }, "geometry": { "type": "LineString", "coordinates": [ [ -7.843750000000284, 41.156249999999538 ], [ -7.856250000000273, 41.156249999999538 ] ] } },
{ "type": "Feature", "properties": { "ord": 7 }, "geometry": { "type": "LineString", "coordinates": [ [ -7.589583333333621, 41.156249999999538 ], [ -7.639583333333604, 41.160416666666187 ] ] } },
{ "type": "Feature", "properties": { "ord": 7 }, "geometry": { "type": "LineString", "coordinates": [ [ -7.572916666666941, 41.164583333332892 ], [ -7.589583333333621, 41.156249999999538 ] ] } },
{ "type": "Feature", "properties": { "ord": 7 }, "geometry": { "type": "LineString", "coordinates": [ [ -7.777083333333593, 41.152083333332875 ], [ -7.793750000000216, 41.160416666666187 ] ] } },
{ "type": "Feature", "properties": { "ord": 7 }, "geometry": { "type": "LineString", "coordinates": [ [ -7.772916666666958, 41.152083333332875 ], [ -7.777083333333593, 41.152083333332875 ] ] } },
{ "type": "Feature", "properties": { "ord": 7 }, "geometry": { "type": "LineString", "coordinates": [ [ -7.656250000000284, 41.160416666666187 ], [ -7.672916666666907, 41.160416666666187 ], [ -7.681250000000261, 41.152083333332875 ] ] } },
{ "type": "Feature", "properties": { "ord": 7 }, "geometry": { "type": "LineString", "coordinates": [ [ -7.814583333333587, 41.147916666666212 ], [ -7.843750000000284, 41.156249999999538 ] ] } },
{ "type": "Feature", "properties": { "ord": 7 }, "geometry": { "type": "LineString", "coordinates": [ [ -7.810416666666924, 41.147916666666212 ], [ -7.814583333333587, 41.147916666666212 ] ] } },
{ "type": "Feature", "properties": { "ord": 7 }, "geometry": { "type": "LineString", "coordinates": [ [ -7.793750000000216, 41.160416666666187 ], [ -7.810416666666924, 41.147916666666212 ] ] } },
{ "type": "Feature", "properties": { "ord": 5 }, "geometry": { "type": "LineString", "coordinates": [ [ -6.060416666666896, 41.147916666666212 ], [ -6.089583333333621, 41.181249999999572 ] ] } },
{ "type": "Feature", "properties": { "ord": 7 }, "geometry": { "type": "LineString", "coordinates": [ [ -7.722916666666947, 41.143749999999564 ], [ -7.772916666666958, 41.152083333332875 ] ] } },
{ "type": "Feature", "properties": { "ord": 7 }, "geometry": { "type": "LineString", "coordinates": [ [ -7.697916666666941, 41.143749999999564 ], [ -7.722916666666947, 41.143749999999564 ] ] } },
{ "type": "Feature", "properties": { "ord": 7 }, "geometry": { "type": "LineString", "coordinates": [ [ -7.681250000000261, 41.152083333332875 ], [ -7.697916666666941, 41.143749999999564 ] ] } },
{ "type": "Feature", "properties": { "ord": 7 }, "geometry": { "type": "LineString", "coordinates": [ [ -7.347916666666919, 41.143749999999564 ], [ -7.372916666666953, 41.160416666666187 ], [ -7.393750000000239, 41.197916666666195 ] ] } },
{ "type": "Feature", "properties": { "ord": 7 }, "geometry": { "type": "LineString", "coordinates": [ [ -7.343750000000256, 41.143749999999564 ], [ -7.347916666666919, 41.143749999999564 ] ] } },
{ "type": "Feature", "properties": { "ord": 7 }, "geometry": { "type": "LineString", "coordinates": [ [ -7.327083333333576, 41.147916666666212 ], [ -7.343750000000256, 41.143749999999564 ] ] } },
{ "type": "Feature", "properties": { "ord": 7 }, "geometry": { "type": "LineString", "coordinates": [ [ 0.597916666666293, 41.172916666666204 ], [ 0.643749999999642, 41.143749999999564 ] ] } },
{ "type": "Feature", "properties": { "ord": 7 }, "geometry": { "type": "LineString", "coordinates": [ [ -8.577083333333604, 41.139583333332901 ], [ -8.64791666666693, 41.147916666666212 ] ] } },
{ "type": "Feature", "properties": { "ord": 7 }, "geometry": { "type": "LineString", "coordinates": [ [ -7.297916666666936, 41.139583333332901 ], [ -7.327083333333576, 41.147916666666212 ] ] } },
{ "type": "Feature", "properties": { "ord": 7 }, "geometry": { "type": "LineString", "coordinates": [ [ -7.127083333333616, 41.139583333332901 ], [ -7.114583333333542, 41.152083333332875 ], [ -7.114583333333542, 41.177083333332909 ] ] } },
{ "type": "Feature", "properties": { "ord": 7 }, "geometry": { "type": "LineString", "coordinates": [ [ -7.86458333333357, 41.156249999999538 ], [ -7.872916666666896, 41.156249999999538 ], [ -7.889583333333604, 41.135416666666195 ] ] } },
{ "type": "Feature", "properties": { "ord": 7 }, "geometry": { "type": "LineString", "coordinates": [ [ -7.281250000000256, 41.135416666666195 ], [ -7.297916666666936, 41.139583333332901 ] ] } },
{ "type": "Feature", "properties": { "ord": 7 }, "geometry": { "type": "LineString", "coordinates": [ [ -7.252083333333616, 41.143749999999564 ], [ -7.272916666666902, 41.143749999999564 ], [ -7.281250000000256, 41.135416666666195 ] ] } },
{ "type": "Feature", "properties": { "ord": 7 }, "geometry": { "type": "LineString", "coordinates": [ [ -7.222916666666947, 41.135416666666195 ], [ -7.252083333333616, 41.143749999999564 ] ] } },
{ "type": "Feature", "properties": { "ord": 7 }, "geometry": { "type": "LineString", "coordinates": [ [ -6.697916666666941, 41.189583333332884 ], [ -6.714583333333621, 41.168749999999555 ], [ -6.764583333333604, 41.135416666666195 ] ] } },
{ "type": "Feature", "properties": { "ord": 7 }, "geometry": { "type": "LineString", "coordinates": [ [ 0.643749999999642, 41.143749999999564 ], [ 0.647916666666276, 41.135416666666195 ] ] } },
{ "type": "Feature", "properties": { "ord": 7 }, "geometry": { "type": "LineString", "coordinates": [ [ -7.089583333333593, 41.131249999999547 ], [ -7.127083333333616, 41.139583333332901 ] ] } },
{ "type": "Feature", "properties": { "ord": 5 }, "geometry": { "type": "LineString", "coordinates": [ [ -6.05625000000029, 41.131249999999547 ], [ -6.060416666666896, 41.147916666666212 ] ] } },
{ "type": "Feature", "properties": { "ord": 7 }, "geometry": { "type": "LineString", "coordinates": [ [ -8.564583333333587, 41.127083333332884 ], [ -8.577083333333604, 41.139583333332901 ] ] } },
{ "type": "Feature", "properties": { "ord": 7 }, "geometry": { "type": "LineString", "coordinates": [ [ -7.114583333333542, 41.177083333332909 ], [ -7.14791666666693, 41.156249999999538 ], [ -7.16458333333361, 41.127083333332884 ], [ -7.222916666666947, 41.135416666666195 ] ] } },
{ "type": "Feature", "properties": { "ord": 7 }, "geometry": { "type": "LineString", "coordinates": [ [ -7.939583333333587, 41.122916666666221 ], [ -7.947916666666913, 41.122916666666221 ] ] } },
{ "type": "Feature", "properties": { "ord": 7 }, "geometry": { "type": "LineString", "coordinates": [ [ -7.91458333333361, 41.118749999999558 ], [ -7.939583333333587, 41.122916666666221 ] ] } },
{ "type": "Feature", "properties": { "ord": 7 }, "geometry": { "type": "LineString", "coordinates": [ [ -7.889583333333604, 41.135416666666195 ], [ -7.902083333333593, 41.118749999999558 ], [ -7.91458333333361, 41.118749999999558 ] ] } },
{ "type": "Feature", "properties": { "ord": 5 }, "geometry": { "type": "LineString", "coordinates": [ [ -6.043750000000301, 41.118749999999558 ], [ -6.05625000000029, 41.131249999999547 ] ] } },
{ "type": "Feature", "properties": { "ord": 7 }, "geometry": { "type": "LineString", "coordinates": [ [ -7.947916666666913, 41.122916666666221 ], [ -7.972916666666947, 41.114583333332867 ] ] } },
{ "type": "Feature", "properties": { "ord": 7 }, "geometry": { "type": "LineString", "coordinates": [ [ -7.972916666666947, 41.114583333332867 ], [ -7.989583333333542, 41.110416666666246 ] ] } },
{ "type": "Feature", "properties": { "ord": 5 }, "geometry": { "type": "LineString", "coordinates": [ [ -6.031250000000284, 41.110416666666246 ], [ -6.043750000000301, 41.118749999999558 ] ] } },
{ "type": "Feature", "properties": { "ord": 7 }, "geometry": { "type": "LineString", "coordinates": [ [ 0.647916666666276, 41.135416666666195 ], [ 0.635416666666316, 41.122916666666221 ], [ 0.635416666666316, 41.110416666666246 ] ] } },
{ "type": "Feature", "properties": { "ord": 7 }, "geometry": { "type": "LineString", "coordinates": [ [ -7.997916666666953, 41.106249999999541 ], [ -8.010416666666913, 41.106249999999541 ] ] } },
{ "type": "Feature", "properties": { "ord": 7 }, "geometry": { "type": "LineString", "coordinates": [ [ -7.989583333333542, 41.110416666666246 ], [ -7.997916666666953, 41.106249999999541 ] ] } },
{ "type": "Feature", "properties": { "ord": 7 }, "geometry": { "type": "LineString", "coordinates": [ [ -6.764583333333604, 41.135416666666195 ], [ -6.768750000000296, 41.122916666666221 ], [ -6.756250000000279, 41.106249999999541 ] ] } },
{ "type": "Feature", "properties": { "ord": 7 }, "geometry": { "type": "LineString", "coordinates": [ [ -8.010416666666913, 41.106249999999541 ], [ -8.018750000000267, 41.102083333332892 ] ] } },
{ "type": "Feature", "properties": { "ord": 7 }, "geometry": { "type": "LineString", "coordinates": [ [ -8.018750000000267, 41.102083333332892 ], [ -8.027083333333593, 41.097916666666229 ] ] } },
{ "type": "Feature", "properties": { "ord": 7 }, "geometry": { "type": "LineString", "coordinates": [ [ 0.635416666666316, 41.110416666666246 ], [ 0.643749999999642, 41.097916666666229 ] ] } },
{ "type": "Feature", "properties": { "ord": 7 }, "geometry": { "type": "LineString", "coordinates": [ [ -8.081250000000239, 41.093749999999524 ], [ -8.097916666666919, 41.102083333332892 ] ] } },
{ "type": "Feature", "properties": { "ord": 7 }, "geometry": { "type": "LineString", "coordinates": [ [ -8.097916666666919, 41.102083333332892 ], [ -8.118750000000205, 41.089583333332875 ] ] } },
{ "type": "Feature", "properties": { "ord": 7 }, "geometry": { "type": "LineString", "coordinates": [ [ -8.027083333333593, 41.097916666666229 ], [ -8.047916666666936, 41.089583333332875 ], [ -8.081250000000239, 41.093749999999524 ] ] } },
{ "type": "Feature", "properties": { "ord": 7 }, "geometry": { "type": "LineString", "coordinates": [ [ -8.518750000000267, 41.085416666666212 ], [ -8.552083333333599, 41.122916666666221 ], [ -8.564583333333587, 41.127083333332884 ] ] } },
{ "type": "Feature", "properties": { "ord": 7 }, "geometry": { "type": "LineString", "coordinates": [ [ -8.139583333333576, 41.085416666666212 ], [ -8.185416666666868, 41.093749999999524 ] ] } },
{ "type": "Feature", "properties": { "ord": 7 }, "geometry": { "type": "LineString", "coordinates": [ [ -8.118750000000205, 41.089583333332875 ], [ -8.139583333333576, 41.085416666666212 ] ] } },
{ "type": "Feature", "properties": { "ord": 7 }, "geometry": { "type": "LineString", "coordinates": [ [ 0.643749999999642, 41.097916666666229 ], [ 0.652083333332939, 41.085416666666212 ] ] } },
{ "type": "Feature", "properties": { "ord": 7 }, "geometry": { "type": "LineString", "coordinates": [ [ -7.10208333333361, 41.08124999999955 ], [ -7.106250000000273, 41.093749999999524 ], [ -7.08541666666693, 41.122916666666221 ], [ -7.089583333333593, 41.131249999999547 ] ] } },
{ "type": "Feature", "properties": { "ord": 5 }, "geometry": { "type": "LineString", "coordinates": [ [ -5.977083333333638, 41.077083333332901 ], [ -6.031250000000284, 41.110416666666246 ] ] } },
{ "type": "Feature", "properties": { "ord": 5 }, "geometry": { "type": "LineString", "coordinates": [ [ -5.972916666666976, 41.077083333332901 ], [ -5.977083333333638, 41.077083333332901 ] ] } },
{ "type": "Feature", "properties": { "ord": 7 }, "geometry": { "type": "LineString", "coordinates": [ [ -8.497916666666924, 41.072916666666238 ], [ -8.510416666666941, 41.072916666666238 ], [ -8.518750000000267, 41.085416666666212 ] ] } },
{ "type": "Feature", "properties": { "ord": 7 }, "geometry": { "type": "LineString", "coordinates": [ [ -6.756250000000279, 41.106249999999541 ], [ -6.777083333333621, 41.072916666666238 ] ] } },
{ "type": "Feature", "properties": { "ord": 7 }, "geometry": { "type": "LineString", "coordinates": [ [ -8.289583333333582, 41.08124999999955 ], [ -8.302083333333599, 41.068749999999532 ] ] } },
{ "type": "Feature", "properties": { "ord": 7 }, "geometry": { "type": "LineString", "coordinates": [ [ 0.652083333332939, 41.085416666666212 ], [ 0.660416666666265, 41.068749999999532 ] ] } },
{ "type": "Feature", "properties": { "ord": 7 }, "geometry": { "type": "LineString", "coordinates": [ [ -8.264583333333547, 41.064583333332884 ], [ -8.289583333333582, 41.08124999999955 ] ] } },
{ "type": "Feature", "properties": { "ord": 7 }, "geometry": { "type": "LineString", "coordinates": [ [ -8.185416666666868, 41.093749999999524 ], [ -8.206250000000239, 41.093749999999524 ], [ -8.218750000000256, 41.08124999999955 ], [ -8.264583333333547, 41.064583333332884 ] ] } },
{ "type": "Feature", "properties": { "ord": 7 }, "geometry": { "type": "LineString", "coordinates": [ [ -8.456250000000267, 41.060416666666221 ], [ -8.477083333333582, 41.077083333332901 ], [ -8.497916666666924, 41.072916666666238 ] ] } },
{ "type": "Feature", "properties": { "ord": 7 }, "geometry": { "type": "LineString", "coordinates": [ [ 0.660416666666265, 41.068749999999532 ], [ 0.656249999999602, 41.056249999999558 ] ] } },
{ "type": "Feature", "properties": { "ord": 7 }, "geometry": { "type": "LineString", "coordinates": [ [ -8.360416666666936, 41.043749999999541 ], [ -8.368750000000261, 41.052083333332909 ] ] } },
{ "type": "Feature", "properties": { "ord": 7 }, "geometry": { "type": "LineString", "coordinates": [ [ -8.302083333333599, 41.068749999999532 ], [ -8.327083333333547, 41.060416666666221 ], [ -8.352083333333582, 41.039583333332892 ], [ -8.360416666666936, 41.043749999999541 ] ] } },
{ "type": "Feature", "properties": { "ord": 7 }, "geometry": { "type": "LineString", "coordinates": [ [ -7.035416666666947, 41.039583333332892 ], [ -7.060416666666953, 41.064583333332884 ], [ -7.10208333333361, 41.08124999999955 ] ] } },
{ "type": "Feature", "properties": { "ord": 7 }, "geometry": { "type": "LineString", "coordinates": [ [ 0.656249999999602, 41.056249999999558 ], [ 0.618749999999608, 41.052083333332909 ], [ 0.614583333332945, 41.039583333332892 ] ] } },
{ "type": "Feature", "properties": { "ord": 7 }, "geometry": { "type": "LineString", "coordinates": [ [ -8.427083333333599, 41.035416666666229 ], [ -8.456250000000267, 41.060416666666221 ] ] } },
{ "type": "Feature", "properties": { "ord": 7 }, "geometry": { "type": "LineString", "coordinates": [ [ -8.368750000000261, 41.052083333332909 ], [ -8.397916666666902, 41.052083333332909 ], [ -8.410416666666919, 41.072916666666238 ], [ -8.427083333333599, 41.035416666666229 ] ] } },
{ "type": "Feature", "properties": { "ord": 7 }, "geometry": { "type": "LineString", "coordinates": [ [ -6.777083333333621, 41.072916666666238 ], [ -6.814583333333587, 41.035416666666229 ] ] } },
{ "type": "Feature", "properties": { "ord": 7 }, "geometry": { "type": "LineString", "coordinates": [ [ 0.614583333332945, 41.039583333332892 ], [ 0.602083333332956, 41.035416666666229 ] ] } },
{ "type": "Feature", "properties": { "ord": 7 }, "geometry": { "type": "LineString", "coordinates": [ [ -6.910416666666947, 41.039583333332892 ], [ -6.935416666666924, 41.031249999999567 ] ] } },
{ "type": "Feature", "properties": { "ord": 7 }, "geometry": { "type": "LineString", "coordinates": [ [ -6.985416666666964, 41.027083333332875 ], [ -7.00625000000025, 41.039583333332892 ], [ -7.035416666666947, 41.039583333332892 ] ] } },
{ "type": "Feature", "properties": { "ord": 7 }, "geometry": { "type": "LineString", "coordinates": [ [ -6.935416666666924, 41.031249999999567 ], [ -6.972916666666947, 41.035416666666229 ], [ -6.985416666666964, 41.027083333332875 ] ] } },
{ "type": "Feature", "properties": { "ord": 7 }, "geometry": { "type": "LineString", "coordinates": [ [ -6.85208333333361, 41.027083333332875 ], [ -6.877083333333587, 41.027083333332875 ], [ -6.910416666666947, 41.039583333332892 ] ] } },
{ "type": "Feature", "properties": { "ord": 7 }, "geometry": { "type": "LineString", "coordinates": [ [ -6.814583333333587, 41.035416666666229 ], [ -6.85208333333361, 41.027083333332875 ] ] } },
{ "type": "Feature", "properties": { "ord": 5 }, "geometry": { "type": "LineString", "coordinates": [ [ -6.752083333333587, 41.022916666666212 ], [ -6.781250000000284, 41.022916666666212 ], [ -6.814583333333587, 41.035416666666229 ] ] } },
{ "type": "Feature", "properties": { "ord": 5 }, "geometry": { "type": "LineString", "coordinates": [ [ -6.735416666666964, 41.027083333332875 ], [ -6.752083333333587, 41.022916666666212 ] ] } },
{ "type": "Feature", "properties": { "ord": 5 }, "geometry": { "type": "LineString", "coordinates": [ [ -6.66041666666689, 41.01874999999955 ], [ -6.702083333333633, 41.035416666666229 ], [ -6.735416666666964, 41.027083333332875 ] ] } },
{ "type": "Feature", "properties": { "ord": 5 }, "geometry": { "type": "LineString", "coordinates": [ [ -6.568750000000279, 40.997916666666221 ], [ -6.622916666666953, 40.993749999999558 ], [ -6.66041666666689, 41.01874999999955 ] ] } },
{ "type": "Feature", "properties": { "ord": 7 }, "geometry": { "type": "LineString", "coordinates": [ [ 0.602083333332956, 41.035416666666229 ], [ 0.589583333332911, 41.027083333332875 ], [ 0.577083333332922, 41.00208333333287 ], [ 0.560416666666299, 41.006249999999575 ], [ 0.539583333332928, 40.993749999999558 ] ] } },
{ "type": "Feature", "properties": { "ord": 7 }, "geometry": { "type": "LineString", "coordinates": [ [ 0.539583333332928, 40.993749999999558 ], [ 0.522916666666276, 40.981249999999584 ] ] } },
{ "type": "Feature", "properties": { "ord": 7 }, "geometry": { "type": "LineString", "coordinates": [ [ 0.522916666666276, 40.981249999999584 ], [ 0.510416666666316, 40.964583333332861 ] ] } },
{ "type": "Feature", "properties": { "ord": 7 }, "geometry": { "type": "LineString", "coordinates": [ [ 0.510416666666316, 40.964583333332861 ], [ 0.506249999999653, 40.95624999999955 ], [ 0.485416666666282, 40.952083333332887 ] ] } },
{ "type": "Feature", "properties": { "ord": 5 }, "geometry": { "type": "LineString", "coordinates": [ [ -6.522916666666958, 40.935416666666221 ], [ -6.543750000000273, 40.947916666666238 ], [ -6.543750000000273, 40.968749999999567 ], [ -6.568750000000279, 40.997916666666221 ] ] } },
{ "type": "Feature", "properties": { "ord": 7 }, "geometry": { "type": "LineString", "coordinates": [ [ 0.485416666666282, 40.952083333332887 ], [ 0.485416666666282, 40.931249999999558 ] ] } },
{ "type": "Feature", "properties": { "ord": 7 }, "geometry": { "type": "LineString", "coordinates": [ [ 0.485416666666282, 40.931249999999558 ], [ 0.506249999999653, 40.910416666666215 ], [ 0.50208333333299, 40.906249999999567 ] ] } },
{ "type": "Feature", "properties": { "ord": 7 }, "geometry": { "type": "LineString", "coordinates": [ [ 0.50208333333299, 40.906249999999567 ], [ 0.489583333332916, 40.902083333332904 ], [ 0.493749999999579, 40.89374999999955 ] ] } },
{ "type": "Feature", "properties": { "ord": 7 }, "geometry": { "type": "LineString", "coordinates": [ [ 0.493749999999579, 40.89374999999955 ], [ 0.50208333333299, 40.889583333332887 ] ] } },
{ "type": "Feature", "properties": { "ord": 7 }, "geometry": { "type": "LineString", "coordinates": [ [ 0.50208333333299, 40.889583333332887 ], [ 0.518749999999613, 40.852083333332878 ] ] } },
{ "type": "Feature", "properties": { "ord": 7 }, "geometry": { "type": "LineString", "coordinates": [ [ 0.518749999999613, 40.852083333332878 ], [ 0.522916666666276, 40.839583333332904 ] ] } },
{ "type": "Feature", "properties": { "ord": 7 }, "geometry": { "type": "LineString", "coordinates": [ [ 0.522916666666276, 40.839583333332904 ], [ 0.518749999999613, 40.822916666666224 ] ] } },
{ "type": "Feature", "properties": { "ord": 7 }, "geometry": { "type": "LineString", "coordinates": [ [ 0.518749999999613, 40.822916666666224 ], [ 0.510416666666316, 40.802083333332895 ] ] } },
{ "type": "Feature", "properties": { "ord": 7 }, "geometry": { "type": "LineString", "coordinates": [ [ 0.510416666666316, 40.802083333332895 ], [ 0.506249999999653, 40.793749999999527 ] ] } },
{ "type": "Feature", "properties": { "ord": 7 }, "geometry": { "type": "LineString", "coordinates": [ [ 0.506249999999653, 40.793749999999527 ], [ 0.535416666666265, 40.764583333332887 ] ] } },
{ "type": "Feature", "properties": { "ord": 7 }, "geometry": { "type": "LineString", "coordinates": [ [ 0.535416666666265, 40.764583333332887 ], [ 0.543749999999562, 40.756249999999561 ] ] } },
{ "type": "Feature", "properties": { "ord": 7 }, "geometry": { "type": "LineString", "coordinates": [ [ 0.543749999999562, 40.756249999999561 ], [ 0.564583333332962, 40.752083333332912 ], [ 0.577083333332922, 40.718749999999552 ], [ 0.589583333332911, 40.714583333332889 ] ] } },
{ "type": "Feature", "properties": { "ord": 7 }, "geometry": { "type": "LineString", "coordinates": [ [ 0.839583333332911, 40.714583333332889 ], [ 0.852083333332985, 40.718749999999552 ] ] } },
{ "type": "Feature", "properties": { "ord": 7 }, "geometry": { "type": "LineString", "coordinates": [ [ 0.589583333332911, 40.714583333332889 ], [ 0.618749999999608, 40.706249999999578 ] ] } },
{ "type": "Feature", "properties": { "ord": 7 }, "geometry": { "type": "LineString", "coordinates": [ [ 0.618749999999608, 40.706249999999578 ], [ 0.652083333332939, 40.718749999999552 ] ] } },
{ "type": "Feature", "properties": { "ord": 7 }, "geometry": { "type": "LineString", "coordinates": [ [ 0.652083333332939, 40.718749999999552 ], [ 0.697916666666259, 40.722916666666215 ], [ 0.706249999999585, 40.714583333332889 ], [ 0.756249999999568, 40.710416666666241 ], [ 0.781249999999602, 40.693749999999561 ], [ 0.797916666666254, 40.693749999999561 ], [ 0.839583333332911, 40.714583333332889 ] ] } },
{ "type": "Feature", "properties": { "ord": 5 }, "geometry": { "type": "LineString", "coordinates": [ [ -8.602083333333553, 40.693749999999561 ], [ -8.66041666666689, 40.689583333332855 ], [ -8.668750000000216, 40.697916666666224 ] ] } },
{ "type": "Feature", "properties": { "ord": 5 }, "geometry": { "type": "LineString", "coordinates": [ [ -8.58541666666693, 40.689583333332855 ], [ -8.602083333333553, 40.693749999999561 ] ] } },
{ "type": "Feature", "properties": { "ord": 5 }, "geometry": { "type": "LineString", "coordinates": [ [ -8.581250000000267, 40.681249999999544 ], [ -8.58541666666693, 40.689583333332855 ] ] } },
{ "type": "Feature", "properties": { "ord": 5 }, "geometry": { "type": "LineString", "coordinates": [ [ -8.577083333333604, 40.677083333332881 ], [ -8.581250000000267, 40.681249999999544 ] ] } },
{ "type": "Feature", "properties": { "ord": 5 }, "geometry": { "type": "LineString", "coordinates": [ [ -8.564583333333587, 40.672916666666232 ], [ -8.577083333333604, 40.677083333332881 ] ] } },
{ "type": "Feature", "properties": { "ord": 5 }, "geometry": { "type": "LineString", "coordinates": [ [ -8.547916666666907, 40.631249999999561 ], [ -8.564583333333587, 40.672916666666232 ] ] } },
{ "type": "Feature", "properties": { "ord": 5 }, "geometry": { "type": "LineString", "coordinates": [ [ -8.539583333333582, 40.622916666666207 ], [ -8.547916666666907, 40.631249999999561 ] ] } },
{ "type": "Feature", "properties": { "ord": 5 }, "geometry": { "type": "LineString", "coordinates": [ [ -8.522916666666873, 40.606249999999569 ], [ -8.539583333333582, 40.622916666666207 ] ] } },
{ "type": "Feature", "properties": { "ord": 5 }, "geometry": { "type": "LineString", "coordinates": [ [ -2.814583333333644, 40.364583333332867 ], [ -2.852083333333667, 40.368749999999572 ] ] } },
{ "type": "Feature", "properties": { "ord": 5 }, "geometry": { "type": "LineString", "coordinates": [ [ -3.502083333333644, 40.406249999999581 ], [ -3.514583333333661, 40.381249999999547 ], [ -3.489583333333627, 40.356249999999555 ] ] } },
{ "type": "Feature", "properties": { "ord": 5 }, "geometry": { "type": "LineString", "coordinates": [ [ -2.914583333333667, 40.360416666666218 ], [ -2.914583333333667, 40.356249999999555 ] ] } },
{ "type": "Feature", "properties": { "ord": 5 }, "geometry": { "type": "LineString", "coordinates": [ [ -2.852083333333667, 40.368749999999572 ], [ -2.856250000000358, 40.372916666666235 ], [ -2.868750000000347, 40.356249999999555 ], [ -2.889583333333633, 40.347916666666244 ], [ -2.914583333333667, 40.360416666666218 ] ] } },
{ "type": "Feature", "properties": { "ord": 5 }, "geometry": { "type": "LineString", "coordinates": [ [ -8.185416666666868, 40.339583333332918 ], [ -8.214583333333593, 40.339583333332918 ] ] } },
{ "type": "Feature", "properties": { "ord": 5 }, "geometry": { "type": "LineString", "coordinates": [ [ -3.489583333333627, 40.356249999999555 ], [ -3.47708333333361, 40.339583333332918 ] ] } },
{ "type": "Feature", "properties": { "ord": 5 }, "geometry": { "type": "LineString", "coordinates": [ [ -3.47708333333361, 40.339583333332918 ], [ -3.472916666667004, 40.327083333332901 ] ] } },
{ "type": "Feature", "properties": { "ord": 5 }, "geometry": { "type": "LineString", "coordinates": [ [ -2.914583333333667, 40.356249999999555 ], [ -2.889583333333633, 40.327083333332901 ] ] } },
{ "type": "Feature", "properties": { "ord": 5 }, "geometry": { "type": "LineString", "coordinates": [ [ -8.214583333333593, 40.339583333332918 ], [ -8.22708333333361, 40.331249999999564 ], [ -8.22708333333361, 40.318749999999589 ] ] } },
{ "type": "Feature", "properties": { "ord": 5 }, "geometry": { "type": "LineString", "coordinates": [ [ -1.118750000000375, 40.347916666666244 ], [ -1.110416666667021, 40.339583333332918 ], [ -1.118750000000375, 40.318749999999589 ] ] } },
{ "type": "Feature", "properties": { "ord": 5 }, "geometry": { "type": "LineString", "coordinates": [ [ -3.506250000000335, 40.314583333332926 ], [ -3.518750000000324, 40.314583333332926 ] ] } },
{ "type": "Feature", "properties": { "ord": 5 }, "geometry": { "type": "LineString", "coordinates": [ [ -3.472916666667004, 40.327083333332901 ], [ -3.485416666667021, 40.318749999999589 ], [ -3.502083333333644, 40.322916666666238 ], [ -3.506250000000335, 40.314583333332926 ] ] } },
{ "type": "Feature", "properties": { "ord": 5 }, "geometry": { "type": "LineString", "coordinates": [ [ -2.889583333333633, 40.327083333332901 ], [ -2.90208333333365, 40.314583333332926 ] ] } },
{ "type": "Feature", "properties": { "ord": 5 }, "geometry": { "type": "LineString", "coordinates": [ [ -1.118750000000375, 40.318749999999589 ], [ -1.127083333333701, 40.310416666666221 ] ] } },
{ "type": "Feature", "properties": { "ord": 5 }, "geometry": { "type": "LineString", "coordinates": [ [ -8.22708333333361, 40.318749999999589 ], [ -8.231250000000273, 40.314583333332926 ], [ -8.243750000000261, 40.327083333332901 ], [ -8.25208333333353, 40.306249999999572 ] ] } },
{ "type": "Feature", "properties": { "ord": 5 }, "geometry": { "type": "LineString", "coordinates": [ [ -8.25208333333353, 40.306249999999572 ], [ -8.25208333333353, 40.297916666666204 ] ] } },
{ "type": "Feature", "properties": { "ord": 5 }, "geometry": { "type": "LineString", "coordinates": [ [ -3.518750000000324, 40.314583333332926 ], [ -3.535416666667004, 40.306249999999572 ], [ -3.535416666667004, 40.297916666666204 ] ] } },
{ "type": "Feature", "properties": { "ord": 5 }, "geometry": { "type": "LineString", "coordinates": [ [ -2.90208333333365, 40.314583333332926 ], [ -2.889583333333633, 40.306249999999572 ], [ -2.90208333333365, 40.297916666666204 ], [ -2.922916666667021, 40.297916666666204 ] ] } },
{ "type": "Feature", "properties": { "ord": 5 }, "geometry": { "type": "LineString", "coordinates": [ [ -1.127083333333701, 40.310416666666221 ], [ -1.122916666667038, 40.306249999999572 ], [ -1.135416666667055, 40.293749999999555 ] ] } },
{ "type": "Feature", "properties": { "ord": 5 }, "geometry": { "type": "LineString", "coordinates": [ [ -1.135416666667055, 40.293749999999555 ], [ -1.143750000000381, 40.281249999999581 ] ] } },
{ "type": "Feature", "properties": { "ord": 5 }, "geometry": { "type": "LineString", "coordinates": [ [ -8.25208333333353, 40.297916666666204 ], [ -8.272916666666902, 40.272916666666212 ] ] } },
{ "type": "Feature", "properties": { "ord": 5 }, "geometry": { "type": "LineString", "coordinates": [ [ -2.922916666667021, 40.297916666666204 ], [ -2.952083333333633, 40.272916666666212 ], [ -2.960416666666987, 40.277083333332875 ] ] } },
{ "type": "Feature", "properties": { "ord": 5 }, "geometry": { "type": "LineString", "coordinates": [ [ -8.272916666666902, 40.272916666666212 ], [ -8.277083333333564, 40.268749999999564 ] ] } },
{ "type": "Feature", "properties": { "ord": 5 }, "geometry": { "type": "LineString", "coordinates": [ [ -2.960416666666987, 40.277083333332875 ], [ -2.972916666667004, 40.272916666666212 ], [ -2.968750000000313, 40.260416666666238 ], [ -2.977083333333667, 40.252083333332884 ] ] } },
{ "type": "Feature", "properties": { "ord": 5 }, "geometry": { "type": "LineString", "coordinates": [ [ -1.143750000000381, 40.281249999999581 ], [ -1.16875000000033, 40.252083333332884 ] ] } },
{ "type": "Feature", "properties": { "ord": 5 }, "geometry": { "type": "LineString", "coordinates": [ [ -8.277083333333564, 40.268749999999564 ], [ -8.281250000000256, 40.247916666666264 ] ] } },
{ "type": "Feature", "properties": { "ord": 5 }, "geometry": { "type": "LineString", "coordinates": [ [ -2.977083333333667, 40.252083333332884 ], [ -2.977083333333667, 40.247916666666264 ] ] } },
{ "type": "Feature", "properties": { "ord": 5 }, "geometry": { "type": "LineString", "coordinates": [ [ -8.281250000000256, 40.247916666666264 ], [ -8.285416666666919, 40.239583333332909 ], [ -8.297916666666936, 40.243749999999572 ] ] } },
{ "type": "Feature", "properties": { "ord": 5 }, "geometry": { "type": "LineString", "coordinates": [ [ -2.977083333333667, 40.247916666666264 ], [ -2.98125000000033, 40.239583333332909 ] ] } },
{ "type": "Feature", "properties": { "ord": 5 }, "geometry": { "type": "LineString", "coordinates": [ [ -2.98125000000033, 40.239583333332909 ], [ -2.985416666667021, 40.235416666666246 ] ] } },
{ "type": "Feature", "properties": { "ord": 5 }, "geometry": { "type": "LineString", "coordinates": [ [ -1.16875000000033, 40.252083333332884 ], [ -1.185416666667038, 40.231249999999555 ] ] } },
{ "type": "Feature", "properties": { "ord": 5 }, "geometry": { "type": "LineString", "coordinates": [ [ -1.185416666667038, 40.231249999999555 ], [ -1.185416666667038, 40.227083333332892 ] ] } },
{ "type": "Feature", "properties": { "ord": 5 }, "geometry": { "type": "LineString", "coordinates": [ [ -8.439583333333587, 40.222916666666229 ], [ -8.460416666666873, 40.227083333332892 ] ] } },
{ "type": "Feature", "properties": { "ord": 5 }, "geometry": { "type": "LineString", "coordinates": [ [ -8.439583333333587, 40.218749999999567 ], [ -8.439583333333587, 40.222916666666229 ] ] } },
{ "type": "Feature", "properties": { "ord": 5 }, "geometry": { "type": "LineString", "coordinates": [ [ -8.460416666666873, 40.227083333332892 ], [ -8.477083333333582, 40.227083333332892 ], [ -8.497916666666924, 40.214583333332918 ] ] } },
{ "type": "Feature", "properties": { "ord": 5 }, "geometry": { "type": "LineString", "coordinates": [ [ -8.510416666666941, 40.210416666666255 ], [ -8.518750000000267, 40.210416666666255 ] ] } },
{ "type": "Feature", "properties": { "ord": 5 }, "geometry": { "type": "LineString", "coordinates": [ [ -8.497916666666924, 40.214583333332918 ], [ -8.510416666666941, 40.210416666666255 ] ] } },
{ "type": "Feature", "properties": { "ord": 5 }, "geometry": { "type": "LineString", "coordinates": [ [ -3.535416666667004, 40.297916666666204 ], [ -3.543750000000358, 40.289583333332892 ], [ -3.539583333333667, 40.231249999999555 ], [ -3.560416666666981, 40.210416666666255 ] ] } },
{ "type": "Feature", "properties": { "ord": 5 }, "geometry": { "type": "LineString", "coordinates": [ [ -2.985416666667021, 40.235416666666246 ], [ -3.002083333333672, 40.227083333332892 ], [ -3.002083333333672, 40.210416666666255 ] ] } },
{ "type": "Feature", "properties": { "ord": 5 }, "geometry": { "type": "LineString", "coordinates": [ [ -8.518750000000267, 40.210416666666255 ], [ -8.568750000000279, 40.202083333332901 ] ] } },
{ "type": "Feature", "properties": { "ord": 5 }, "geometry": { "type": "LineString", "coordinates": [ [ -8.568750000000279, 40.202083333332901 ], [ -8.572916666666941, 40.197916666666238 ] ] } },
{ "type": "Feature", "properties": { "ord": 5 }, "geometry": { "type": "LineString", "coordinates": [ [ -3.002083333333672, 40.210416666666255 ], [ -3.010416666667027, 40.197916666666238 ] ] } },
{ "type": "Feature", "properties": { "ord": 5 }, "geometry": { "type": "LineString", "coordinates": [ [ -8.572916666666941, 40.197916666666238 ], [ -8.581250000000267, 40.193749999999575 ] ] } },
{ "type": "Feature", "properties": { "ord": 5 }, "geometry": { "type": "LineString", "coordinates": [ [ -3.010416666667027, 40.197916666666238 ], [ -3.02708333333365, 40.193749999999575 ] ] } },
{ "type": "Feature", "properties": { "ord": 5 }, "geometry": { "type": "LineString", "coordinates": [ [ -8.581250000000267, 40.193749999999575 ], [ -8.622916666666924, 40.189583333332926 ] ] } },
{ "type": "Feature", "properties": { "ord": 5 }, "geometry": { "type": "LineString", "coordinates": [ [ -8.297916666666936, 40.243749999999572 ], [ -8.314583333333616, 40.239583333332909 ], [ -8.352083333333582, 40.20624999999955 ], [ -8.397916666666902, 40.181249999999558 ] ] } },
{ "type": "Feature", "properties": { "ord": 5 }, "geometry": { "type": "LineString", "coordinates": [ [ -1.185416666667038, 40.227083333332892 ], [ -1.202083333333718, 40.214583333332918 ], [ -1.214583333333707, 40.189583333332926 ], [ -1.210416666667044, 40.181249999999558 ] ] } },
{ "type": "Feature", "properties": { "ord": 5 }, "geometry": { "type": "LineString", "coordinates": [ [ -8.397916666666902, 40.181249999999558 ], [ -8.414583333333582, 40.177083333332909 ], [ -8.439583333333587, 40.218749999999567 ] ] } },
{ "type": "Feature", "properties": { "ord": 5 }, "geometry": { "type": "LineString", "coordinates": [ [ -3.560416666666981, 40.210416666666255 ], [ -3.560416666666981, 40.177083333332909 ] ] } },
{ "type": "Feature", "properties": { "ord": 5 }, "geometry": { "type": "LineString", "coordinates": [ [ -3.035416666667004, 40.177083333332909 ], [ -3.047916666666993, 40.185416666666221 ], [ -3.06041666666701, 40.181249999999558 ] ] } },
{ "type": "Feature", "properties": { "ord": 5 }, "geometry": { "type": "LineString", "coordinates": [ [ -3.02708333333365, 40.193749999999575 ], [ -3.035416666667004, 40.177083333332909 ] ] } },
{ "type": "Feature", "properties": { "ord": 5 }, "geometry": { "type": "LineString", "coordinates": [ [ -8.622916666666924, 40.189583333332926 ], [ -8.64791666666693, 40.172916666666246 ] ] } },
{ "type": "Feature", "properties": { "ord": 5 }, "geometry": { "type": "LineString", "coordinates": [ [ -8.64791666666693, 40.172916666666246 ], [ -8.66041666666689, 40.177083333332909 ], [ -8.689583333333587, 40.168749999999541 ] ] } },
{ "type": "Feature", "properties": { "ord": 5 }, "geometry": { "type": "LineString", "coordinates": [ [ -8.689583333333587, 40.168749999999541 ], [ -8.72291666666689, 40.164583333332892 ] ] } },
{ "type": "Feature", "properties": { "ord": 5 }, "geometry": { "type": "LineString", "coordinates": [ [ -3.077083333333633, 40.156249999999567 ], [ -3.08958333333365, 40.160416666666229 ] ] } },
{ "type": "Feature", "properties": { "ord": 5 }, "geometry": { "type": "LineString", "coordinates": [ [ -3.06041666666701, 40.181249999999558 ], [ -3.064583333333672, 40.164583333332892 ], [ -3.077083333333633, 40.156249999999567 ] ] } },
{ "type": "Feature", "properties": { "ord": 5 }, "geometry": { "type": "LineString", "coordinates": [ [ -1.210416666667044, 40.181249999999558 ], [ -1.23125000000033, 40.156249999999567 ] ] } },
{ "type": "Feature", "properties": { "ord": 5 }, "geometry": { "type": "LineString", "coordinates": [ [ -8.72291666666689, 40.164583333332892 ], [ -8.735416666666907, 40.152083333332875 ] ] } },
{ "type": "Feature", "properties": { "ord": 5 }, "geometry": { "type": "LineString", "coordinates": [ [ -1.23125000000033, 40.156249999999567 ], [ -1.239583333333684, 40.152083333332875 ] ] } },
{ "type": "Feature", "properties": { "ord": 5 }, "geometry": { "type": "LineString", "coordinates": [ [ -8.847916666666919, 40.14374999999955 ], [ -8.852083333333525, 40.14374999999955 ] ] } },
{ "type": "Feature", "properties": { "ord": 5 }, "geometry": { "type": "LineString", "coordinates": [ [ -8.839583333333593, 40.14374999999955 ], [ -8.847916666666919, 40.14374999999955 ] ] } },
{ "type": "Feature", "properties": { "ord": 5 }, "geometry": { "type": "LineString", "coordinates": [ [ -3.08958333333365, 40.160416666666229 ], [ -3.097916666666976, 40.14374999999955 ] ] } },
{ "type": "Feature", "properties": { "ord": 5 }, "geometry": { "type": "LineString", "coordinates": [ [ -8.852083333333525, 40.14374999999955 ], [ -8.858243014001788, 40.141756985998015 ] ] } },
{ "type": "Feature", "properties": { "ord": 5 }, "geometry": { "type": "LineString", "coordinates": [ [ -8.810416666666896, 40.135416666666238 ], [ -8.839583333333593, 40.14374999999955 ] ] } },
{ "type": "Feature", "properties": { "ord": 5 }, "geometry": { "type": "LineString", "coordinates": [ [ -3.560416666666981, 40.177083333332909 ], [ -3.577083333333661, 40.135416666666238 ] ] } },
{ "type": "Feature", "properties": { "ord": 5 }, "geometry": { "type": "LineString", "coordinates": [ [ -3.097916666666976, 40.14374999999955 ], [ -3.127083333333672, 40.131249999999575 ] ] } },
{ "type": "Feature", "properties": { "ord": 5 }, "geometry": { "type": "LineString", "coordinates": [ [ -1.239583333333684, 40.152083333332875 ], [ -1.252083333333701, 40.122916666666264 ] ] } },
{ "type": "Feature", "properties": { "ord": 5 }, "geometry": { "type": "LineString", "coordinates": [ [ -3.577083333333661, 40.135416666666238 ], [ -3.597916666667004, 40.118749999999558 ] ] } },
{ "type": "Feature", "properties": { "ord": 5 }, "geometry": { "type": "LineString", "coordinates": [ [ -8.735416666666907, 40.152083333332875 ], [ -8.777083333333593, 40.114583333332895 ] ] } },
{ "type": "Feature", "properties": { "ord": 5 }, "geometry": { "type": "LineString", "coordinates": [ [ -3.127083333333672, 40.131249999999575 ], [ -3.147916666667015, 40.114583333332895 ] ] } },
{ "type": "Feature", "properties": { "ord": 5 }, "geometry": { "type": "LineString", "coordinates": [ [ -8.777083333333593, 40.114583333332895 ], [ -8.785416666666862, 40.110416666666246 ], [ -8.810416666666896, 40.135416666666238 ] ] } },
{ "type": "Feature", "properties": { "ord": 5 }, "geometry": { "type": "LineString", "coordinates": [ [ -3.597916666667004, 40.118749999999558 ], [ -3.614583333333684, 40.102083333332878 ] ] } },
{ "type": "Feature", "properties": { "ord": 5 }, "geometry": { "type": "LineString", "coordinates": [ [ -3.147916666667015, 40.114583333332895 ], [ -3.152083333333621, 40.102083333332878 ] ] } },
{ "type": "Feature", "properties": { "ord": 5 }, "geometry": { "type": "LineString", "coordinates": [ [ -1.252083333333701, 40.122916666666264 ], [ -1.256250000000364, 40.097916666666229 ] ] } },
{ "type": "Feature", "properties": { "ord": 5 }, "geometry": { "type": "LineString", "coordinates": [ [ -3.152083333333621, 40.102083333332878 ], [ -3.164583333333638, 40.093749999999567 ] ] } },
{ "type": "Feature", "properties": { "ord": 5 }, "geometry": { "type": "LineString", "coordinates": [ [ -3.164583333333638, 40.093749999999567 ], [ -3.202083333333604, 40.08124999999955 ] ] } },
{ "type": "Feature", "properties": { "ord": 5 }, "geometry": { "type": "LineString", "coordinates": [ [ -3.614583333333684, 40.102083333332878 ], [ -3.606250000000358, 40.085416666666255 ], [ -3.622916666666981, 40.072916666666238 ] ] } },
{ "type": "Feature", "properties": { "ord": 5 }, "geometry": { "type": "LineString", "coordinates": [ [ -3.202083333333604, 40.08124999999955 ], [ -3.218750000000313, 40.068749999999575 ] ] } },
{ "type": "Feature", "properties": { "ord": 5 }, "geometry": { "type": "LineString", "coordinates": [ [ -3.218750000000313, 40.068749999999575 ], [ -3.243750000000318, 40.064583333332912 ] ] } },
{ "type": "Feature", "properties": { "ord": 5 }, "geometry": { "type": "LineString", "coordinates": [ [ -1.256250000000364, 40.097916666666229 ], [ -1.24791666666701, 40.089583333332904 ], [ -1.281250000000369, 40.064583333332912 ] ] } },
{ "type": "Feature", "properties": { "ord": 5 }, "geometry": { "type": "LineString", "coordinates": [ [ -3.243750000000318, 40.064583333332912 ], [ -3.24791666666701, 40.060416666666221 ] ] } },
{ "type": "Feature", "properties": { "ord": 5 }, "geometry": { "type": "LineString", "coordinates": [ [ -1.281250000000369, 40.064583333332912 ], [ -1.277083333333707, 40.060416666666221 ] ] } },
{ "type": "Feature", "properties": { "ord": 5 }, "geometry": { "type": "LineString", "coordinates": [ [ -1.277083333333707, 40.060416666666221 ], [ -1.272916666667044, 40.056249999999558 ] ] } },
{ "type": "Feature", "properties": { "ord": 5 }, "geometry": { "type": "LineString", "coordinates": [ [ -3.622916666666981, 40.072916666666238 ], [ -3.622916666666981, 40.052083333332895 ], [ -3.635416666666998, 40.047916666666246 ] ] } },
{ "type": "Feature", "properties": { "ord": 5 }, "geometry": { "type": "LineString", "coordinates": [ [ -3.452083333333661, 40.047916666666246 ], [ -3.464583333333678, 40.047916666666246 ] ] } },
{ "type": "Feature", "properties": { "ord": 5 }, "geometry": { "type": "LineString", "coordinates": [ [ -3.24791666666701, 40.060416666666221 ], [ -3.256250000000335, 40.052083333332895 ], [ -3.268750000000267, 40.056249999999558 ], [ -3.302083333333655, 40.047916666666246 ] ] } },
{ "type": "Feature", "properties": { "ord": 5 }, "geometry": { "type": "LineString", "coordinates": [ [ -3.468750000000341, 40.043749999999584 ], [ -3.489583333333627, 40.043749999999584 ] ] } },
{ "type": "Feature", "properties": { "ord": 5 }, "geometry": { "type": "LineString", "coordinates": [ [ -3.464583333333678, 40.047916666666246 ], [ -3.468750000000341, 40.043749999999584 ] ] } },
{ "type": "Feature", "properties": { "ord": 5 }, "geometry": { "type": "LineString", "coordinates": [ [ -3.531250000000341, 40.047916666666246 ], [ -3.564583333333644, 40.039583333332921 ] ] } },
{ "type": "Feature", "properties": { "ord": 5 }, "geometry": { "type": "LineString", "coordinates": [ [ -3.489583333333627, 40.043749999999584 ], [ -3.506250000000335, 40.039583333332921 ], [ -3.531250000000341, 40.047916666666246 ] ] } },
{ "type": "Feature", "properties": { "ord": 5 }, "geometry": { "type": "LineString", "coordinates": [ [ -3.39791666666693, 40.039583333332921 ], [ -3.443750000000335, 40.039583333332921 ], [ -3.452083333333661, 40.047916666666246 ] ] } },
{ "type": "Feature", "properties": { "ord": 5 }, "geometry": { "type": "LineString", "coordinates": [ [ -3.372916666666981, 40.043749999999584 ], [ -3.385416666666998, 40.052083333332895 ], [ -3.39791666666693, 40.039583333332921 ] ] } },
{ "type": "Feature", "properties": { "ord": 5 }, "geometry": { "type": "LineString", "coordinates": [ [ -3.31041666666701, 40.039583333332921 ], [ -3.318750000000335, 40.039583333332921 ] ] } },
{ "type": "Feature", "properties": { "ord": 5 }, "geometry": { "type": "LineString", "coordinates": [ [ -3.302083333333655, 40.047916666666246 ], [ -3.31041666666701, 40.039583333332921 ] ] } },
{ "type": "Feature", "properties": { "ord": 5 }, "geometry": { "type": "LineString", "coordinates": [ [ -3.635416666666998, 40.047916666666246 ], [ -3.647916666666987, 40.035416666666229 ] ] } },
{ "type": "Feature", "properties": { "ord": 5 }, "geometry": { "type": "LineString", "coordinates": [ [ -3.635416666666998, 40.031249999999567 ], [ -3.647916666666987, 40.035416666666229 ] ] } },
{ "type": "Feature", "properties": { "ord": 5 }, "geometry": { "type": "LineString", "coordinates": [ [ -3.631250000000307, 40.031249999999567 ], [ -3.635416666666998, 40.031249999999567 ] ] } },
{ "type": "Feature", "properties": { "ord": 5 }, "geometry": { "type": "LineString", "coordinates": [ [ -3.564583333333644, 40.039583333332921 ], [ -3.606250000000358, 40.047916666666246 ], [ -3.631250000000307, 40.031249999999567 ] ] } },
{ "type": "Feature", "properties": { "ord": 5 }, "geometry": { "type": "LineString", "coordinates": [ [ -3.318750000000335, 40.039583333332921 ], [ -3.343750000000341, 40.043749999999584 ], [ -3.360416666666964, 40.031249999999567 ], [ -3.372916666666981, 40.043749999999584 ] ] } },
{ "type": "Feature", "properties": { "ord": 6 }, "geometry": { "type": "LineString", "coordinates": [ [ -3.647916666666987, 40.035416666666229 ], [ -3.660416666667004, 40.035416666666229 ], [ -3.672916666667021, 40.022916666666212 ] ] } },
{ "type": "Feature", "properties": { "ord": 5 }, "geometry": { "type": "LineString", "coordinates": [ [ -1.272916666667044, 40.056249999999558 ], [ -1.260416666667027, 40.043749999999584 ], [ -1.260416666667027, 40.022916666666212 ] ] } },
{ "type": "Feature", "properties": { "ord": 6 }, "geometry": { "type": "LineString", "coordinates": [ [ -3.672916666667021, 40.022916666666212 ], [ -3.702083333333661, 40.018749999999592 ], [ -3.71458333333365, 40.006249999999575 ] ] } },
{ "type": "Feature", "properties": { "ord": 6 }, "geometry": { "type": "LineString", "coordinates": [ [ -3.71458333333365, 40.006249999999575 ], [ -3.722916666667004, 39.993749999999558 ], [ -3.718750000000341, 39.989583333332895 ] ] } },
{ "type": "Feature", "properties": { "ord": 6 }, "geometry": { "type": "LineString", "coordinates": [ [ -3.718750000000341, 39.989583333332895 ], [ -3.73125000000033, 39.968749999999567 ] ] } },
{ "type": "Feature", "properties": { "ord": 5 }, "geometry": { "type": "LineString", "coordinates": [ [ -1.260416666667027, 40.022916666666212 ], [ -1.277083333333707, 40.002083333332912 ], [ -1.277083333333707, 39.989583333332895 ], [ -1.256250000000364, 39.968749999999567 ] ] } },
{ "type": "Feature", "properties": { "ord": 6 }, "geometry": { "type": "LineString", "coordinates": [ [ -4.781250000000313, 39.960416666666241 ], [ -4.789583333333667, 39.960416666666241 ] ] } },
{ "type": "Feature", "properties": { "ord": 6 }, "geometry": { "type": "LineString", "coordinates": [ [ -4.768750000000296, 39.960416666666241 ], [ -4.781250000000313, 39.960416666666241 ] ] } },
{ "type": "Feature", "properties": { "ord": 6 }, "geometry": { "type": "LineString", "coordinates": [ [ -4.789583333333667, 39.960416666666241 ], [ -4.797916666666936, 39.952083333332887 ], [ -4.818750000000279, 39.952083333332887 ] ] } },
{ "type": "Feature", "properties": { "ord": 6 }, "geometry": { "type": "LineString", "coordinates": [ [ -4.677083333333599, 39.95624999999955 ], [ -4.710416666666987, 39.972916666666215 ], [ -4.727083333333638, 39.972916666666215 ], [ -4.735416666666993, 39.952083333332887 ], [ -4.768750000000296, 39.960416666666241 ] ] } },
{ "type": "Feature", "properties": { "ord": 5 }, "geometry": { "type": "LineString", "coordinates": [ [ -1.256250000000364, 39.968749999999567 ], [ -1.239583333333684, 39.952083333332887 ] ] } },
{ "type": "Feature", "properties": { "ord": 6 }, "geometry": { "type": "LineString", "coordinates": [ [ -3.73125000000033, 39.968749999999567 ], [ -3.74791666666701, 39.95624999999955 ], [ -3.764583333333633, 39.968749999999567 ], [ -3.77708333333365, 39.952083333332887 ], [ -3.818750000000307, 39.947916666666224 ] ] } },
{ "type": "Feature", "properties": { "ord": 5 }, "geometry": { "type": "LineString", "coordinates": [ [ -1.239583333333684, 39.952083333332887 ], [ -1.214583333333707, 39.947916666666224 ] ] } },
{ "type": "Feature", "properties": { "ord": 6 }, "geometry": { "type": "LineString", "coordinates": [ [ -3.818750000000307, 39.947916666666224 ], [ -3.82291666666697, 39.943749999999575 ] ] } },
{ "type": "Feature", "properties": { "ord": 6 }, "geometry": { "type": "LineString", "coordinates": [ [ -4.63541666666697, 39.943749999999575 ], [ -4.643750000000324, 39.947916666666224 ], [ -4.65208333333365, 39.939583333332912 ], [ -4.664583333333667, 39.95624999999955 ], [ -4.677083333333599, 39.95624999999955 ] ] } },
{ "type": "Feature", "properties": { "ord": 6 }, "geometry": { "type": "LineString", "coordinates": [ [ -3.82291666666697, 39.943749999999575 ], [ -3.847916666667004, 39.939583333332912 ] ] } },
{ "type": "Feature", "properties": { "ord": 6 }, "geometry": { "type": "LineString", "coordinates": [ [ -4.818750000000279, 39.952083333332887 ], [ -4.831250000000296, 39.95624999999955 ], [ -4.847916666666976, 39.935416666666249 ] ] } },
{ "type": "Feature", "properties": { "ord": 6 }, "geometry": { "type": "LineString", "coordinates": [ [ -4.622916666666953, 39.931249999999601 ], [ -4.622916666666953, 39.939583333332912 ], [ -4.63541666666697, 39.943749999999575 ] ] } },
{ "type": "Feature", "properties": { "ord": 6 }, "geometry": { "type": "LineString", "coordinates": [ [ -4.847916666666976, 39.935416666666249 ], [ -4.85625000000033, 39.927083333332895 ] ] } },
{ "type": "Feature", "properties": { "ord": 6 }, "geometry": { "type": "LineString", "coordinates": [ [ -4.585416666666987, 39.927083333332895 ], [ -4.622916666666953, 39.931249999999601 ] ] } },
{ "type": "Feature", "properties": { "ord": 6 }, "geometry": { "type": "LineString", "coordinates": [ [ -3.847916666667004, 39.939583333332912 ], [ -3.868750000000347, 39.927083333332895 ] ] } },
{ "type": "Feature", "properties": { "ord": 6 }, "geometry": { "type": "LineString", "coordinates": [ [ -4.581250000000324, 39.922916666666232 ], [ -4.585416666666987, 39.927083333332895 ] ] } },
{ "type": "Feature", "properties": { "ord": 6 }, "geometry": { "type": "LineString", "coordinates": [ [ -4.85625000000033, 39.927083333332895 ], [ -4.872916666666924, 39.914583333332921 ] ] } },
{ "type": "Feature", "properties": { "ord": 6 }, "geometry": { "type": "LineString", "coordinates": [ [ -4.564583333333644, 39.914583333332921 ], [ -4.581250000000324, 39.922916666666232 ] ] } },
{ "type": "Feature", "properties": { "ord": 6 }, "geometry": { "type": "LineString", "coordinates": [ [ -3.889583333333633, 39.910416666666258 ], [ -3.893750000000296, 39.910416666666258 ] ] } },
{ "type": "Feature", "properties": { "ord": 6 }, "geometry": { "type": "LineString", "coordinates": [ [ -3.881250000000279, 39.910416666666258 ], [ -3.889583333333633, 39.910416666666258 ] ] } },
{ "type": "Feature", "properties": { "ord": 6 }, "geometry": { "type": "LineString", "coordinates": [ [ -3.868750000000347, 39.927083333332895 ], [ -3.881250000000279, 39.910416666666258 ] ] } },
{ "type": "Feature", "properties": { "ord": 5 }, "geometry": { "type": "LineString", "coordinates": [ [ -0.093750000000398, 39.960416666666241 ], [ -0.060416666667038, 39.931249999999601 ], [ -0.027083333333735, 39.922916666666232 ], [ -0.010416666667055, 39.910416666666258 ] ] } },
{ "type": "Feature", "properties": { "ord": 6 }, "geometry": { "type": "LineString", "coordinates": [ [ -4.872916666666924, 39.914583333332921 ], [ -4.881250000000335, 39.906249999999552 ] ] } },
{ "type": "Feature", "properties": { "ord": 6 }, "geometry": { "type": "LineString", "coordinates": [ [ -4.506250000000307, 39.902083333332904 ], [ -4.54375000000033, 39.897916666666241 ], [ -4.552083333333627, 39.914583333332921 ], [ -4.564583333333644, 39.914583333332921 ] ] } },
{ "type": "Feature", "properties": { "ord": 6 }, "geometry": { "type": "LineString", "coordinates": [ [ -4.881250000000335, 39.906249999999552 ], [ -4.90208333333365, 39.893749999999578 ] ] } },
{ "type": "Feature", "properties": { "ord": 6 }, "geometry": { "type": "LineString", "coordinates": [ [ -4.502083333333644, 39.893749999999578 ], [ -4.506250000000307, 39.902083333332904 ] ] } },
{ "type": "Feature", "properties": { "ord": 6 }, "geometry": { "type": "LineString", "coordinates": [ [ -3.893750000000296, 39.910416666666258 ], [ -3.91875000000033, 39.910416666666258 ], [ -3.939583333333672, 39.889583333332887 ] ] } },
{ "type": "Feature", "properties": { "ord": 5 }, "geometry": { "type": "LineString", "coordinates": [ [ -6.722916666666976, 39.906249999999552 ], [ -6.735416666666964, 39.893749999999578 ], [ -6.777083333333621, 39.885416666666224 ] ] } },
{ "type": "Feature", "properties": { "ord": 6 }, "geometry": { "type": "LineString", "coordinates": [ [ -4.502083333333644, 39.885416666666224 ], [ -4.502083333333644, 39.893749999999578 ] ] } },
{ "type": "Feature", "properties": { "ord": 6 }, "geometry": { "type": "LineString", "coordinates": [ [ -4.90208333333365, 39.893749999999578 ], [ -4.914583333333667, 39.881249999999561 ] ] } },
{ "type": "Feature", "properties": { "ord": 6 }, "geometry": { "type": "LineString", "coordinates": [ [ -4.497916666666981, 39.881249999999561 ], [ -4.502083333333644, 39.885416666666224 ] ] } },
{ "type": "Feature", "properties": { "ord": 6 }, "geometry": { "type": "LineString", "coordinates": [ [ -4.131250000000335, 39.877083333332912 ], [ -4.135416666666998, 39.885416666666224 ], [ -4.156250000000284, 39.877083333332912 ], [ -4.172916666666993, 39.885416666666224 ] ] } },
{ "type": "Feature", "properties": { "ord": 5 }, "geometry": { "type": "LineString", "coordinates": [ [ -6.777083333333621, 39.885416666666224 ], [ -6.797916666666964, 39.872916666666249 ] ] } },
{ "type": "Feature", "properties": { "ord": 6 }, "geometry": { "type": "LineString", "coordinates": [ [ -4.914583333333667, 39.881249999999561 ], [ -4.922916666666964, 39.872916666666249 ] ] } },
{ "type": "Feature", "properties": { "ord": 6 }, "geometry": { "type": "LineString", "coordinates": [ [ -3.939583333333672, 39.889583333332887 ], [ -3.956250000000296, 39.877083333332912 ], [ -3.99791666666701, 39.868749999999544 ] ] } },
{ "type": "Feature", "properties": { "ord": 5 }, "geometry": { "type": "LineString", "coordinates": [ [ -1.214583333333707, 39.947916666666224 ], [ -1.189583333333701, 39.902083333332904 ], [ -1.156250000000313, 39.868749999999544 ] ] } },
{ "type": "Feature", "properties": { "ord": 6 }, "geometry": { "type": "LineString", "coordinates": [ [ -4.052083333333655, 39.877083333332912 ], [ -4.064583333333672, 39.877083333332912 ], [ -4.077083333333604, 39.864583333332895 ], [ -4.118750000000347, 39.868749999999544 ], [ -4.131250000000335, 39.877083333332912 ] ] } },
{ "type": "Feature", "properties": { "ord": 6 }, "geometry": { "type": "LineString", "coordinates": [ [ -4.218750000000341, 39.860416666666232 ], [ -4.222916666666976, 39.860416666666232 ] ] } },
{ "type": "Feature", "properties": { "ord": 6 }, "geometry": { "type": "LineString", "coordinates": [ [ -4.172916666666993, 39.885416666666224 ], [ -4.197916666666998, 39.864583333332895 ], [ -4.218750000000341, 39.860416666666232 ] ] } },
{ "type": "Feature", "properties": { "ord": 6 }, "geometry": { "type": "LineString", "coordinates": [ [ -3.99791666666701, 39.868749999999544 ], [ -4.014583333333633, 39.860416666666232 ] ] } },
{ "type": "Feature", "properties": { "ord": 5 }, "geometry": { "type": "LineString", "coordinates": [ [ -6.797916666666964, 39.872916666666249 ], [ -6.80208333333357, 39.856249999999569 ] ] } },
{ "type": "Feature", "properties": { "ord": 6 }, "geometry": { "type": "LineString", "coordinates": [ [ -4.222916666666976, 39.860416666666232 ], [ -4.227083333333638, 39.856249999999569 ] ] } },
{ "type": "Feature", "properties": { "ord": 6 }, "geometry": { "type": "LineString", "coordinates": [ [ -4.47708333333361, 39.852083333332921 ], [ -4.481250000000273, 39.872916666666249 ], [ -4.497916666666981, 39.881249999999561 ] ] } },
{ "type": "Feature", "properties": { "ord": 6 }, "geometry": { "type": "LineString", "coordinates": [ [ -4.022916666667015, 39.852083333332921 ], [ -4.052083333333655, 39.877083333332912 ] ] } },
{ "type": "Feature", "properties": { "ord": 6 }, "geometry": { "type": "LineString", "coordinates": [ [ -4.014583333333633, 39.860416666666232 ], [ -4.022916666667015, 39.852083333332921 ] ] } },
{ "type": "Feature", "properties": { "ord": 6 }, "geometry": { "type": "LineString", "coordinates": [ [ -4.922916666666964, 39.872916666666249 ], [ -4.956250000000296, 39.843749999999595 ] ] } },
{ "type": "Feature", "properties": { "ord": 6 }, "geometry": { "type": "LineString", "coordinates": [ [ -4.452083333333661, 39.852083333332921 ], [ -4.46458333333365, 39.843749999999595 ], [ -4.47708333333361, 39.852083333332921 ] ] } },
{ "type": "Feature", "properties": { "ord": 6 }, "geometry": { "type": "LineString", "coordinates": [ [ -4.422916666666964, 39.843749999999595 ], [ -4.452083333333661, 39.852083333332921 ] ] } },
{ "type": "Feature", "properties": { "ord": 5 }, "geometry": { "type": "LineString", "coordinates": [ [ -1.156250000000313, 39.868749999999544 ], [ -1.143750000000381, 39.847916666666258 ], [ -1.147916666667044, 39.839583333332904 ] ] } },
{ "type": "Feature", "properties": { "ord": 5 }, "geometry": { "type": "LineString", "coordinates": [ [ -6.80208333333357, 39.856249999999569 ], [ -6.810416666666924, 39.831249999999578 ] ] } },
{ "type": "Feature", "properties": { "ord": 6 }, "geometry": { "type": "LineString", "coordinates": [ [ -6.052083333333627, 39.835416666666241 ], [ -6.05625000000029, 39.831249999999578 ] ] } },
{ "type": "Feature", "properties": { "ord": 6 }, "geometry": { "type": "LineString", "coordinates": [ [ -5.993750000000233, 39.835416666666241 ], [ -6.052083333333627, 39.835416666666241 ] ] } },
{ "type": "Feature", "properties": { "ord": 6 }, "geometry": { "type": "LineString", "coordinates": [ [ -4.956250000000296, 39.843749999999595 ], [ -4.964583333333621, 39.831249999999578 ] ] } },
{ "type": "Feature", "properties": { "ord": 6 }, "geometry": { "type": "LineString", "coordinates": [ [ -4.397916666666987, 39.831249999999578 ], [ -4.410416666666947, 39.847916666666258 ], [ -4.422916666666964, 39.843749999999595 ] ] } },
{ "type": "Feature", "properties": { "ord": 6 }, "geometry": { "type": "LineString", "coordinates": [ [ -4.289583333333638, 39.835416666666241 ], [ -4.285416666666947, 39.831249999999578 ] ] } },
{ "type": "Feature", "properties": { "ord": 6 }, "geometry": { "type": "LineString", "coordinates": [ [ -4.227083333333638, 39.856249999999569 ], [ -4.243750000000318, 39.864583333332895 ], [ -4.260416666666998, 39.831249999999578 ], [ -4.277083333333678, 39.860416666666232 ], [ -4.289583333333638, 39.835416666666241 ] ] } },
{ "type": "Feature", "properties": { "ord": 6 }, "geometry": { "type": "LineString", "coordinates": [ [ -4.381250000000335, 39.843749999999595 ], [ -4.393750000000324, 39.827083333332915 ], [ -4.397916666666987, 39.831249999999578 ] ] } },
{ "type": "Feature", "properties": { "ord": 6 }, "geometry": { "type": "LineString", "coordinates": [ [ -6.05625000000029, 39.831249999999578 ], [ -6.064583333333644, 39.822916666666224 ] ] } },
{ "type": "Feature", "properties": { "ord": 6 }, "geometry": { "type": "LineString", "coordinates": [ [ -4.964583333333621, 39.831249999999578 ], [ -4.98125000000033, 39.822916666666224 ] ] } },
{ "type": "Feature", "properties": { "ord": 6 }, "geometry": { "type": "LineString", "coordinates": [ [ -6.064583333333644, 39.822916666666224 ], [ -6.077083333333604, 39.818749999999561 ] ] } },
{ "type": "Feature", "properties": { "ord": 6 }, "geometry": { "type": "LineString", "coordinates": [ [ -5.918750000000301, 39.818749999999561 ], [ -5.993750000000233, 39.835416666666241 ] ] } },
{ "type": "Feature", "properties": { "ord": 6 }, "geometry": { "type": "LineString", "coordinates": [ [ -5.389583333333661, 39.818749999999561 ], [ -5.40208333333365, 39.818749999999561 ] ] } },
{ "type": "Feature", "properties": { "ord": 6 }, "geometry": { "type": "LineString", "coordinates": [ [ -4.364583333333627, 39.818749999999561 ], [ -4.381250000000335, 39.843749999999595 ] ] } },
{ "type": "Feature", "properties": { "ord": 6 }, "geometry": { "type": "LineString", "coordinates": [ [ -5.40208333333365, 39.818749999999561 ], [ -5.435416666666981, 39.810416666666249 ] ] } },
{ "type": "Feature", "properties": { "ord": 6 }, "geometry": { "type": "LineString", "coordinates": [ [ -5.372916666666981, 39.810416666666249 ], [ -5.389583333333661, 39.818749999999561 ] ] } },
{ "type": "Feature", "properties": { "ord": 5 }, "geometry": { "type": "LineString", "coordinates": [ [ -1.147916666667044, 39.839583333332904 ], [ -1.152083333333707, 39.814583333332898 ], [ -1.143750000000381, 39.806249999999586 ] ] } },
{ "type": "Feature", "properties": { "ord": 6 }, "geometry": { "type": "LineString", "coordinates": [ [ -5.435416666666981, 39.810416666666249 ], [ -5.518750000000296, 39.802083333332881 ], [ -5.539583333333582, 39.814583333332898 ], [ -5.552083333333599, 39.810416666666249 ] ] } },
{ "type": "Feature", "properties": { "ord": 6 }, "geometry": { "type": "LineString", "coordinates": [ [ -4.285416666666947, 39.831249999999578 ], [ -4.302083333333655, 39.827083333332915 ], [ -4.314583333333672, 39.802083333332881 ], [ -4.339583333333593, 39.818749999999561 ], [ -4.364583333333627, 39.818749999999561 ] ] } },
{ "type": "Feature", "properties": { "ord": 6 }, "geometry": { "type": "LineString", "coordinates": [ [ -6.077083333333604, 39.818749999999561 ], [ -6.097916666666947, 39.797916666666232 ] ] } },
{ "type": "Feature", "properties": { "ord": 6 }, "geometry": { "type": "LineString", "coordinates": [ [ -5.156250000000284, 39.797916666666232 ], [ -5.168750000000301, 39.797916666666232 ] ] } },
{ "type": "Feature", "properties": { "ord": 5 }, "geometry": { "type": "LineString", "coordinates": [ [ -1.143750000000381, 39.806249999999586 ], [ -1.139583333333718, 39.797916666666232 ] ] } },
{ "type": "Feature", "properties": { "ord": 6 }, "geometry": { "type": "LineString", "coordinates": [ [ -5.143750000000324, 39.793749999999569 ], [ -5.156250000000284, 39.797916666666232 ] ] } },
{ "type": "Feature", "properties": { "ord": 6 }, "geometry": { "type": "LineString", "coordinates": [ [ -4.98125000000033, 39.822916666666224 ], [ -5.002083333333587, 39.806249999999586 ], [ -4.989583333333655, 39.793749999999569 ] ] } },
{ "type": "Feature", "properties": { "ord": 6 }, "geometry": { "type": "LineString", "coordinates": [ [ -5.856250000000301, 39.793749999999569 ], [ -5.872916666666981, 39.789583333332907 ], [ -5.885416666666941, 39.797916666666232 ], [ -5.897916666666958, 39.789583333332907 ], [ -5.918750000000301, 39.806249999999586 ], [ -5.918750000000301, 39.818749999999561 ] ] } },
{ "type": "Feature", "properties": { "ord": 6 }, "geometry": { "type": "LineString", "coordinates": [ [ -5.168750000000301, 39.797916666666232 ], [ -5.206250000000324, 39.797916666666232 ], [ -5.214583333333621, 39.789583333332907 ] ] } },
{ "type": "Feature", "properties": { "ord": 6 }, "geometry": { "type": "LineString", "coordinates": [ [ -5.122916666666981, 39.789583333332907 ], [ -5.143750000000324, 39.793749999999569 ] ] } },
{ "type": "Feature", "properties": { "ord": 6 }, "geometry": { "type": "LineString", "coordinates": [ [ -6.097916666666947, 39.797916666666232 ], [ -6.122916666666981, 39.797916666666232 ], [ -6.156250000000284, 39.785416666666258 ] ] } },
{ "type": "Feature", "properties": { "ord": 6 }, "geometry": { "type": "LineString", "coordinates": [ [ -5.327083333333661, 39.785416666666258 ], [ -5.33958333333365, 39.785416666666258 ], [ -5.372916666666981, 39.810416666666249 ] ] } },
{ "type": "Feature", "properties": { "ord": 6 }, "geometry": { "type": "LineString", "coordinates": [ [ -5.318750000000307, 39.789583333332907 ], [ -5.327083333333661, 39.785416666666258 ] ] } },
{ "type": "Feature", "properties": { "ord": 6 }, "geometry": { "type": "LineString", "coordinates": [ [ -6.156250000000284, 39.785416666666258 ], [ -6.185416666666953, 39.777083333332889 ] ] } },
{ "type": "Feature", "properties": { "ord": 6 }, "geometry": { "type": "LineString", "coordinates": [ [ -5.731250000000301, 39.777083333332889 ], [ -5.743750000000261, 39.781249999999595 ] ] } },
{ "type": "Feature", "properties": { "ord": 6 }, "geometry": { "type": "LineString", "coordinates": [ [ -5.71458333333365, 39.781249999999595 ], [ -5.731250000000301, 39.777083333332889 ] ] } },
{ "type": "Feature", "properties": { "ord": 6 }, "geometry": { "type": "LineString", "coordinates": [ [ -4.989583333333655, 39.793749999999569 ], [ -5.035416666666976, 39.777083333332889 ] ] } },
{ "type": "Feature", "properties": { "ord": 6 }, "geometry": { "type": "LineString", "coordinates": [ [ -5.085416666666958, 39.772916666666241 ], [ -5.122916666666981, 39.789583333332907 ] ] } },
{ "type": "Feature", "properties": { "ord": 6 }, "geometry": { "type": "LineString", "coordinates": [ [ -5.035416666666976, 39.777083333332889 ], [ -5.085416666666958, 39.772916666666241 ] ] } },
{ "type": "Feature", "properties": { "ord": 6 }, "geometry": { "type": "LineString", "coordinates": [ [ -5.831250000000296, 39.768749999999578 ], [ -5.856250000000301, 39.793749999999569 ] ] } },
{ "type": "Feature", "properties": { "ord": 6 }, "geometry": { "type": "LineString", "coordinates": [ [ -6.768750000000296, 39.768749999999578 ], [ -6.793750000000301, 39.764583333332872 ] ] } },
{ "type": "Feature", "properties": { "ord": 6 }, "geometry": { "type": "LineString", "coordinates": [ [ -6.618750000000261, 39.777083333332889 ], [ -6.647916666666958, 39.777083333332889 ], [ -6.668750000000301, 39.764583333332872 ] ] } },
{ "type": "Feature", "properties": { "ord": 6 }, "geometry": { "type": "LineString", "coordinates": [ [ -6.206250000000267, 39.764583333332872 ], [ -6.218750000000284, 39.764583333332872 ] ] } },
{ "type": "Feature", "properties": { "ord": 6 }, "geometry": { "type": "LineString", "coordinates": [ [ -6.185416666666953, 39.777083333332889 ], [ -6.206250000000267, 39.764583333332872 ] ] } },
{ "type": "Feature", "properties": { "ord": 6 }, "geometry": { "type": "LineString", "coordinates": [ [ -5.781250000000313, 39.764583333332872 ], [ -5.797916666666907, 39.772916666666241 ], [ -5.814583333333616, 39.764583333332872 ], [ -5.831250000000296, 39.768749999999578 ] ] } },
{ "type": "Feature", "properties": { "ord": 6 }, "geometry": { "type": "LineString", "coordinates": [ [ -5.743750000000261, 39.781249999999595 ], [ -5.781250000000313, 39.764583333332872 ] ] } },
{ "type": "Feature", "properties": { "ord": 6 }, "geometry": { "type": "LineString", "coordinates": [ [ -5.643750000000296, 39.764583333332872 ], [ -5.65208333333365, 39.772916666666241 ], [ -5.71458333333365, 39.781249999999595 ] ] } },
{ "type": "Feature", "properties": { "ord": 6 }, "geometry": { "type": "LineString", "coordinates": [ [ -5.552083333333599, 39.810416666666249 ], [ -5.560416666666953, 39.810416666666249 ], [ -5.57291666666697, 39.793749999999569 ], [ -5.597916666666976, 39.793749999999569 ], [ -5.610416666666993, 39.777083333332889 ], [ -5.643750000000296, 39.764583333332872 ] ] } },
{ "type": "Feature", "properties": { "ord": 6 }, "geometry": { "type": "LineString", "coordinates": [ [ -5.310416666666981, 39.764583333332872 ], [ -5.318750000000307, 39.789583333332907 ] ] } },
{ "type": "Feature", "properties": { "ord": 6 }, "geometry": { "type": "LineString", "coordinates": [ [ -6.743750000000261, 39.760416666666224 ], [ -6.768750000000296, 39.768749999999578 ] ] } },
{ "type": "Feature", "properties": { "ord": 6 }, "geometry": { "type": "LineString", "coordinates": [ [ -6.668750000000301, 39.764583333332872 ], [ -6.743750000000261, 39.760416666666224 ] ] } },
{ "type": "Feature", "properties": { "ord": 6 }, "geometry": { "type": "LineString", "coordinates": [ [ -6.593750000000227, 39.760416666666224 ], [ -6.618750000000261, 39.777083333332889 ] ] } },
{ "type": "Feature", "properties": { "ord": 6 }, "geometry": { "type": "LineString", "coordinates": [ [ -5.281250000000284, 39.756249999999561 ], [ -5.310416666666981, 39.764583333332872 ] ] } },
{ "type": "Feature", "properties": { "ord": 6 }, "geometry": { "type": "LineString", "coordinates": [ [ -5.252083333333644, 39.752083333332898 ], [ -5.281250000000284, 39.756249999999561 ] ] } },
{ "type": "Feature", "properties": { "ord": 6 }, "geometry": { "type": "LineString", "coordinates": [ [ -5.214583333333621, 39.789583333332907 ], [ -5.252083333333644, 39.752083333332898 ] ] } },
{ "type": "Feature", "properties": { "ord": 6 }, "geometry": { "type": "LineString", "coordinates": [ [ -6.218750000000284, 39.764583333332872 ], [ -6.264583333333633, 39.747916666666249 ], [ -6.293750000000273, 39.747916666666249 ] ] } },
{ "type": "Feature", "properties": { "ord": 6 }, "geometry": { "type": "LineString", "coordinates": [ [ -6.793750000000301, 39.764583333332872 ], [ -6.827083333333604, 39.760416666666224 ], [ -6.856250000000301, 39.743749999999586 ] ] } },
{ "type": "Feature", "properties": { "ord": 6 }, "geometry": { "type": "LineString", "coordinates": [ [ -6.293750000000273, 39.747916666666249 ], [ -6.327083333333633, 39.743749999999586 ] ] } },
{ "type": "Feature", "properties": { "ord": 5 }, "geometry": { "type": "LineString", "coordinates": [ [ -1.139583333333718, 39.797916666666232 ], [ -1.102083333333667, 39.756249999999561 ], [ -1.110416666667021, 39.743749999999586 ] ] } },
{ "type": "Feature", "properties": { "ord": 6 }, "geometry": { "type": "LineString", "coordinates": [ [ -6.327083333333633, 39.743749999999586 ], [ -6.356250000000273, 39.739583333332924 ] ] } },
{ "type": "Feature", "properties": { "ord": 5 }, "geometry": { "type": "LineString", "coordinates": [ [ -1.110416666667021, 39.743749999999586 ], [ -1.106250000000358, 39.739583333332924 ] ] } },
{ "type": "Feature", "properties": { "ord": 6 }, "geometry": { "type": "LineString", "coordinates": [ [ -6.872916666666924, 39.735416666666232 ], [ -6.88125000000025, 39.735416666666232 ] ] } },
{ "type": "Feature", "properties": { "ord": 5 }, "geometry": { "type": "LineString", "coordinates": [ [ -6.810416666666924, 39.831249999999578 ], [ -6.835416666666958, 39.814583333332898 ], [ -6.839583333333621, 39.793749999999569 ], [ -6.868750000000233, 39.764583333332872 ], [ -6.872916666666924, 39.735416666666232 ] ] } },
{ "type": "Feature", "properties": { "ord": 6 }, "geometry": { "type": "LineString", "coordinates": [ [ -6.856250000000301, 39.743749999999586 ], [ -6.872916666666924, 39.735416666666232 ] ] } },
{ "type": "Feature", "properties": { "ord": 6 }, "geometry": { "type": "LineString", "coordinates": [ [ -6.356250000000273, 39.739583333332924 ], [ -6.381250000000307, 39.735416666666232 ] ] } },
{ "type": "Feature", "properties": { "ord": 6 }, "geometry": { "type": "LineString", "coordinates": [ [ -6.88125000000025, 39.735416666666232 ], [ -6.885416666666941, 39.731249999999569 ] ] } },
{ "type": "Feature", "properties": { "ord": 6 }, "geometry": { "type": "LineString", "coordinates": [ [ -6.514583333333547, 39.727083333332907 ], [ -6.593750000000227, 39.760416666666224 ] ] } },
{ "type": "Feature", "properties": { "ord": 6 }, "geometry": { "type": "LineString", "coordinates": [ [ -6.485416666666936, 39.722916666666244 ], [ -6.514583333333547, 39.727083333332907 ] ] } },
{ "type": "Feature", "properties": { "ord": 6 }, "geometry": { "type": "LineString", "coordinates": [ [ -6.477083333333582, 39.722916666666244 ], [ -6.485416666666936, 39.722916666666244 ] ] } },
{ "type": "Feature", "properties": { "ord": 5 }, "geometry": { "type": "LineString", "coordinates": [ [ -1.106250000000358, 39.739583333332924 ], [ -1.081250000000381, 39.718749999999595 ] ] } },
{ "type": "Feature", "properties": { "ord": 6 }, "geometry": { "type": "LineString", "coordinates": [ [ -6.381250000000307, 39.735416666666232 ], [ -6.397916666666902, 39.722916666666244 ], [ -6.43125000000029, 39.714583333332889 ], [ -6.477083333333582, 39.722916666666244 ] ] } },
{ "type": "Feature", "properties": { "ord": 5 }, "geometry": { "type": "LineString", "coordinates": [ [ -1.081250000000381, 39.718749999999595 ], [ -1.052083333333684, 39.702083333332915 ], [ -1.035416666667004, 39.722916666666244 ], [ -1.014583333333718, 39.722916666666244 ], [ -1.002083333333729, 39.69791666666621 ] ] } },
{ "type": "Feature", "properties": { "ord": 5 }, "geometry": { "type": "LineString", "coordinates": [ [ -1.002083333333729, 39.69791666666621 ], [ -0.960416666666987, 39.69791666666621 ], [ -0.939583333333729, 39.706249999999578 ] ] } },
{ "type": "Feature", "properties": { "ord": 5 }, "geometry": { "type": "LineString", "coordinates": [ [ -0.939583333333729, 39.706249999999578 ], [ -0.931250000000375, 39.69791666666621 ] ] } },
{ "type": "Feature", "properties": { "ord": 6 }, "geometry": { "type": "LineString", "coordinates": [ [ -6.94375000000025, 39.689583333332898 ], [ -6.952083333333604, 39.689583333332898 ] ] } },
{ "type": "Feature", "properties": { "ord": 6 }, "geometry": { "type": "LineString", "coordinates": [ [ -6.885416666666941, 39.731249999999569 ], [ -6.94375000000025, 39.689583333332898 ] ] } },
{ "type": "Feature", "properties": { "ord": 6 }, "geometry": { "type": "LineString", "coordinates": [ [ -6.952083333333604, 39.689583333332898 ], [ -6.972916666666947, 39.681249999999586 ] ] } },
{ "type": "Feature", "properties": { "ord": 6 }, "geometry": { "type": "LineString", "coordinates": [ [ -6.972916666666947, 39.681249999999586 ], [ -7.014583333333604, 39.672916666666218 ] ] } },
{ "type": "Feature", "properties": { "ord": 5 }, "geometry": { "type": "LineString", "coordinates": [ [ -0.931250000000375, 39.69791666666621 ], [ -0.931250000000375, 39.681249999999586 ], [ -0.918750000000358, 39.672916666666218 ] ] } },
{ "type": "Feature", "properties": { "ord": 6 }, "geometry": { "type": "LineString", "coordinates": [ [ -7.514583333333604, 39.664583333332907 ], [ -7.539583333333582, 39.664583333332907 ] ] } },
{ "type": "Feature", "properties": { "ord": 6 }, "geometry": { "type": "LineString", "coordinates": [ [ -7.477083333333582, 39.664583333332907 ], [ -7.514583333333604, 39.664583333332907 ] ] } },
{ "type": "Feature", "properties": { "ord": 6 }, "geometry": { "type": "LineString", "coordinates": [ [ -7.235416666666964, 39.664583333332907 ], [ -7.260416666666885, 39.664583333332907 ] ] } },
{ "type": "Feature", "properties": { "ord": 5 }, "geometry": { "type": "LineString", "coordinates": [ [ -0.918750000000358, 39.672916666666218 ], [ -0.897916666667015, 39.664583333332907 ] ] } },
{ "type": "Feature", "properties": { "ord": 6 }, "geometry": { "type": "LineString", "coordinates": [ [ -7.060416666666953, 39.660416666666244 ], [ -7.114583333333542, 39.664583333332907 ] ] } },
{ "type": "Feature", "properties": { "ord": 6 }, "geometry": { "type": "LineString", "coordinates": [ [ -7.014583333333604, 39.672916666666218 ], [ -7.060416666666953, 39.660416666666244 ] ] } },
{ "type": "Feature", "properties": { "ord": 6 }, "geometry": { "type": "LineString", "coordinates": [ [ -7.539583333333582, 39.664583333332907 ], [ -7.552083333333599, 39.656249999999595 ], [ -7.564583333333616, 39.660416666666244 ] ] } },
{ "type": "Feature", "properties": { "ord": 6 }, "geometry": { "type": "LineString", "coordinates": [ [ -7.152083333333593, 39.652083333332932 ], [ -7.235416666666964, 39.664583333332907 ] ] } },
{ "type": "Feature", "properties": { "ord": 6 }, "geometry": { "type": "LineString", "coordinates": [ [ -7.114583333333542, 39.664583333332907 ], [ -7.152083333333593, 39.652083333332932 ] ] } },
{ "type": "Feature", "properties": { "ord": 6 }, "geometry": { "type": "LineString", "coordinates": [ [ -7.393750000000239, 39.647916666666227 ], [ -7.477083333333582, 39.664583333332907 ] ] } },
{ "type": "Feature", "properties": { "ord": 6 }, "geometry": { "type": "LineString", "coordinates": [ [ -7.356250000000273, 39.647916666666227 ], [ -7.393750000000239, 39.647916666666227 ] ] } },
{ "type": "Feature", "properties": { "ord": 6 }, "geometry": { "type": "LineString", "coordinates": [ [ -7.327083333333576, 39.643749999999578 ], [ -7.356250000000273, 39.647916666666227 ] ] } },
{ "type": "Feature", "properties": { "ord": 6 }, "geometry": { "type": "LineString", "coordinates": [ [ -7.260416666666885, 39.664583333332907 ], [ -7.327083333333576, 39.643749999999578 ] ] } },
{ "type": "Feature", "properties": { "ord": 6 }, "geometry": { "type": "LineString", "coordinates": [ [ -7.664583333333553, 39.643749999999578 ], [ -7.681250000000261, 39.647916666666227 ], [ -7.702083333333604, 39.639583333332915 ] ] } },
{ "type": "Feature", "properties": { "ord": 6 }, "geometry": { "type": "LineString", "coordinates": [ [ -7.564583333333616, 39.660416666666244 ], [ -7.589583333333621, 39.656249999999595 ], [ -7.59791666666689, 39.639583333332915 ] ] } },
{ "type": "Feature", "properties": { "ord": 6 }, "geometry": { "type": "LineString", "coordinates": [ [ -7.702083333333604, 39.639583333332915 ], [ -7.706250000000267, 39.635416666666252 ] ] } },
{ "type": "Feature", "properties": { "ord": 5 }, "geometry": { "type": "LineString", "coordinates": [ [ -0.897916666667015, 39.664583333332907 ], [ -0.889583333333718, 39.639583333332915 ], [ -0.881250000000392, 39.635416666666252 ] ] } },
{ "type": "Feature", "properties": { "ord": 6 }, "geometry": { "type": "LineString", "coordinates": [ [ -7.647916666666958, 39.622916666666235 ], [ -7.664583333333553, 39.643749999999578 ] ] } },
{ "type": "Feature", "properties": { "ord": 6 }, "geometry": { "type": "LineString", "coordinates": [ [ -7.59791666666689, 39.639583333332915 ], [ -7.647916666666958, 39.622916666666235 ] ] } },
{ "type": "Feature", "properties": { "ord": 5 }, "geometry": { "type": "LineString", "coordinates": [ [ -0.881250000000392, 39.635416666666252 ], [ -0.864583333333712, 39.618749999999572 ] ] } },
{ "type": "Feature", "properties": { "ord": 5 }, "geometry": { "type": "LineString", "coordinates": [ [ -1.560416666666981, 39.635416666666252 ], [ -1.543750000000387, 39.614583333332924 ] ] } },
{ "type": "Feature", "properties": { "ord": 6 }, "geometry": { "type": "LineString", "coordinates": [ [ -7.706250000000267, 39.635416666666252 ], [ -7.718750000000284, 39.602083333332907 ] ] } },
{ "type": "Feature", "properties": { "ord": 5 }, "geometry": { "type": "LineString", "coordinates": [ [ -0.864583333333712, 39.618749999999572 ], [ -0.856250000000358, 39.602083333332907 ], [ -0.831250000000324, 39.602083333332907 ], [ -0.818750000000392, 39.610416666666218 ], [ -0.789583333333695, 39.606249999999555 ] ] } },
{ "type": "Feature", "properties": { "ord": 5 }, "geometry": { "type": "LineString", "coordinates": [ [ -0.789583333333695, 39.606249999999555 ], [ -0.739583333333712, 39.610416666666218 ], [ -0.722916666667032, 39.597916666666244 ] ] } },
{ "type": "Feature", "properties": { "ord": 5 }, "geometry": { "type": "LineString", "coordinates": [ [ -0.722916666667032, 39.597916666666244 ], [ -0.664583333333724, 39.606249999999555 ] ] } },
{ "type": "Feature", "properties": { "ord": 5 }, "geometry": { "type": "LineString", "coordinates": [ [ -0.664583333333724, 39.606249999999555 ], [ -0.656250000000369, 39.597916666666244 ], [ -0.647916666667015, 39.602083333332907 ] ] } },
{ "type": "Feature", "properties": { "ord": 5 }, "geometry": { "type": "LineString", "coordinates": [ [ -1.543750000000387, 39.614583333332924 ], [ -1.527083333333707, 39.602083333332907 ], [ -1.527083333333707, 39.593749999999581 ] ] } },
{ "type": "Feature", "properties": { "ord": 5 }, "geometry": { "type": "LineString", "coordinates": [ [ -0.647916666667015, 39.602083333332907 ], [ -0.614583333333712, 39.572916666666252 ] ] } },
{ "type": "Feature", "properties": { "ord": 5 }, "geometry": { "type": "LineString", "coordinates": [ [ -0.614583333333712, 39.572916666666252 ], [ -0.610416666667049, 39.568749999999547 ] ] } },
{ "type": "Feature", "properties": { "ord": 6 }, "geometry": { "type": "LineString", "coordinates": [ [ -7.718750000000284, 39.602083333332907 ], [ -7.722916666666947, 39.593749999999581 ], [ -7.752083333333587, 39.589583333332932 ], [ -7.781250000000284, 39.560416666666235 ] ] } },
{ "type": "Feature", "properties": { "ord": 5 }, "geometry": { "type": "LineString", "coordinates": [ [ -1.527083333333707, 39.593749999999581 ], [ -1.502083333333672, 39.560416666666235 ] ] } },
{ "type": "Feature", "properties": { "ord": 5 }, "geometry": { "type": "LineString", "coordinates": [ [ -1.502083333333672, 39.560416666666235 ], [ -1.506250000000335, 39.552083333332924 ] ] } },
{ "type": "Feature", "properties": { "ord": 5 }, "geometry": { "type": "LineString", "coordinates": [ [ -0.610416666667049, 39.568749999999547 ], [ -0.568750000000335, 39.552083333332924 ] ] } },
{ "type": "Feature", "properties": { "ord": 6 }, "geometry": { "type": "LineString", "coordinates": [ [ -7.806250000000233, 39.543749999999555 ], [ -7.81875000000025, 39.543749999999555 ] ] } },
{ "type": "Feature", "properties": { "ord": 6 }, "geometry": { "type": "LineString", "coordinates": [ [ -7.781250000000284, 39.560416666666235 ], [ -7.806250000000233, 39.543749999999555 ] ] } },
{ "type": "Feature", "properties": { "ord": 5 }, "geometry": { "type": "LineString", "coordinates": [ [ -1.506250000000335, 39.552083333332924 ], [ -1.502083333333672, 39.543749999999555 ] ] } },
{ "type": "Feature", "properties": { "ord": 5 }, "geometry": { "type": "LineString", "coordinates": [ [ -0.568750000000335, 39.552083333332924 ], [ -0.535416666667061, 39.543749999999555 ] ] } },
{ "type": "Feature", "properties": { "ord": 6 }, "geometry": { "type": "LineString", "coordinates": [ [ -7.81875000000025, 39.543749999999555 ], [ -7.822916666666941, 39.539583333332907 ] ] } },
{ "type": "Feature", "properties": { "ord": 5 }, "geometry": { "type": "LineString", "coordinates": [ [ -0.535416666667061, 39.543749999999555 ], [ -0.497916666667066, 39.510416666666252 ], [ -0.468750000000369, 39.506249999999589 ] ] } },
{ "type": "Feature", "properties": { "ord": 6 }, "geometry": { "type": "LineString", "coordinates": [ [ -7.822916666666941, 39.539583333332907 ], [ -7.847916666666947, 39.510416666666252 ], [ -7.88125000000025, 39.493749999999572 ] ] } },
{ "type": "Feature", "properties": { "ord": 5 }, "geometry": { "type": "LineString", "coordinates": [ [ -0.468750000000369, 39.506249999999589 ], [ -0.45208333333369, 39.493749999999572 ] ] } },
{ "type": "Feature", "properties": { "ord": 5 }, "geometry": { "type": "LineString", "coordinates": [ [ -1.502083333333672, 39.543749999999555 ], [ -1.502083333333672, 39.493749999999572 ], [ -1.510416666667027, 39.485416666666261 ] ] } },
{ "type": "Feature", "properties": { "ord": 5 }, "geometry": { "type": "LineString", "coordinates": [ [ -0.45208333333369, 39.493749999999572 ], [ -0.435416666667066, 39.485416666666261 ] ] } },
{ "type": "Feature", "properties": { "ord": 6 }, "geometry": { "type": "LineString", "coordinates": [ [ -7.931250000000233, 39.485416666666261 ], [ -7.97708333333361, 39.489583333332909 ], [ -8.002083333333559, 39.481249999999598 ] ] } },
{ "type": "Feature", "properties": { "ord": 6 }, "geometry": { "type": "LineString", "coordinates": [ [ -7.88125000000025, 39.493749999999572 ], [ -7.906250000000256, 39.477083333332892 ], [ -7.931250000000233, 39.485416666666261 ] ] } },
{ "type": "Feature", "properties": { "ord": 5 }, "geometry": { "type": "LineString", "coordinates": [ [ -0.435416666667066, 39.485416666666261 ], [ -0.427083333333741, 39.477083333332892 ] ] } },
{ "type": "Feature", "properties": { "ord": 5 }, "geometry": { "type": "LineString", "coordinates": [ [ -8.352083333333582, 39.522916666666227 ], [ -8.327083333333547, 39.506249999999589 ], [ -8.343750000000256, 39.481249999999598 ], [ -8.339583333333564, 39.472916666666244 ] ] } },
{ "type": "Feature", "properties": { "ord": 6 }, "geometry": { "type": "LineString", "coordinates": [ [ -8.131250000000279, 39.481249999999598 ], [ -8.160416666666947, 39.472916666666244 ] ] } },
{ "type": "Feature", "properties": { "ord": 6 }, "geometry": { "type": "LineString", "coordinates": [ [ -8.002083333333559, 39.481249999999598 ], [ -8.010416666666913, 39.472916666666244 ] ] } },
{ "type": "Feature", "properties": { "ord": 6 }, "geometry": { "type": "LineString", "coordinates": [ [ -8.243750000000261, 39.468749999999581 ], [ -8.260416666666941, 39.477083333332892 ], [ -8.268750000000239, 39.472916666666244 ] ] } },
{ "type": "Feature", "properties": { "ord": 6 }, "geometry": { "type": "LineString", "coordinates": [ [ -8.043750000000273, 39.468749999999581 ], [ -8.052083333333599, 39.472916666666244 ] ] } },
{ "type": "Feature", "properties": { "ord": 6 }, "geometry": { "type": "LineString", "coordinates": [ [ -8.010416666666913, 39.472916666666244 ], [ -8.02291666666693, 39.481249999999598 ], [ -8.043750000000273, 39.468749999999581 ] ] } },
{ "type": "Feature", "properties": { "ord": 6 }, "geometry": { "type": "LineString", "coordinates": [ [ -8.339583333333564, 39.472916666666244 ], [ -8.343750000000256, 39.464583333332918 ] ] } },
{ "type": "Feature", "properties": { "ord": 6 }, "geometry": { "type": "LineString", "coordinates": [ [ -8.285416666666919, 39.464583333332918 ], [ -8.306250000000261, 39.464583333332918 ], [ -8.322916666666941, 39.477083333332892 ], [ -8.339583333333564, 39.472916666666244 ] ] } },
{ "type": "Feature", "properties": { "ord": 6 }, "geometry": { "type": "LineString", "coordinates": [ [ -8.268750000000239, 39.472916666666244 ], [ -8.285416666666919, 39.464583333332918 ] ] } },
{ "type": "Feature", "properties": { "ord": 6 }, "geometry": { "type": "LineString", "coordinates": [ [ -8.052083333333599, 39.472916666666244 ], [ -8.08541666666693, 39.464583333332918 ], [ -8.110416666666936, 39.481249999999598 ], [ -8.131250000000279, 39.481249999999598 ] ] } },
{ "type": "Feature", "properties": { "ord": 6 }, "geometry": { "type": "LineString", "coordinates": [ [ -8.343750000000256, 39.464583333332918 ], [ -8.39375000000021, 39.460416666666269 ] ] } },
{ "type": "Feature", "properties": { "ord": 6 }, "geometry": { "type": "LineString", "coordinates": [ [ -8.160416666666947, 39.472916666666244 ], [ -8.185416666666868, 39.460416666666269 ] ] } },
{ "type": "Feature", "properties": { "ord": 6 }, "geometry": { "type": "LineString", "coordinates": [ [ -8.39375000000021, 39.460416666666269 ], [ -8.406250000000227, 39.456249999999606 ] ] } },
{ "type": "Feature", "properties": { "ord": 6 }, "geometry": { "type": "LineString", "coordinates": [ [ -8.235416666666936, 39.456249999999606 ], [ -8.243750000000261, 39.468749999999581 ] ] } },
{ "type": "Feature", "properties": { "ord": 6 }, "geometry": { "type": "LineString", "coordinates": [ [ -8.197916666666885, 39.452083333332901 ], [ -8.235416666666936, 39.456249999999606 ] ] } },
{ "type": "Feature", "properties": { "ord": 6 }, "geometry": { "type": "LineString", "coordinates": [ [ -8.189583333333616, 39.452083333332901 ], [ -8.197916666666885, 39.452083333332901 ] ] } },
{ "type": "Feature", "properties": { "ord": 6 }, "geometry": { "type": "LineString", "coordinates": [ [ -8.185416666666868, 39.460416666666269 ], [ -8.189583333333616, 39.452083333332901 ] ] } },
{ "type": "Feature", "properties": { "ord": 5 }, "geometry": { "type": "LineString", "coordinates": [ [ -1.510416666667027, 39.485416666666261 ], [ -1.510416666667027, 39.460416666666269 ], [ -1.522916666667044, 39.452083333332901 ] ] } },
{ "type": "Feature", "properties": { "ord": 5 }, "geometry": { "type": "LineString", "coordinates": [ [ -0.427083333333741, 39.477083333332892 ], [ -0.406250000000398, 39.447916666666252 ] ] } },
{ "type": "Feature", "properties": { "ord": 5 }, "geometry": { "type": "LineString", "coordinates": [ [ -1.522916666667044, 39.452083333332901 ], [ -1.522916666667044, 39.443749999999589 ] ] } },
{ "type": "Feature", "properties": { "ord": 6 }, "geometry": { "type": "LineString", "coordinates": [ [ -8.406250000000227, 39.456249999999606 ], [ -8.435416666666924, 39.456249999999606 ], [ -8.447916666666941, 39.439583333332926 ] ] } },
{ "type": "Feature", "properties": { "ord": 5 }, "geometry": { "type": "LineString", "coordinates": [ [ -0.406250000000398, 39.447916666666252 ], [ -0.397916666667044, 39.439583333332926 ], [ -0.343750000000369, 39.427083333332909 ] ] } },
{ "type": "Feature", "properties": { "ord": 5 }, "geometry": { "type": "LineString", "coordinates": [ [ -0.343750000000369, 39.427083333332909 ], [ -0.335416666667072, 39.427083333332909 ] ] } },
{ "type": "Feature", "properties": { "ord": 6 }, "geometry": { "type": "LineString", "coordinates": [ [ -8.447916666666941, 39.439583333332926 ], [ -8.443750000000279, 39.418749999999555 ] ] } },
{ "type": "Feature", "properties": { "ord": 5 }, "geometry": { "type": "LineString", "coordinates": [ [ -1.522916666667044, 39.443749999999589 ], [ -1.502083333333672, 39.427083333332909 ], [ -1.502083333333672, 39.418749999999555 ] ] } },
{ "type": "Feature", "properties": { "ord": 5 }, "geometry": { "type": "LineString", "coordinates": [ [ -1.502083333333672, 39.418749999999555 ], [ -1.49791666666701, 39.414583333332892 ], [ -1.489583333333712, 39.422916666666246 ], [ -1.485416666667049, 39.414583333332892 ] ] } },
{ "type": "Feature", "properties": { "ord": 6 }, "geometry": { "type": "LineString", "coordinates": [ [ -8.443750000000279, 39.418749999999555 ], [ -8.447916666666941, 39.397916666666255 ] ] } },
{ "type": "Feature", "properties": { "ord": 5 }, "geometry": { "type": "LineString", "coordinates": [ [ -1.485416666667049, 39.414583333332892 ], [ -1.489583333333712, 39.406249999999581 ], [ -1.481250000000301, 39.402083333332918 ], [ -1.472916666667032, 39.410416666666229 ], [ -1.464583333333707, 39.397916666666255 ], [ -1.468750000000369, 39.389583333332943 ], [ -1.460416666667044, 39.385416666666238 ] ] } },
{ "type": "Feature", "properties": { "ord": 5 }, "geometry": { "type": "LineString", "coordinates": [ [ -1.460416666667044, 39.385416666666238 ], [ -1.45208333333369, 39.381249999999589 ] ] } },
{ "type": "Feature", "properties": { "ord": 5 }, "geometry": { "type": "LineString", "coordinates": [ [ -5.006250000000335, 39.377083333332926 ], [ -5.018750000000296, 39.368749999999572 ] ] } },
{ "type": "Feature", "properties": { "ord": 5 }, "geometry": { "type": "LineString", "coordinates": [ [ -4.98125000000033, 39.372916666666221 ], [ -4.997916666666981, 39.368749999999572 ], [ -5.006250000000335, 39.377083333332926 ] ] } },
{ "type": "Feature", "properties": { "ord": 5 }, "geometry": { "type": "LineString", "coordinates": [ [ -1.45208333333369, 39.381249999999589 ], [ -1.447916666667027, 39.368749999999572 ] ] } },
{ "type": "Feature", "properties": { "ord": 5 }, "geometry": { "type": "LineString", "coordinates": [ [ -4.947916666666998, 39.364583333332909 ], [ -4.960416666666958, 39.372916666666221 ], [ -4.98125000000033, 39.372916666666221 ] ] } },
{ "type": "Feature", "properties": { "ord": 5 }, "geometry": { "type": "LineString", "coordinates": [ [ -1.447916666667027, 39.368749999999572 ], [ -1.443750000000335, 39.364583333332909 ], [ -1.418750000000387, 39.381249999999589 ], [ -1.402083333333707, 39.368749999999572 ], [ -1.385416666667027, 39.368749999999572 ] ] } },
{ "type": "Feature", "properties": { "ord": 5 }, "geometry": { "type": "LineString", "coordinates": [ [ -4.918750000000301, 39.347916666666229 ], [ -4.947916666666998, 39.364583333332909 ] ] } },
{ "type": "Feature", "properties": { "ord": 5 }, "geometry": { "type": "LineString", "coordinates": [ [ -1.385416666667027, 39.368749999999572 ], [ -1.360416666667049, 39.347916666666229 ] ] } },
{ "type": "Feature", "properties": { "ord": 5 }, "geometry": { "type": "LineString", "coordinates": [ [ -4.914583333333667, 39.343749999999581 ], [ -4.918750000000301, 39.347916666666229 ] ] } },
{ "type": "Feature", "properties": { "ord": 5 }, "geometry": { "type": "LineString", "coordinates": [ [ -1.31041666666701, 39.343749999999581 ], [ -1.306250000000347, 39.339583333332918 ] ] } },
{ "type": "Feature", "properties": { "ord": 6 }, "geometry": { "type": "LineString", "coordinates": [ [ -8.447916666666941, 39.397916666666255 ], [ -8.522916666666873, 39.335416666666255 ] ] } },
{ "type": "Feature", "properties": { "ord": 5 }, "geometry": { "type": "LineString", "coordinates": [ [ -4.906250000000313, 39.335416666666255 ], [ -4.914583333333667, 39.343749999999581 ] ] } },
{ "type": "Feature", "properties": { "ord": 5 }, "geometry": { "type": "LineString", "coordinates": [ [ -1.360416666667049, 39.347916666666229 ], [ -1.339583333333707, 39.335416666666255 ], [ -1.31041666666701, 39.343749999999581 ] ] } },
{ "type": "Feature", "properties": { "ord": 5 }, "geometry": { "type": "LineString", "coordinates": [ [ -1.306250000000347, 39.339583333332918 ], [ -1.297916666666993, 39.331249999999606 ], [ -1.264583333333718, 39.331249999999606 ] ] } },
{ "type": "Feature", "properties": { "ord": 5 }, "geometry": { "type": "LineString", "coordinates": [ [ -1.264583333333718, 39.331249999999606 ], [ -1.235416666666993, 39.322916666666238 ] ] } },
{ "type": "Feature", "properties": { "ord": 5 }, "geometry": { "type": "LineString", "coordinates": [ [ -3.072916666666941, 39.314583333332926 ], [ -3.08958333333365, 39.327083333332901 ] ] } },
{ "type": "Feature", "properties": { "ord": 5 }, "geometry": { "type": "LineString", "coordinates": [ [ -1.235416666666993, 39.322916666666238 ], [ -1.177083333333684, 39.314583333332926 ] ] } },
{ "type": "Feature", "properties": { "ord": 5 }, "geometry": { "type": "LineString", "coordinates": [ [ -1.177083333333684, 39.314583333332926 ], [ -1.172916666667021, 39.314583333332926 ] ] } },
{ "type": "Feature", "properties": { "ord": 5 }, "geometry": { "type": "LineString", "coordinates": [ [ -3.256250000000335, 39.314583333332926 ], [ -3.281250000000284, 39.318749999999575 ], [ -3.293750000000301, 39.310416666666264 ] ] } },
{ "type": "Feature", "properties": { "ord": 5 }, "geometry": { "type": "LineString", "coordinates": [ [ -3.218750000000313, 39.306249999999558 ], [ -3.256250000000335, 39.314583333332926 ] ] } },
{ "type": "Feature", "properties": { "ord": 5 }, "geometry": { "type": "LineString", "coordinates": [ [ -3.193750000000335, 39.306249999999558 ], [ -3.218750000000313, 39.306249999999558 ] ] } },
{ "type": "Feature", "properties": { "ord": 5 }, "geometry": { "type": "LineString", "coordinates": [ [ -3.293750000000301, 39.310416666666264 ], [ -3.335416666667015, 39.302083333332909 ] ] } },
{ "type": "Feature", "properties": { "ord": 5 }, "geometry": { "type": "LineString", "coordinates": [ [ -3.08958333333365, 39.327083333332901 ], [ -3.118750000000347, 39.322916666666238 ], [ -3.156250000000313, 39.302083333332909 ], [ -3.193750000000335, 39.306249999999558 ] ] } },
{ "type": "Feature", "properties": { "ord": 5 }, "geometry": { "type": "LineString", "coordinates": [ [ -5.018750000000296, 39.368749999999572 ], [ -5.018750000000296, 39.347916666666229 ], [ -5.010416666666998, 39.335416666666255 ], [ -5.035416666666976, 39.297916666666246 ] ] } },
{ "type": "Feature", "properties": { "ord": 5 }, "geometry": { "type": "LineString", "coordinates": [ [ -3.335416666667015, 39.302083333332909 ], [ -3.347916666666947, 39.297916666666246 ], [ -3.356250000000358, 39.306249999999558 ] ] } },
{ "type": "Feature", "properties": { "ord": 6 }, "geometry": { "type": "LineString", "coordinates": [ [ -8.522916666666873, 39.335416666666255 ], [ -8.543750000000244, 39.318749999999575 ], [ -8.560416666666924, 39.318749999999575 ], [ -8.589583333333536, 39.297916666666246 ], [ -8.610416666666907, 39.293749999999584 ] ] } },
{ "type": "Feature", "properties": { "ord": 5 }, "geometry": { "type": "LineString", "coordinates": [ [ -5.035416666666976, 39.297916666666246 ], [ -5.043750000000301, 39.281249999999567 ] ] } },
{ "type": "Feature", "properties": { "ord": 5 }, "geometry": { "type": "LineString", "coordinates": [ [ -3.356250000000358, 39.306249999999558 ], [ -3.381250000000335, 39.302083333332909 ], [ -3.39791666666693, 39.272916666666255 ] ] } },
{ "type": "Feature", "properties": { "ord": 6 }, "geometry": { "type": "LineString", "coordinates": [ [ -0.914583333333695, 39.26874999999955 ], [ -0.881250000000392, 39.277083333332918 ], [ -0.856250000000358, 39.272916666666255 ], [ -0.847916666667032, 39.281249999999567 ], [ -0.827083333333718, 39.272916666666255 ] ] } },
{ "type": "Feature", "properties": { "ord": 5 }, "geometry": { "type": "LineString", "coordinates": [ [ -3.39791666666693, 39.272916666666255 ], [ -3.410416666667004, 39.260416666666238 ] ] } },
{ "type": "Feature", "properties": { "ord": 6 }, "geometry": { "type": "LineString", "coordinates": [ [ -0.827083333333718, 39.272916666666255 ], [ -0.797916666667049, 39.260416666666238 ], [ -0.789583333333695, 39.26874999999955 ] ] } },
{ "type": "Feature", "properties": { "ord": 5 }, "geometry": { "type": "LineString", "coordinates": [ [ -4.806250000000261, 39.256249999999575 ], [ -4.835416666666987, 39.260416666666238 ], [ -4.864583333333655, 39.314583333332926 ], [ -4.893750000000296, 39.322916666666238 ], [ -4.906250000000313, 39.335416666666255 ] ] } },
{ "type": "Feature", "properties": { "ord": 5 }, "geometry": { "type": "LineString", "coordinates": [ [ -3.414583333333638, 39.252083333332926 ], [ -3.418750000000358, 39.252083333332926 ] ] } },
{ "type": "Feature", "properties": { "ord": 5 }, "geometry": { "type": "LineString", "coordinates": [ [ -3.410416666667004, 39.260416666666238 ], [ -3.414583333333638, 39.252083333332926 ] ] } },
{ "type": "Feature", "properties": { "ord": 5 }, "geometry": { "type": "LineString", "coordinates": [ [ -1.172916666667021, 39.314583333332926 ], [ -1.122916666667038, 39.293749999999584 ], [ -1.093750000000341, 39.264583333332943 ], [ -1.097916666667061, 39.252083333332926 ] ] } },
{ "type": "Feature", "properties": { "ord": 5 }, "geometry": { "type": "LineString", "coordinates": [ [ -5.043750000000301, 39.281249999999567 ], [ -5.064583333333644, 39.256249999999575 ], [ -5.085416666666958, 39.247916666666264 ] ] } },
{ "type": "Feature", "properties": { "ord": 6 }, "geometry": { "type": "LineString", "coordinates": [ [ -0.972916666667004, 39.247916666666264 ], [ -0.935416666667038, 39.247916666666264 ] ] } },
{ "type": "Feature", "properties": { "ord": 6 }, "geometry": { "type": "LineString", "coordinates": [ [ -0.935416666667038, 39.247916666666264 ], [ -0.914583333333695, 39.26874999999955 ] ] } },
{ "type": "Feature", "properties": { "ord": 6 }, "geometry": { "type": "LineString", "coordinates": [ [ -0.789583333333695, 39.26874999999955 ], [ -0.764583333333661, 39.247916666666264 ] ] } },
{ "type": "Feature", "properties": { "ord": 5 }, "geometry": { "type": "LineString", "coordinates": [ [ -3.418750000000358, 39.252083333332926 ], [ -3.443750000000335, 39.239583333332909 ] ] } },
{ "type": "Feature", "properties": { "ord": 6 }, "geometry": { "type": "LineString", "coordinates": [ [ -8.610416666666907, 39.293749999999584 ], [ -8.622916666666924, 39.281249999999567 ], [ -8.627083333333587, 39.247916666666264 ], [ -8.664583333333553, 39.235416666666246 ] ] } },
{ "type": "Feature", "properties": { "ord": 5 }, "geometry": { "type": "LineString", "coordinates": [ [ -1.052083333333684, 39.235416666666246 ], [ -1.047916666667021, 39.235416666666246 ] ] } },
{ "type": "Feature", "properties": { "ord": 6 }, "geometry": { "type": "LineString", "coordinates": [ [ -1.047916666667021, 39.235416666666246 ], [ -1.010416666667055, 39.235416666666246 ] ] } },
{ "type": "Feature", "properties": { "ord": 6 }, "geometry": { "type": "LineString", "coordinates": [ [ -1.010416666667055, 39.235416666666246 ], [ -0.981250000000358, 39.235416666666246 ], [ -0.972916666667004, 39.247916666666264 ] ] } },
{ "type": "Feature", "properties": { "ord": 5 }, "geometry": { "type": "LineString", "coordinates": [ [ -3.443750000000335, 39.239583333332909 ], [ -3.485416666667021, 39.231249999999584 ] ] } },
{ "type": "Feature", "properties": { "ord": 5 }, "geometry": { "type": "LineString", "coordinates": [ [ -1.097916666667061, 39.252083333332926 ], [ -1.072916666667055, 39.231249999999584 ], [ -1.052083333333684, 39.235416666666246 ] ] } },
{ "type": "Feature", "properties": { "ord": 6 }, "geometry": { "type": "LineString", "coordinates": [ [ -0.764583333333661, 39.247916666666264 ], [ -0.727083333333724, 39.231249999999584 ] ] } },
{ "type": "Feature", "properties": { "ord": 5 }, "geometry": { "type": "LineString", "coordinates": [ [ -3.485416666667021, 39.231249999999584 ], [ -3.497916666666981, 39.227083333332935 ] ] } },
{ "type": "Feature", "properties": { "ord": 5 }, "geometry": { "type": "LineString", "coordinates": [ [ -3.497916666666981, 39.227083333332935 ], [ -3.531250000000341, 39.214583333332904 ] ] } },
{ "type": "Feature", "properties": { "ord": 5 }, "geometry": { "type": "LineString", "coordinates": [ [ -3.531250000000341, 39.214583333332904 ], [ -3.539583333333667, 39.210416666666255 ] ] } },
{ "type": "Feature", "properties": { "ord": 5 }, "geometry": { "type": "LineString", "coordinates": [ [ -3.539583333333667, 39.210416666666255 ], [ -3.560416666666981, 39.206249999999592 ] ] } },
{ "type": "Feature", "properties": { "ord": 5 }, "geometry": { "type": "LineString", "coordinates": [ [ -5.156250000000284, 39.202083333332887 ], [ -5.164583333333638, 39.202083333332887 ] ] } },
{ "type": "Feature", "properties": { "ord": 5 }, "geometry": { "type": "LineString", "coordinates": [ [ -5.085416666666958, 39.247916666666264 ], [ -5.143750000000324, 39.218749999999567 ], [ -5.156250000000284, 39.202083333332887 ] ] } },
{ "type": "Feature", "properties": { "ord": 6 }, "geometry": { "type": "LineString", "coordinates": [ [ -1.360416666667049, 39.202083333332887 ], [ -1.297916666666993, 39.206249999999592 ] ] } },
{ "type": "Feature", "properties": { "ord": 6 }, "geometry": { "type": "LineString", "coordinates": [ [ -1.056250000000375, 39.202083333332887 ], [ -1.056250000000375, 39.222916666666229 ], [ -1.047916666667021, 39.235416666666246 ] ] } },
{ "type": "Feature", "properties": { "ord": 6 }, "geometry": { "type": "LineString", "coordinates": [ [ -1.297916666666993, 39.206249999999592 ], [ -1.243750000000347, 39.210416666666255 ], [ -1.206250000000381, 39.197916666666238 ], [ -1.172916666667021, 39.197916666666238 ] ] } },
{ "type": "Feature", "properties": { "ord": 6 }, "geometry": { "type": "LineString", "coordinates": [ [ -1.081250000000381, 39.197916666666238 ], [ -1.064583333333701, 39.206249999999592 ], [ -1.056250000000375, 39.202083333332887 ] ] } },
{ "type": "Feature", "properties": { "ord": 6 }, "geometry": { "type": "LineString", "coordinates": [ [ -0.406250000000398, 39.202083333332887 ], [ -0.381250000000364, 39.197916666666238 ], [ -0.364583333333741, 39.206249999999592 ] ] } },
{ "type": "Feature", "properties": { "ord": 5 }, "geometry": { "type": "LineString", "coordinates": [ [ -5.164583333333638, 39.202083333332887 ], [ -5.177083333333655, 39.193749999999575 ] ] } },
{ "type": "Feature", "properties": { "ord": 5 }, "geometry": { "type": "LineString", "coordinates": [ [ -4.677083333333599, 39.193749999999575 ], [ -4.727083333333638, 39.222916666666229 ], [ -4.785416666666976, 39.243749999999558 ], [ -4.793750000000244, 39.256249999999575 ], [ -4.806250000000261, 39.256249999999575 ] ] } },
{ "type": "Feature", "properties": { "ord": 6 }, "geometry": { "type": "LineString", "coordinates": [ [ -1.422916666666993, 39.197916666666238 ], [ -1.418750000000387, 39.193749999999575 ] ] } },
{ "type": "Feature", "properties": { "ord": 6 }, "geometry": { "type": "LineString", "coordinates": [ [ -1.418750000000387, 39.193749999999575 ], [ -1.360416666667049, 39.202083333332887 ] ] } },
{ "type": "Feature", "properties": { "ord": 6 }, "geometry": { "type": "LineString", "coordinates": [ [ -1.172916666667021, 39.197916666666238 ], [ -1.135416666667055, 39.193749999999575 ], [ -1.114583333333684, 39.202083333332887 ], [ -1.093750000000341, 39.197916666666238 ], [ -1.085416666667044, 39.206249999999592 ], [ -1.081250000000381, 39.197916666666238 ] ] } },
{ "type": "Feature", "properties": { "ord": 6 }, "geometry": { "type": "LineString", "coordinates": [ [ -1.468750000000369, 39.189583333332912 ], [ -1.439583333333672, 39.189583333332912 ], [ -1.422916666666993, 39.197916666666238 ] ] } },
{ "type": "Feature", "properties": { "ord": 5 }, "geometry": { "type": "LineString", "coordinates": [ [ -4.668750000000273, 39.185416666666264 ], [ -4.677083333333599, 39.193749999999575 ] ] } },
{ "type": "Feature", "properties": { "ord": 6 }, "geometry": { "type": "LineString", "coordinates": [ [ -0.364583333333741, 39.206249999999592 ], [ -0.322916666667055, 39.206249999999592 ], [ -0.310416666667038, 39.181249999999601 ] ] } },
{ "type": "Feature", "properties": { "ord": 6 }, "geometry": { "type": "LineString", "coordinates": [ [ -1.489583333333712, 39.177083333332895 ], [ -1.468750000000369, 39.189583333332912 ] ] } },
{ "type": "Feature", "properties": { "ord": 6 }, "geometry": { "type": "LineString", "coordinates": [ [ -0.422916666667049, 39.177083333332895 ], [ -0.406250000000398, 39.202083333332887 ] ] } },
{ "type": "Feature", "properties": { "ord": 5 }, "geometry": { "type": "LineString", "coordinates": [ [ -3.560416666666981, 39.206249999999592 ], [ -3.581250000000324, 39.197916666666238 ], [ -3.631250000000307, 39.197916666666238 ], [ -3.652083333333678, 39.181249999999601 ], [ -3.656250000000341, 39.185416666666264 ], [ -3.685416666666953, 39.172916666666246 ] ] } },
{ "type": "Feature", "properties": { "ord": 6 }, "geometry": { "type": "LineString", "coordinates": [ [ -1.527083333333707, 39.177083333332895 ], [ -1.489583333333712, 39.177083333332895 ] ] } },
{ "type": "Feature", "properties": { "ord": 6 }, "geometry": { "type": "LineString", "coordinates": [ [ -0.310416666667038, 39.181249999999601 ], [ -0.306250000000404, 39.172916666666246 ] ] } },
{ "type": "Feature", "properties": { "ord": 6 }, "geometry": { "type": "LineString", "coordinates": [ [ -0.306250000000404, 39.172916666666246 ], [ -0.289583333333724, 39.164583333332878 ] ] } },
{ "type": "Feature", "properties": { "ord": 6 }, "geometry": { "type": "LineString", "coordinates": [ [ -0.289583333333724, 39.164583333332878 ], [ -0.281250000000398, 39.181249999999601 ], [ -0.268750000000381, 39.172916666666246 ] ] } },
{ "type": "Feature", "properties": { "ord": 6 }, "geometry": { "type": "LineString", "coordinates": [ [ -0.439583333333672, 39.160416666666272 ], [ -0.422916666667049, 39.177083333332895 ] ] } },
{ "type": "Feature", "properties": { "ord": 5 }, "geometry": { "type": "LineString", "coordinates": [ [ -5.177083333333655, 39.193749999999575 ], [ -5.189583333333644, 39.156249999999567 ] ] } },
{ "type": "Feature", "properties": { "ord": 5 }, "geometry": { "type": "LineString", "coordinates": [ [ -1.635416666667055, 39.156249999999567 ], [ -1.610416666667049, 39.160416666666272 ] ] } },
{ "type": "Feature", "properties": { "ord": 5 }, "geometry": { "type": "LineString", "coordinates": [ [ -1.610416666667049, 39.160416666666272 ], [ -1.606250000000358, 39.164583333332878 ], [ -1.593750000000369, 39.156249999999567 ] ] } },
{ "type": "Feature", "properties": { "ord": 6 }, "geometry": { "type": "LineString", "coordinates": [ [ -1.593750000000369, 39.156249999999567 ], [ -1.572916666666998, 39.156249999999567 ], [ -1.527083333333707, 39.177083333332895 ] ] } },
{ "type": "Feature", "properties": { "ord": 6 }, "geometry": { "type": "LineString", "coordinates": [ [ -0.268750000000381, 39.172916666666246 ], [ -0.239583333333741, 39.156249999999567 ] ] } },
{ "type": "Feature", "properties": { "ord": 5 }, "geometry": { "type": "LineString", "coordinates": [ [ -4.647916666666987, 39.152083333332904 ], [ -4.647916666666987, 39.168749999999584 ], [ -4.668750000000273, 39.185416666666264 ] ] } },
{ "type": "Feature", "properties": { "ord": 5 }, "geometry": { "type": "LineString", "coordinates": [ [ -5.189583333333644, 39.156249999999567 ], [ -5.185416666666981, 39.147916666666255 ] ] } },
{ "type": "Feature", "properties": { "ord": 5 }, "geometry": { "type": "LineString", "coordinates": [ [ -1.652083333333678, 39.147916666666255 ], [ -1.635416666667055, 39.156249999999567 ] ] } },
{ "type": "Feature", "properties": { "ord": 6 }, "geometry": { "type": "LineString", "coordinates": [ [ -0.727083333333724, 39.231249999999584 ], [ -0.70208333333369, 39.210416666666255 ], [ -0.70208333333369, 39.197916666666238 ], [ -0.681250000000375, 39.177083333332895 ], [ -0.668750000000387, 39.147916666666255 ] ] } },
{ "type": "Feature", "properties": { "ord": 6 }, "geometry": { "type": "LineString", "coordinates": [ [ -0.447916666667027, 39.147916666666255 ], [ -0.439583333333672, 39.160416666666272 ] ] } },
{ "type": "Feature", "properties": { "ord": 6 }, "geometry": { "type": "LineString", "coordinates": [ [ -8.664583333333553, 39.235416666666246 ], [ -8.681250000000233, 39.210416666666255 ], [ -8.681250000000233, 39.181249999999601 ], [ -8.706250000000267, 39.139583333332929 ] ] } },
{ "type": "Feature", "properties": { "ord": 5 }, "geometry": { "type": "LineString", "coordinates": [ [ -1.702083333333661, 39.152083333332904 ], [ -1.685416666667038, 39.152083333332904 ], [ -1.677083333333627, 39.139583333332929 ], [ -1.664583333333695, 39.152083333332904 ], [ -1.652083333333678, 39.147916666666255 ] ] } },
{ "type": "Feature", "properties": { "ord": 5 }, "geometry": { "type": "LineString", "coordinates": [ [ -5.185416666666981, 39.147916666666255 ], [ -5.185416666666981, 39.135416666666281 ] ] } },
{ "type": "Feature", "properties": { "ord": 5 }, "geometry": { "type": "LineString", "coordinates": [ [ -4.660416666667004, 39.135416666666281 ], [ -4.647916666666987, 39.152083333332904 ] ] } },
{ "type": "Feature", "properties": { "ord": 5 }, "geometry": { "type": "LineString", "coordinates": [ [ -3.685416666666953, 39.172916666666246 ], [ -3.685416666666953, 39.160416666666272 ], [ -3.710416666666987, 39.135416666666281 ] ] } },
{ "type": "Feature", "properties": { "ord": 6 }, "geometry": { "type": "LineString", "coordinates": [ [ -0.45208333333369, 39.135416666666281 ], [ -0.447916666667027, 39.147916666666255 ] ] } },
{ "type": "Feature", "properties": { "ord": 5 }, "geometry": { "type": "LineString", "coordinates": [ [ -3.710416666666987, 39.135416666666281 ], [ -3.71458333333365, 39.131249999999575 ] ] } },
{ "type": "Feature", "properties": { "ord": 5 }, "geometry": { "type": "LineString", "coordinates": [ [ -5.185416666666981, 39.135416666666281 ], [ -5.218750000000284, 39.135416666666281 ], [ -5.222916666666947, 39.127083333332912 ] ] } },
{ "type": "Feature", "properties": { "ord": 5 }, "geometry": { "type": "LineString", "coordinates": [ [ -3.71458333333365, 39.131249999999575 ], [ -3.743750000000347, 39.122916666666264 ] ] } },
{ "type": "Feature", "properties": { "ord": 5 }, "geometry": { "type": "LineString", "coordinates": [ [ -1.635416666667055, 39.122916666666264 ], [ -1.602083333333695, 39.139583333332929 ], [ -1.593750000000369, 39.156249999999567 ] ] } },
{ "type": "Feature", "properties": { "ord": 5 }, "geometry": { "type": "LineString", "coordinates": [ [ -4.627083333333644, 39.114583333332938 ], [ -4.660416666667004, 39.135416666666281 ] ] } },
{ "type": "Feature", "properties": { "ord": 5 }, "geometry": { "type": "LineString", "coordinates": [ [ -3.743750000000347, 39.122916666666264 ], [ -3.764583333333633, 39.114583333332938 ] ] } },
{ "type": "Feature", "properties": { "ord": 6 }, "geometry": { "type": "LineString", "coordinates": [ [ -8.706250000000267, 39.139583333332929 ], [ -8.72291666666689, 39.110416666666232 ] ] } },
{ "type": "Feature", "properties": { "ord": 5 }, "geometry": { "type": "LineString", "coordinates": [ [ -5.222916666666947, 39.127083333332912 ], [ -5.264583333333661, 39.110416666666232 ] ] } },
{ "type": "Feature", "properties": { "ord": 5 }, "geometry": { "type": "LineString", "coordinates": [ [ -1.660416666667032, 39.106249999999584 ], [ -1.635416666667055, 39.122916666666264 ] ] } },
{ "type": "Feature", "properties": { "ord": 5 }, "geometry": { "type": "LineString", "coordinates": [ [ -5.264583333333661, 39.110416666666232 ], [ -5.277083333333593, 39.102083333332921 ] ] } },
{ "type": "Feature", "properties": { "ord": 5 }, "geometry": { "type": "LineString", "coordinates": [ [ -4.614583333333627, 39.102083333332921 ], [ -4.627083333333644, 39.114583333332938 ] ] } },
{ "type": "Feature", "properties": { "ord": 5 }, "geometry": { "type": "LineString", "coordinates": [ [ -3.764583333333633, 39.114583333332938 ], [ -3.785416666667004, 39.102083333332921 ], [ -3.802083333333684, 39.106249999999584 ] ] } },
{ "type": "Feature", "properties": { "ord": 6 }, "geometry": { "type": "LineString", "coordinates": [ [ -0.518750000000381, 39.102083333332921 ], [ -0.502083333333672, 39.110416666666232 ], [ -0.493750000000404, 39.127083333332912 ], [ -0.45208333333369, 39.135416666666281 ] ] } },
{ "type": "Feature", "properties": { "ord": 5 }, "geometry": { "type": "LineString", "coordinates": [ [ -4.585416666666987, 39.097916666666215 ], [ -4.593750000000313, 39.102083333332921 ], [ -4.60625000000033, 39.093749999999567 ], [ -4.614583333333627, 39.102083333332921 ] ] } },
{ "type": "Feature", "properties": { "ord": 6 }, "geometry": { "type": "LineString", "coordinates": [ [ -0.531250000000398, 39.089583333332904 ], [ -0.518750000000381, 39.102083333332921 ] ] } },
{ "type": "Feature", "properties": { "ord": 5 }, "geometry": { "type": "LineString", "coordinates": [ [ -1.668750000000387, 39.085416666666241 ], [ -1.660416666667032, 39.106249999999584 ] ] } },
{ "type": "Feature", "properties": { "ord": 5 }, "geometry": { "type": "LineString", "coordinates": [ [ -5.277083333333593, 39.102083333332921 ], [ -5.293750000000301, 39.097916666666215 ], [ -5.314583333333644, 39.077083333332929 ] ] } },
{ "type": "Feature", "properties": { "ord": 5 }, "geometry": { "type": "LineString", "coordinates": [ [ -1.706250000000352, 39.077083333332929 ], [ -1.668750000000387, 39.085416666666241 ] ] } },
{ "type": "Feature", "properties": { "ord": 6 }, "geometry": { "type": "LineString", "coordinates": [ [ -0.581250000000352, 39.077083333332929 ], [ -0.560416666667066, 39.085416666666241 ], [ -0.539583333333724, 39.077083333332929 ], [ -0.531250000000398, 39.089583333332904 ] ] } },
{ "type": "Feature", "properties": { "ord": 5 }, "geometry": { "type": "LineString", "coordinates": [ [ -4.568750000000307, 39.072916666666224 ], [ -4.58958333333365, 39.093749999999567 ], [ -4.585416666666987, 39.097916666666215 ] ] } },
{ "type": "Feature", "properties": { "ord": 5 }, "geometry": { "type": "LineString", "coordinates": [ [ -3.802083333333684, 39.106249999999584 ], [ -3.835416666666987, 39.077083333332929 ], [ -3.852083333333667, 39.072916666666224 ] ] } },
{ "type": "Feature", "properties": { "ord": 5 }, "geometry": { "type": "LineString", "coordinates": [ [ -3.968750000000313, 39.064583333332912 ], [ -3.985416666666993, 39.064583333332912 ] ] } },
{ "type": "Feature", "properties": { "ord": 6 }, "geometry": { "type": "LineString", "coordinates": [ [ -0.668750000000387, 39.147916666666255 ], [ -0.622916666667066, 39.097916666666215 ], [ -0.622916666667066, 39.089583333332904 ], [ -0.597916666667061, 39.081249999999592 ], [ -0.593750000000369, 39.064583333332912 ], [ -0.581250000000352, 39.077083333332929 ] ] } },
{ "type": "Feature", "properties": { "ord": 5 }, "geometry": { "type": "LineString", "coordinates": [ [ -3.931250000000347, 39.060416666666249 ], [ -3.968750000000313, 39.064583333332912 ] ] } },
{ "type": "Feature", "properties": { "ord": 5 }, "geometry": { "type": "LineString", "coordinates": [ [ -3.852083333333667, 39.072916666666224 ], [ -3.906250000000313, 39.060416666666249 ] ] } },
{ "type": "Feature", "properties": { "ord": 5 }, "geometry": { "type": "LineString", "coordinates": [ [ -3.906250000000313, 39.060416666666249 ], [ -3.931250000000347, 39.060416666666249 ] ] } },
{ "type": "Feature", "properties": { "ord": 5 }, "geometry": { "type": "LineString", "coordinates": [ [ -5.314583333333644, 39.077083333332929 ], [ -5.33958333333365, 39.068749999999575 ], [ -5.347916666666947, 39.052083333332938 ] ] } },
{ "type": "Feature", "properties": { "ord": 5 }, "geometry": { "type": "LineString", "coordinates": [ [ -3.985416666666993, 39.064583333332912 ], [ -4.002083333333616, 39.052083333332938 ] ] } },
{ "type": "Feature", "properties": { "ord": 5 }, "geometry": { "type": "LineString", "coordinates": [ [ -1.777083333333678, 39.039583333332921 ], [ -1.768750000000324, 39.039583333332921 ], [ -1.739583333333712, 39.072916666666224 ], [ -1.706250000000352, 39.077083333332929 ] ] } },
{ "type": "Feature", "properties": { "ord": 6 }, "geometry": { "type": "LineString", "coordinates": [ [ -8.72291666666689, 39.110416666666232 ], [ -8.73958333333357, 39.102083333332921 ], [ -8.764583333333576, 39.064583333332912 ], [ -8.797916666666879, 39.056249999999601 ], [ -8.810416666666896, 39.035416666666258 ] ] } },
{ "type": "Feature", "properties": { "ord": 5 }, "geometry": { "type": "LineString", "coordinates": [ [ -4.002083333333616, 39.052083333332938 ], [ -4.035416666666976, 39.035416666666258 ] ] } },
{ "type": "Feature", "properties": { "ord": 6 }, "geometry": { "type": "LineString", "coordinates": [ [ -8.868750000000233, 39.031249999999609 ], [ -8.89791666666693, 39.031249999999609 ] ] } },
{ "type": "Feature", "properties": { "ord": 5 }, "geometry": { "type": "LineString", "coordinates": [ [ -5.347916666666947, 39.052083333332938 ], [ -5.36875000000029, 39.052083333332938 ], [ -5.397916666666987, 39.031249999999609 ] ] } },
{ "type": "Feature", "properties": { "ord": 6 }, "geometry": { "type": "LineString", "coordinates": [ [ -8.810416666666896, 39.035416666666258 ], [ -8.822916666666913, 39.027083333332904 ], [ -8.868750000000233, 39.031249999999609 ] ] } },
{ "type": "Feature", "properties": { "ord": 5 }, "geometry": { "type": "LineString", "coordinates": [ [ -1.793750000000358, 39.022916666666241 ], [ -1.785416666667032, 39.039583333332921 ], [ -1.777083333333678, 39.039583333332921 ] ] } },
{ "type": "Feature", "properties": { "ord": 5 }, "geometry": { "type": "LineString", "coordinates": [ [ -4.489583333333627, 39.018749999999578 ], [ -4.506250000000307, 39.031249999999609 ], [ -4.506250000000307, 39.043749999999584 ], [ -4.531250000000313, 39.035416666666258 ], [ -4.54375000000033, 39.060416666666249 ], [ -4.560416666666953, 39.043749999999584 ], [ -4.57291666666697, 39.056249999999601 ], [ -4.568750000000307, 39.072916666666224 ] ] } },
{ "type": "Feature", "properties": { "ord": 5 }, "geometry": { "type": "LineString", "coordinates": [ [ -1.810416666667038, 39.018749999999578 ], [ -1.793750000000358, 39.022916666666241 ] ] } },
{ "type": "Feature", "properties": { "ord": 6 }, "geometry": { "type": "MultiLineString", "coordinates": [ [ [ -8.89791666666693, 39.031249999999609 ], [ -8.898285429213601, 39.031249999999609 ] ], [ [ -8.925045511831074, 39.016621154835391 ], [ -8.927083333333542, 39.014583333332929 ] ] ] } },
{ "type": "Feature", "properties": { "ord": 5 }, "geometry": { "type": "LineString", "coordinates": [ [ -5.418750000000273, 39.010416666666266 ], [ -5.447916666666998, 39.010416666666266 ] ] } },
{ "type": "Feature", "properties": { "ord": 5 }, "geometry": { "type": "LineString", "coordinates": [ [ -5.397916666666987, 39.031249999999609 ], [ -5.418750000000273, 39.010416666666266 ] ] } },
{ "type": "Feature", "properties": { "ord": 5 }, "geometry": { "type": "LineString", "coordinates": [ [ -4.035416666666976, 39.035416666666258 ], [ -4.04375000000033, 39.010416666666266 ] ] } },
{ "type": "Feature", "properties": { "ord": 5 }, "geometry": { "type": "LineString", "coordinates": [ [ -5.614583333333599, 39.006249999999561 ], [ -5.647916666666958, 39.018749999999578 ], [ -5.71458333333365, 39.006249999999561 ], [ -5.731250000000301, 39.018749999999578 ], [ -5.768750000000296, 39.018749999999578 ], [ -5.77708333333365, 39.010416666666266 ] ] } },
{ "type": "Feature", "properties": { "ord": 5 }, "geometry": { "type": "LineString", "coordinates": [ [ -1.856250000000358, 39.010416666666266 ], [ -1.843750000000341, 39.006249999999561 ] ] } },
{ "type": "Feature", "properties": { "ord": 5 }, "geometry": { "type": "LineString", "coordinates": [ [ -1.843750000000341, 39.006249999999561 ], [ -1.810416666667038, 39.018749999999578 ] ] } },
{ "type": "Feature", "properties": { "ord": 6 }, "geometry": { "type": "LineString", "coordinates": [ [ -8.927083333333542, 39.014583333332929 ], [ -8.935416666666896, 39.002083333332912 ] ] } },
{ "type": "Feature", "properties": { "ord": 6 }, "geometry": { "type": "LineString", "coordinates": [ [ -5.77708333333365, 39.010416666666266 ], [ -5.827083333333633, 39.027083333332904 ], [ -5.86458333333357, 39.002083333332912 ] ] } },
{ "type": "Feature", "properties": { "ord": 5 }, "geometry": { "type": "LineString", "coordinates": [ [ -5.472916666666919, 39.002083333332912 ], [ -5.489583333333627, 39.002083333332912 ] ] } },
{ "type": "Feature", "properties": { "ord": 5 }, "geometry": { "type": "LineString", "coordinates": [ [ -5.447916666666998, 39.010416666666266 ], [ -5.472916666666919, 39.002083333332912 ] ] } },
{ "type": "Feature", "properties": { "ord": 5 }, "geometry": { "type": "LineString", "coordinates": [ [ -2.002083333333701, 39.014583333332929 ], [ -1.960416666667044, 39.002083333332912 ] ] } },
{ "type": "Feature", "properties": { "ord": 5 }, "geometry": { "type": "LineString", "coordinates": [ [ -1.881250000000364, 39.002083333332912 ], [ -1.856250000000358, 39.010416666666266 ] ] } },
{ "type": "Feature", "properties": { "ord": 5 }, "geometry": { "type": "LineString", "coordinates": [ [ -5.756250000000279, 38.997916666666249 ], [ -5.77708333333365, 39.010416666666266 ] ] } },
{ "type": "Feature", "properties": { "ord": 5 }, "geometry": { "type": "LineString", "coordinates": [ [ -4.472916666667004, 38.997916666666249 ], [ -4.489583333333627, 39.018749999999578 ] ] } },
{ "type": "Feature", "properties": { "ord": 5 }, "geometry": { "type": "LineString", "coordinates": [ [ -4.452083333333661, 39.006249999999561 ], [ -4.472916666667004, 38.997916666666249 ] ] } },
{ "type": "Feature", "properties": { "ord": 5 }, "geometry": { "type": "LineString", "coordinates": [ [ -4.04375000000033, 39.010416666666266 ], [ -4.031250000000313, 38.997916666666249 ] ] } },
{ "type": "Feature", "properties": { "ord": 6 }, "geometry": { "type": "LineString", "coordinates": [ [ -5.86458333333357, 39.002083333332912 ], [ -5.897916666666958, 39.002083333332912 ], [ -5.906250000000313, 38.993749999999586 ] ] } },
{ "type": "Feature", "properties": { "ord": 6 }, "geometry": { "type": "LineString", "coordinates": [ [ -5.906250000000313, 38.993749999999586 ], [ -5.910416666666976, 38.997916666666249 ], [ -5.918750000000301, 38.989583333332938 ] ] } },
{ "type": "Feature", "properties": { "ord": 5 }, "geometry": { "type": "LineString", "coordinates": [ [ -5.660416666666976, 38.989583333332938 ], [ -5.69791666666697, 38.993749999999586 ], [ -5.718750000000313, 38.985416666666275 ], [ -5.756250000000279, 38.997916666666249 ] ] } },
{ "type": "Feature", "properties": { "ord": 5 }, "geometry": { "type": "LineString", "coordinates": [ [ -1.960416666667044, 39.002083333332912 ], [ -1.927083333333684, 38.985416666666275 ] ] } },
{ "type": "Feature", "properties": { "ord": 5 }, "geometry": { "type": "LineString", "coordinates": [ [ -1.927083333333684, 38.985416666666275 ], [ -1.918750000000358, 38.985416666666275 ] ] } },
{ "type": "Feature", "properties": { "ord": 5 }, "geometry": { "type": "LineString", "coordinates": [ [ -1.918750000000358, 38.985416666666275 ], [ -1.881250000000364, 39.002083333332912 ] ] } },
{ "type": "Feature", "properties": { "ord": 5 }, "geometry": { "type": "LineString", "coordinates": [ [ -5.543750000000273, 38.981249999999569 ], [ -5.560416666666953, 38.989583333332938 ], [ -5.58958333333365, 38.989583333332938 ], [ -5.614583333333599, 39.006249999999561 ] ] } },
{ "type": "Feature", "properties": { "ord": 5 }, "geometry": { "type": "LineString", "coordinates": [ [ -5.489583333333627, 39.002083333332912 ], [ -5.543750000000273, 38.981249999999569 ] ] } },
{ "type": "Feature", "properties": { "ord": 5 }, "geometry": { "type": "LineString", "coordinates": [ [ -4.35208333333361, 38.981249999999569 ], [ -4.381250000000335, 38.985416666666275 ] ] } },
{ "type": "Feature", "properties": { "ord": 5 }, "geometry": { "type": "LineString", "coordinates": [ [ -4.322916666666998, 38.985416666666275 ], [ -4.335416666666987, 38.993749999999586 ], [ -4.35208333333361, 38.981249999999569 ] ] } },
{ "type": "Feature", "properties": { "ord": 5 }, "geometry": { "type": "LineString", "coordinates": [ [ -4.289583333333638, 38.981249999999569 ], [ -4.322916666666998, 38.985416666666275 ] ] } },
{ "type": "Feature", "properties": { "ord": 5 }, "geometry": { "type": "LineString", "coordinates": [ [ -8.781250000000256, 38.977083333332921 ], [ -8.80208333333357, 38.989583333332938 ] ] } },
{ "type": "Feature", "properties": { "ord": 6 }, "geometry": { "type": "LineString", "coordinates": [ [ -5.918750000000301, 38.989583333332938 ], [ -5.931250000000261, 38.977083333332921 ] ] } },
{ "type": "Feature", "properties": { "ord": 6 }, "geometry": { "type": "LineString", "coordinates": [ [ -5.931250000000261, 38.977083333332921 ], [ -5.952083333333604, 38.972916666666258 ] ] } },
{ "type": "Feature", "properties": { "ord": 5 }, "geometry": { "type": "LineString", "coordinates": [ [ -4.427083333333627, 38.972916666666258 ], [ -4.435416666666981, 38.981249999999569 ], [ -4.422916666666964, 39.002083333332912 ], [ -4.431250000000318, 39.006249999999561 ], [ -4.443750000000335, 38.993749999999586 ], [ -4.452083333333661, 39.006249999999561 ] ] } },
{ "type": "Feature", "properties": { "ord": 5 }, "geometry": { "type": "LineString", "coordinates": [ [ -4.381250000000335, 38.985416666666275 ], [ -4.427083333333627, 38.972916666666258 ] ] } },
{ "type": "Feature", "properties": { "ord": 5 }, "geometry": { "type": "LineString", "coordinates": [ [ -5.61875000000029, 38.968749999999552 ], [ -5.627083333333616, 38.968749999999552 ], [ -5.639583333333633, 38.985416666666275 ], [ -5.660416666666976, 38.989583333332938 ] ] } },
{ "type": "Feature", "properties": { "ord": 6 }, "geometry": { "type": "LineString", "coordinates": [ [ -5.952083333333604, 38.972916666666258 ], [ -5.977083333333638, 38.960416666666241 ] ] } },
{ "type": "Feature", "properties": { "ord": 5 }, "geometry": { "type": "LineString", "coordinates": [ [ -4.264583333333661, 38.960416666666241 ], [ -4.27291666666693, 38.960416666666241 ], [ -4.289583333333638, 38.981249999999569 ] ] } },
{ "type": "Feature", "properties": { "ord": 5 }, "geometry": { "type": "LineString", "coordinates": [ [ -8.47291666666689, 38.977083333332921 ], [ -8.50625000000025, 38.952083333332929 ] ] } },
{ "type": "Feature", "properties": { "ord": 5 }, "geometry": { "type": "LineString", "coordinates": [ [ -8.50625000000025, 38.952083333332929 ], [ -8.510416666666941, 38.947916666666266 ] ] } },
{ "type": "Feature", "properties": { "ord": 6 }, "geometry": { "type": "LineString", "coordinates": [ [ -6.106250000000301, 38.956249999999578 ], [ -6.131250000000307, 38.947916666666266 ], [ -6.143750000000267, 38.952083333332929 ] ] } },
{ "type": "Feature", "properties": { "ord": 6 }, "geometry": { "type": "LineString", "coordinates": [ [ -6.064583333333644, 38.943749999999604 ], [ -6.106250000000301, 38.956249999999578 ] ] } },
{ "type": "Feature", "properties": { "ord": 5 }, "geometry": { "type": "LineString", "coordinates": [ [ -4.231250000000301, 38.943749999999604 ], [ -4.239583333333655, 38.956249999999578 ], [ -4.256250000000335, 38.952083333332929 ], [ -4.264583333333661, 38.960416666666241 ] ] } },
{ "type": "Feature", "properties": { "ord": 5 }, "geometry": { "type": "LineString", "coordinates": [ [ -4.031250000000313, 38.997916666666249 ], [ -4.014583333333633, 38.972916666666258 ], [ -4.022916666667015, 38.952083333332929 ], [ -4.018750000000296, 38.943749999999604 ] ] } },
{ "type": "Feature", "properties": { "ord": 6 }, "geometry": { "type": "LineString", "coordinates": [ [ -8.935416666666896, 39.002083333332912 ], [ -8.939583333333559, 38.985416666666275 ], [ -8.978339777535659, 38.954993555797493 ] ] } },
{ "type": "Feature", "properties": { "ord": 5 }, "geometry": { "type": "LineString", "coordinates": [ [ -8.552083333333599, 38.935416666666249 ], [ -8.610416666666907, 38.935416666666249 ], [ -8.618750000000261, 38.943749999999604 ], [ -8.656250000000199, 38.939583333332912 ], [ -8.664583333333553, 38.947916666666266 ], [ -8.77291666666693, 38.968749999999552 ], [ -8.781250000000256, 38.977083333332921 ] ] } },
{ "type": "Feature", "properties": { "ord": 5 }, "geometry": { "type": "LineString", "coordinates": [ [ -8.547916666666907, 38.935416666666249 ], [ -8.552083333333599, 38.935416666666249 ] ] } },
{ "type": "Feature", "properties": { "ord": 5 }, "geometry": { "type": "LineString", "coordinates": [ [ -8.510416666666941, 38.947916666666266 ], [ -8.539583333333582, 38.943749999999604 ], [ -8.547916666666907, 38.935416666666249 ] ] } },
{ "type": "Feature", "properties": { "ord": 6 }, "geometry": { "type": "LineString", "coordinates": [ [ -6.002083333333587, 38.935416666666249 ], [ -6.022916666666958, 38.952083333332929 ], [ -6.064583333333644, 38.943749999999604 ] ] } },
{ "type": "Feature", "properties": { "ord": 6 }, "geometry": { "type": "LineString", "coordinates": [ [ -5.997916666666981, 38.935416666666249 ], [ -6.002083333333587, 38.935416666666249 ] ] } },
{ "type": "Feature", "properties": { "ord": 6 }, "geometry": { "type": "LineString", "coordinates": [ [ -5.977083333333638, 38.960416666666241 ], [ -5.997916666666981, 38.935416666666249 ] ] } },
{ "type": "Feature", "properties": { "ord": 5 }, "geometry": { "type": "LineString", "coordinates": [ [ -8.80208333333357, 38.989583333332938 ], [ -8.83541666666693, 38.985416666666275 ], [ -8.852083333333525, 38.960416666666241 ], [ -8.889583333333576, 38.943749999999604 ], [ -8.889583333333576, 38.931249999999586 ] ] } },
{ "type": "Feature", "properties": { "ord": 5 }, "geometry": { "type": "LineString", "coordinates": [ [ -6.93125000000029, 39.002083333332912 ], [ -6.93125000000029, 38.952083333332929 ], [ -6.947916666666941, 38.931249999999586 ] ] } },
{ "type": "Feature", "properties": { "ord": 5 }, "geometry": { "type": "LineString", "coordinates": [ [ -4.177083333333655, 38.931249999999586 ], [ -4.206250000000267, 38.931249999999586 ], [ -4.231250000000301, 38.943749999999604 ] ] } },
{ "type": "Feature", "properties": { "ord": 5 }, "geometry": { "type": "LineString", "coordinates": [ [ -4.164583333333638, 38.931249999999586 ], [ -4.177083333333655, 38.931249999999586 ] ] } },
{ "type": "Feature", "properties": { "ord": 5 }, "geometry": { "type": "LineString", "coordinates": [ [ -5.264583333333661, 38.927083333332938 ], [ -5.314583333333644, 38.931249999999586 ] ] } },
{ "type": "Feature", "properties": { "ord": 5 }, "geometry": { "type": "LineString", "coordinates": [ [ -5.26041666666697, 38.927083333332938 ], [ -5.264583333333661, 38.927083333332938 ] ] } },
{ "type": "Feature", "properties": { "ord": 5 }, "geometry": { "type": "LineString", "coordinates": [ [ -5.227083333333638, 38.927083333332938 ], [ -5.26041666666697, 38.927083333332938 ] ] } },
{ "type": "Feature", "properties": { "ord": 6 }, "geometry": { "type": "LineString", "coordinates": [ [ -6.789583333333638, 38.922916666666275 ], [ -6.810416666666924, 38.927083333332938 ] ] } },
{ "type": "Feature", "properties": { "ord": 5 }, "geometry": { "type": "LineString", "coordinates": [ [ -5.560416666666953, 38.922916666666275 ], [ -5.577083333333633, 38.947916666666266 ], [ -5.610416666666993, 38.972916666666258 ], [ -5.61875000000029, 38.968749999999552 ] ] } },
{ "type": "Feature", "properties": { "ord": 5 }, "geometry": { "type": "LineString", "coordinates": [ [ -6.947916666666941, 38.931249999999586 ], [ -6.956250000000267, 38.918749999999612 ] ] } },
{ "type": "Feature", "properties": { "ord": 6 }, "geometry": { "type": "LineString", "coordinates": [ [ -6.35208333333361, 38.918749999999612 ], [ -6.36875000000029, 38.931249999999586 ], [ -6.41458333333361, 38.935416666666249 ] ] } },
{ "type": "Feature", "properties": { "ord": 5 }, "geometry": { "type": "LineString", "coordinates": [ [ -5.547916666666936, 38.918749999999612 ], [ -5.560416666666953, 38.922916666666275 ] ] } },
{ "type": "Feature", "properties": { "ord": 5 }, "geometry": { "type": "LineString", "coordinates": [ [ -5.427083333333627, 38.918749999999612 ], [ -5.452083333333633, 38.931249999999586 ] ] } },
{ "type": "Feature", "properties": { "ord": 6 }, "geometry": { "type": "LineString", "coordinates": [ [ -6.41458333333361, 38.935416666666249 ], [ -6.435416666666953, 38.914583333332907 ] ] } },
{ "type": "Feature", "properties": { "ord": 5 }, "geometry": { "type": "LineString", "coordinates": [ [ -5.314583333333644, 38.931249999999586 ], [ -5.327083333333661, 38.931249999999586 ], [ -5.343750000000256, 38.914583333332907 ] ] } },
{ "type": "Feature", "properties": { "ord": 6 }, "geometry": { "type": "LineString", "coordinates": [ [ -6.810416666666924, 38.927083333332938 ], [ -6.831250000000296, 38.922916666666275 ], [ -6.839583333333621, 38.910416666666258 ] ] } },
{ "type": "Feature", "properties": { "ord": 6 }, "geometry": { "type": "LineString", "coordinates": [ [ -6.435416666666953, 38.914583333332907 ], [ -6.439583333333616, 38.910416666666258 ] ] } },
{ "type": "Feature", "properties": { "ord": 6 }, "geometry": { "type": "LineString", "coordinates": [ [ -6.143750000000267, 38.952083333332929 ], [ -6.16458333333361, 38.943749999999604 ], [ -6.189583333333644, 38.910416666666258 ] ] } },
{ "type": "Feature", "properties": { "ord": 5 }, "geometry": { "type": "LineString", "coordinates": [ [ -5.489583333333627, 38.910416666666258 ], [ -5.547916666666936, 38.918749999999612 ] ] } },
{ "type": "Feature", "properties": { "ord": 5 }, "geometry": { "type": "LineString", "coordinates": [ [ -5.452083333333633, 38.931249999999586 ], [ -5.46458333333365, 38.931249999999586 ], [ -5.489583333333627, 38.910416666666258 ] ] } },
{ "type": "Feature", "properties": { "ord": 6 }, "geometry": { "type": "LineString", "coordinates": [ [ -6.856250000000301, 38.906249999999595 ], [ -6.868750000000233, 38.910416666666258 ] ] } },
{ "type": "Feature", "properties": { "ord": 6 }, "geometry": { "type": "LineString", "coordinates": [ [ -6.839583333333621, 38.910416666666258 ], [ -6.856250000000301, 38.906249999999595 ] ] } },
{ "type": "Feature", "properties": { "ord": 6 }, "geometry": { "type": "LineString", "coordinates": [ [ -6.439583333333616, 38.910416666666258 ], [ -6.472916666666976, 38.906249999999595 ] ] } },
{ "type": "Feature", "properties": { "ord": 5 }, "geometry": { "type": "LineString", "coordinates": [ [ -5.38541666666697, 38.902083333332889 ], [ -5.427083333333627, 38.918749999999612 ] ] } },
{ "type": "Feature", "properties": { "ord": 5 }, "geometry": { "type": "LineString", "coordinates": [ [ -5.343750000000256, 38.914583333332907 ], [ -5.360416666666964, 38.902083333332889 ], [ -5.38541666666697, 38.902083333332889 ] ] } },
{ "type": "Feature", "properties": { "ord": 5 }, "geometry": { "type": "LineString", "coordinates": [ [ -6.956250000000267, 38.918749999999612 ], [ -6.964583333333621, 38.893749999999578 ] ] } },
{ "type": "Feature", "properties": { "ord": 6 }, "geometry": { "type": "LineString", "coordinates": [ [ -6.868750000000233, 38.910416666666258 ], [ -6.964583333333621, 38.893749999999578 ] ] } },
{ "type": "Feature", "properties": { "ord": 6 }, "geometry": { "type": "LineString", "coordinates": [ [ -6.743750000000261, 38.893749999999578 ], [ -6.789583333333638, 38.922916666666275 ] ] } },
{ "type": "Feature", "properties": { "ord": 5 }, "geometry": { "type": "LineString", "coordinates": [ [ -4.114583333333655, 38.893749999999578 ], [ -4.127083333333672, 38.914583333332907 ], [ -4.160416666666976, 38.935416666666249 ], [ -4.164583333333638, 38.931249999999586 ] ] } },
{ "type": "Feature", "properties": { "ord": 5 }, "geometry": { "type": "LineString", "coordinates": [ [ -4.018750000000296, 38.943749999999604 ], [ -4.018750000000296, 38.931249999999586 ], [ -4.031250000000313, 38.918749999999612 ], [ -4.085416666666958, 38.910416666666258 ], [ -4.085416666666958, 38.893749999999578 ] ] } },
{ "type": "Feature", "properties": { "ord": 5 }, "geometry": { "type": "LineString", "coordinates": [ [ -8.889583333333576, 38.931249999999586 ], [ -8.906250000000256, 38.910416666666258 ], [ -8.910416666666919, 38.889583333332915 ] ] } },
{ "type": "Feature", "properties": { "ord": 6 }, "geometry": { "type": "LineString", "coordinates": [ [ -6.964583333333621, 38.893749999999578 ], [ -6.968750000000284, 38.889583333332915 ] ] } },
{ "type": "Feature", "properties": { "ord": 5 }, "geometry": { "type": "LineString", "coordinates": [ [ -4.097916666666976, 38.889583333332915 ], [ -4.114583333333655, 38.893749999999578 ] ] } },
{ "type": "Feature", "properties": { "ord": 5 }, "geometry": { "type": "LineString", "coordinates": [ [ -4.085416666666958, 38.893749999999578 ], [ -4.097916666666976, 38.889583333332915 ] ] } },
{ "type": "Feature", "properties": { "ord": 6 }, "geometry": { "type": "LineString", "coordinates": [ [ -6.331250000000296, 38.881249999999604 ], [ -6.35208333333361, 38.918749999999612 ] ] } },
{ "type": "Feature", "properties": { "ord": 5 }, "geometry": { "type": "LineString", "coordinates": [ [ -8.910416666666919, 38.889583333332915 ], [ -8.918750000000216, 38.877083333332898 ] ] } },
{ "type": "Feature", "properties": { "ord": 6 }, "geometry": { "type": "LineString", "coordinates": [ [ -6.535416666666919, 38.877083333332898 ], [ -6.568750000000279, 38.881249999999604 ] ] } },
{ "type": "Feature", "properties": { "ord": 6 }, "geometry": { "type": "LineString", "coordinates": [ [ -6.531250000000256, 38.881249999999604 ], [ -6.535416666666919, 38.877083333332898 ] ] } },
{ "type": "Feature", "properties": { "ord": 6 }, "geometry": { "type": "LineString", "coordinates": [ [ -6.472916666666976, 38.906249999999595 ], [ -6.485416666666936, 38.877083333332898 ] ] } },
{ "type": "Feature", "properties": { "ord": 6 }, "geometry": { "type": "LineString", "coordinates": [ [ -6.485416666666936, 38.877083333332898 ], [ -6.497916666666953, 38.872916666666249 ], [ -6.531250000000256, 38.881249999999604 ] ] } },
{ "type": "Feature", "properties": { "ord": 6 }, "geometry": { "type": "LineString", "coordinates": [ [ -6.189583333333644, 38.910416666666258 ], [ -6.189583333333644, 38.897916666666241 ], [ -6.210416666666987, 38.881249999999604 ], [ -6.210416666666987, 38.872916666666249 ] ] } },
{ "type": "Feature", "properties": { "ord": 6 }, "geometry": { "type": "LineString", "coordinates": [ [ -6.722916666666976, 38.868749999999586 ], [ -6.743750000000261, 38.893749999999578 ] ] } },
{ "type": "Feature", "properties": { "ord": 6 }, "geometry": { "type": "LineString", "coordinates": [ [ -6.693750000000279, 38.868749999999586 ], [ -6.722916666666976, 38.868749999999586 ] ] } },
{ "type": "Feature", "properties": { "ord": 6 }, "geometry": { "type": "LineString", "coordinates": [ [ -6.685416666666924, 38.868749999999586 ], [ -6.693750000000279, 38.868749999999586 ] ] } },
{ "type": "Feature", "properties": { "ord": 6 }, "geometry": { "type": "LineString", "coordinates": [ [ -6.210416666666987, 38.872916666666249 ], [ -6.210416666666987, 38.868749999999586 ] ] } },
{ "type": "Feature", "properties": { "ord": 6 }, "geometry": { "type": "LineString", "coordinates": [ [ -6.66041666666689, 38.868749999999586 ], [ -6.685416666666924, 38.868749999999586 ] ] } },
{ "type": "Feature", "properties": { "ord": 6 }, "geometry": { "type": "LineString", "coordinates": [ [ -6.568750000000279, 38.881249999999604 ], [ -6.585416666666958, 38.864583333332924 ] ] } },
{ "type": "Feature", "properties": { "ord": 5 }, "geometry": { "type": "LineString", "coordinates": [ [ -5.127083333333644, 38.868749999999586 ], [ -5.14791666666693, 38.864583333332924 ], [ -5.227083333333638, 38.927083333332938 ] ] } },
{ "type": "Feature", "properties": { "ord": 5 }, "geometry": { "type": "LineString", "coordinates": [ [ -5.122916666666981, 38.864583333332924 ], [ -5.127083333333644, 38.868749999999586 ] ] } },
{ "type": "Feature", "properties": { "ord": 5 }, "geometry": { "type": "LineString", "coordinates": [ [ -5.114583333333627, 38.860416666666275 ], [ -5.122916666666981, 38.864583333332924 ] ] } },
{ "type": "Feature", "properties": { "ord": 6 }, "geometry": { "type": "LineString", "coordinates": [ [ -7.02291666666693, 38.852083333332907 ], [ -7.035416666666947, 38.852083333332907 ] ] } },
{ "type": "Feature", "properties": { "ord": 6 }, "geometry": { "type": "LineString", "coordinates": [ [ -6.968750000000284, 38.889583333332915 ], [ -6.997916666666896, 38.877083333332898 ], [ -7.02291666666693, 38.852083333332907 ] ] } },
{ "type": "Feature", "properties": { "ord": 6 }, "geometry": { "type": "LineString", "coordinates": [ [ -6.585416666666958, 38.864583333332924 ], [ -6.627083333333616, 38.852083333332907 ], [ -6.66041666666689, 38.868749999999586 ] ] } },
{ "type": "Feature", "properties": { "ord": 6 }, "geometry": { "type": "LineString", "coordinates": [ [ -6.30625000000029, 38.852083333332907 ], [ -6.331250000000296, 38.881249999999604 ] ] } },
{ "type": "Feature", "properties": { "ord": 6 }, "geometry": { "type": "LineString", "coordinates": [ [ -6.210416666666987, 38.868749999999586 ], [ -6.222916666666947, 38.852083333332907 ] ] } },
{ "type": "Feature", "properties": { "ord": 5 }, "geometry": { "type": "LineString", "coordinates": [ [ -5.081250000000267, 38.852083333332907 ], [ -5.114583333333627, 38.860416666666275 ] ] } },
{ "type": "Feature", "properties": { "ord": 6 }, "geometry": { "type": "LineString", "coordinates": [ [ -7.035416666666947, 38.852083333332907 ], [ -7.060416666666953, 38.843749999999595 ] ] } },
{ "type": "Feature", "properties": { "ord": 6 }, "geometry": { "type": "LineString", "coordinates": [ [ -7.060416666666953, 38.843749999999595 ], [ -7.077083333333576, 38.839583333332889 ] ] } },
{ "type": "Feature", "properties": { "ord": 5 }, "geometry": { "type": "LineString", "coordinates": [ [ -8.918750000000216, 38.877083333332898 ], [ -8.964583333333593, 38.835416666666241 ] ] } },
{ "type": "Feature", "properties": { "ord": 6 }, "geometry": { "type": "LineString", "coordinates": [ [ -6.27291666666693, 38.831249999999578 ], [ -6.30625000000029, 38.852083333332907 ] ] } },
{ "type": "Feature", "properties": { "ord": 6 }, "geometry": { "type": "LineString", "coordinates": [ [ -6.222916666666947, 38.852083333332907 ], [ -6.239583333333627, 38.835416666666241 ], [ -6.27291666666693, 38.831249999999578 ] ] } },
{ "type": "Feature", "properties": { "ord": 5 }, "geometry": { "type": "LineString", "coordinates": [ [ -5.052083333333655, 38.822916666666266 ], [ -5.064583333333644, 38.843749999999595 ], [ -5.081250000000267, 38.852083333332907 ] ] } },
{ "type": "Feature", "properties": { "ord": 6 }, "geometry": { "type": "LineString", "coordinates": [ [ -7.077083333333576, 38.839583333332889 ], [ -7.093750000000284, 38.818749999999604 ], [ -7.122916666666953, 38.818749999999604 ] ] } },
{ "type": "Feature", "properties": { "ord": 6 }, "geometry": { "type": "LineString", "coordinates": [ [ -7.122916666666953, 38.818749999999604 ], [ -7.127083333333616, 38.814583333332941 ] ] } },
{ "type": "Feature", "properties": { "ord": 6 }, "geometry": { "type": "LineString", "coordinates": [ [ -7.127083333333616, 38.814583333332941 ], [ -7.139583333333576, 38.806249999999586 ] ] } },
{ "type": "Feature", "properties": { "ord": 5 }, "geometry": { "type": "LineString", "coordinates": [ [ -5.077083333333661, 38.793749999999612 ], [ -5.052083333333655, 38.822916666666266 ] ] } },
{ "type": "Feature", "properties": { "ord": 6 }, "geometry": { "type": "LineString", "coordinates": [ [ -7.139583333333576, 38.806249999999586 ], [ -7.156250000000256, 38.793749999999612 ], [ -7.156250000000256, 38.785416666666244 ] ] } },
{ "type": "Feature", "properties": { "ord": 6 }, "geometry": { "type": "LineString", "coordinates": [ [ -7.156250000000256, 38.785416666666244 ], [ -7.160416666666947, 38.781249999999595 ] ] } },
{ "type": "Feature", "properties": { "ord": 5 }, "geometry": { "type": "LineString", "coordinates": [ [ -5.072916666666998, 38.764583333332915 ], [ -5.077083333333661, 38.793749999999612 ] ] } },
{ "type": "Feature", "properties": { "ord": 6 }, "geometry": { "type": "LineString", "coordinates": [ [ -7.160416666666947, 38.781249999999595 ], [ -7.185416666666953, 38.772916666666227 ], [ -7.193750000000222, 38.760416666666252 ] ] } },
{ "type": "Feature", "properties": { "ord": 6 }, "geometry": { "type": "LineString", "coordinates": [ [ -7.193750000000222, 38.760416666666252 ], [ -7.218750000000256, 38.739583333332924 ], [ -7.235416666666964, 38.739583333332924 ] ] } },
{ "type": "Feature", "properties": { "ord": 6 }, "geometry": { "type": "LineString", "coordinates": [ [ -7.235416666666964, 38.739583333332924 ], [ -7.239583333333627, 38.735416666666261 ] ] } },
{ "type": "Feature", "properties": { "ord": 6 }, "geometry": { "type": "LineString", "coordinates": [ [ -7.239583333333627, 38.735416666666261 ], [ -7.256250000000279, 38.727083333332907 ], [ -7.256250000000279, 38.714583333332932 ] ] } },
{ "type": "Feature", "properties": { "ord": 6 }, "geometry": { "type": "LineString", "coordinates": [ [ -7.256250000000279, 38.714583333332932 ], [ -7.260416666666885, 38.706249999999564 ] ] } },
{ "type": "Feature", "properties": { "ord": 6 }, "geometry": { "type": "LineString", "coordinates": [ [ -7.260416666666885, 38.706249999999564 ], [ -7.264583333333576, 38.685416666666278 ] ] } },
{ "type": "Feature", "properties": { "ord": 6 }, "geometry": { "type": "LineString", "coordinates": [ [ -7.264583333333576, 38.685416666666278 ], [ -7.268750000000239, 38.672916666666261 ] ] } },
{ "type": "Feature", "properties": { "ord": 6 }, "geometry": { "type": "LineString", "coordinates": [ [ -7.268750000000239, 38.672916666666261 ], [ -7.268750000000239, 38.647916666666269 ] ] } },
{ "type": "Feature", "properties": { "ord": 6 }, "geometry": { "type": "LineString", "coordinates": [ [ -7.268750000000239, 38.647916666666269 ], [ -7.268750000000239, 38.631249999999589 ], [ -7.252083333333616, 38.631249999999589 ], [ -7.24375000000029, 38.622916666666235 ] ] } },
{ "type": "Feature", "properties": { "ord": 6 }, "geometry": { "type": "LineString", "coordinates": [ [ -7.24375000000029, 38.622916666666235 ], [ -7.256250000000279, 38.606249999999598 ] ] } },
{ "type": "Feature", "properties": { "ord": 6 }, "geometry": { "type": "LineString", "coordinates": [ [ -7.256250000000279, 38.606249999999598 ], [ -7.285416666666919, 38.560416666666278 ] ] } },
{ "type": "Feature", "properties": { "ord": 6 }, "geometry": { "type": "LineString", "coordinates": [ [ -7.285416666666919, 38.560416666666278 ], [ -7.297916666666936, 38.547916666666261 ] ] } },
{ "type": "Feature", "properties": { "ord": 6 }, "geometry": { "type": "LineString", "coordinates": [ [ -7.297916666666936, 38.547916666666261 ], [ -7.302083333333627, 38.527083333332918 ] ] } },
{ "type": "Feature", "properties": { "ord": 6 }, "geometry": { "type": "LineString", "coordinates": [ [ -7.302083333333627, 38.527083333332918 ], [ -7.314583333333616, 38.514583333332943 ], [ -7.322916666666941, 38.481249999999598 ], [ -7.297916666666936, 38.481249999999598 ], [ -7.297916666666936, 38.472916666666272 ] ] } },
{ "type": "Feature", "properties": { "ord": 6 }, "geometry": { "type": "LineString", "coordinates": [ [ -7.297916666666936, 38.472916666666272 ], [ -7.318750000000279, 38.447916666666238 ], [ -7.331250000000296, 38.443749999999589 ] ] } },
{ "type": "Feature", "properties": { "ord": 6 }, "geometry": { "type": "LineString", "coordinates": [ [ -7.331250000000296, 38.443749999999589 ], [ -7.335416666666902, 38.435416666666264 ] ] } },
{ "type": "Feature", "properties": { "ord": 5 }, "geometry": { "type": "LineString", "coordinates": [ [ -8.552083333333599, 38.410416666666272 ], [ -8.593750000000227, 38.410416666666272 ] ] } },
{ "type": "Feature", "properties": { "ord": 5 }, "geometry": { "type": "LineString", "coordinates": [ [ -8.543750000000244, 38.402083333332918 ], [ -8.552083333333599, 38.410416666666272 ] ] } },
{ "type": "Feature", "properties": { "ord": 6 }, "geometry": { "type": "LineString", "coordinates": [ [ -7.335416666666902, 38.435416666666264 ], [ -7.377083333333616, 38.406249999999609 ], [ -7.389583333333547, 38.381249999999575 ] ] } },
{ "type": "Feature", "properties": { "ord": 5 }, "geometry": { "type": "LineString", "coordinates": [ [ -8.539583333333582, 38.372916666666264 ], [ -8.543750000000244, 38.402083333332918 ] ] } },
{ "type": "Feature", "properties": { "ord": 6 }, "geometry": { "type": "LineString", "coordinates": [ [ -7.389583333333547, 38.381249999999575 ], [ -7.381250000000279, 38.372916666666264 ] ] } },
{ "type": "Feature", "properties": { "ord": 6 }, "geometry": { "type": "LineString", "coordinates": [ [ -7.381250000000279, 38.372916666666264 ], [ -7.377083333333616, 38.368749999999601 ] ] } },
{ "type": "Feature", "properties": { "ord": 5 }, "geometry": { "type": "LineString", "coordinates": [ [ -8.493750000000261, 38.364583333332909 ], [ -8.539583333333582, 38.372916666666264 ] ] } },
{ "type": "Feature", "properties": { "ord": 5 }, "geometry": { "type": "LineString", "coordinates": [ [ -8.489583333333599, 38.360416666666246 ], [ -8.493750000000261, 38.364583333332909 ] ] } },
{ "type": "Feature", "properties": { "ord": 6 }, "geometry": { "type": "LineString", "coordinates": [ [ -7.377083333333616, 38.368749999999601 ], [ -7.410416666666919, 38.360416666666246 ], [ -7.427083333333599, 38.347916666666272 ] ] } },
{ "type": "Feature", "properties": { "ord": 6 }, "geometry": { "type": "LineString", "coordinates": [ [ -7.427083333333599, 38.347916666666272 ], [ -7.414583333333582, 38.322916666666281 ], [ -7.422916666666936, 38.310416666666264 ] ] } },
{ "type": "Feature", "properties": { "ord": 5 }, "geometry": { "type": "LineString", "coordinates": [ [ -1.668750000000387, 38.314583333332926 ], [ -1.668750000000387, 38.310416666666264 ] ] } },
{ "type": "Feature", "properties": { "ord": 5 }, "geometry": { "type": "LineString", "coordinates": [ [ -8.477083333333582, 38.302083333332938 ], [ -8.485416666666907, 38.314583333332926 ], [ -8.489583333333599, 38.360416666666246 ] ] } },
{ "type": "Feature", "properties": { "ord": 5 }, "geometry": { "type": "LineString", "coordinates": [ [ -8.443750000000279, 38.302083333332938 ], [ -8.477083333333582, 38.302083333332938 ] ] } },
{ "type": "Feature", "properties": { "ord": 5 }, "geometry": { "type": "LineString", "coordinates": [ [ -8.422916666666936, 38.285416666666272 ], [ -8.431250000000261, 38.285416666666272 ], [ -8.443750000000279, 38.302083333332938 ] ] } },
{ "type": "Feature", "properties": { "ord": 5 }, "geometry": { "type": "LineString", "coordinates": [ [ -8.406250000000227, 38.281249999999609 ], [ -8.414583333333582, 38.289583333332921 ], [ -8.422916666666936, 38.285416666666272 ] ] } },
{ "type": "Feature", "properties": { "ord": 5 }, "geometry": { "type": "LineString", "coordinates": [ [ -1.668750000000387, 38.310416666666264 ], [ -1.689583333333644, 38.285416666666272 ], [ -1.706250000000352, 38.289583333332921 ], [ -1.727083333333695, 38.281249999999609 ] ] } },
{ "type": "Feature", "properties": { "ord": 6 }, "geometry": { "type": "LineString", "coordinates": [ [ -7.422916666666936, 38.310416666666264 ], [ -7.43125000000029, 38.297916666666246 ], [ -7.406250000000256, 38.277083333332946 ] ] } },
{ "type": "Feature", "properties": { "ord": 5 }, "geometry": { "type": "LineString", "coordinates": [ [ -8.385416666666941, 38.272916666666255 ], [ -8.406250000000227, 38.281249999999609 ] ] } },
{ "type": "Feature", "properties": { "ord": 5 }, "geometry": { "type": "LineString", "coordinates": [ [ -1.727083333333695, 38.281249999999609 ], [ -1.731250000000358, 38.272916666666255 ] ] } },
{ "type": "Feature", "properties": { "ord": 6 }, "geometry": { "type": "LineString", "coordinates": [ [ -7.406250000000256, 38.277083333332946 ], [ -7.410416666666919, 38.268749999999592 ] ] } },
{ "type": "Feature", "properties": { "ord": 5 }, "geometry": { "type": "LineString", "coordinates": [ [ -1.731250000000358, 38.272916666666255 ], [ -1.722916666667032, 38.264583333332929 ] ] } },
{ "type": "Feature", "properties": { "ord": 5 }, "geometry": { "type": "LineString", "coordinates": [ [ -8.377083333333587, 38.256249999999618 ], [ -8.385416666666941, 38.272916666666255 ] ] } },
{ "type": "Feature", "properties": { "ord": 6 }, "geometry": { "type": "LineString", "coordinates": [ [ -7.410416666666919, 38.268749999999592 ], [ -7.435416666666953, 38.256249999999618 ] ] } },
{ "type": "Feature", "properties": { "ord": 5 }, "geometry": { "type": "LineString", "coordinates": [ [ -1.722916666667032, 38.264583333332929 ], [ -1.702083333333661, 38.264583333332929 ], [ -1.697916666666998, 38.247916666666264 ], [ -1.677083333333627, 38.247916666666264 ] ] } },
{ "type": "Feature", "properties": { "ord": 5 }, "geometry": { "type": "LineString", "coordinates": [ [ -8.331250000000239, 38.243749999999601 ], [ -8.377083333333587, 38.256249999999618 ] ] } },
{ "type": "Feature", "properties": { "ord": 6 }, "geometry": { "type": "LineString", "coordinates": [ [ -7.435416666666953, 38.256249999999618 ], [ -7.439583333333616, 38.243749999999601 ] ] } },
{ "type": "Feature", "properties": { "ord": 5 }, "geometry": { "type": "LineString", "coordinates": [ [ -1.460416666667044, 38.243749999999601 ], [ -1.447916666667027, 38.243749999999601 ] ] } },
{ "type": "Feature", "properties": { "ord": 5 }, "geometry": { "type": "LineString", "coordinates": [ [ -1.556250000000375, 38.239583333332895 ], [ -1.539583333333695, 38.239583333332895 ] ] } },
{ "type": "Feature", "properties": { "ord": 5 }, "geometry": { "type": "LineString", "coordinates": [ [ -1.597916666667032, 38.235416666666246 ], [ -1.581250000000352, 38.243749999999601 ], [ -1.556250000000375, 38.239583333332895 ] ] } },
{ "type": "Feature", "properties": { "ord": 5 }, "geometry": { "type": "LineString", "coordinates": [ [ -1.677083333333627, 38.247916666666264 ], [ -1.656250000000369, 38.256249999999618 ], [ -1.622916666667038, 38.256249999999618 ], [ -1.614583333333712, 38.235416666666246 ], [ -1.597916666667032, 38.235416666666246 ] ] } },
{ "type": "Feature", "properties": { "ord": 5 }, "geometry": { "type": "LineString", "coordinates": [ [ -1.539583333333695, 38.239583333332895 ], [ -1.522916666667044, 38.231249999999584 ] ] } },
{ "type": "Feature", "properties": { "ord": 5 }, "geometry": { "type": "LineString", "coordinates": [ [ -1.522916666667044, 38.231249999999584 ], [ -1.510416666667027, 38.239583333332895 ], [ -1.49791666666701, 38.231249999999584 ], [ -1.460416666667044, 38.243749999999601 ] ] } },
{ "type": "Feature", "properties": { "ord": 5 }, "geometry": { "type": "LineString", "coordinates": [ [ -1.447916666667027, 38.243749999999601 ], [ -1.418750000000387, 38.231249999999584 ] ] } },
{ "type": "Feature", "properties": { "ord": 5 }, "geometry": { "type": "LineString", "coordinates": [ [ -8.322916666666941, 38.214583333332946 ], [ -8.331250000000239, 38.243749999999601 ] ] } },
{ "type": "Feature", "properties": { "ord": 6 }, "geometry": { "type": "LineString", "coordinates": [ [ -7.439583333333616, 38.243749999999601 ], [ -7.468750000000227, 38.214583333332946 ], [ -7.485416666666936, 38.214583333332946 ] ] } },
{ "type": "Feature", "properties": { "ord": 5 }, "geometry": { "type": "LineString", "coordinates": [ [ -1.418750000000387, 38.231249999999584 ], [ -1.406250000000369, 38.214583333332946 ] ] } },
{ "type": "Feature", "properties": { "ord": 6 }, "geometry": { "type": "LineString", "coordinates": [ [ -7.485416666666936, 38.214583333332946 ], [ -7.497916666666953, 38.202083333332929 ] ] } },
{ "type": "Feature", "properties": { "ord": 5 }, "geometry": { "type": "LineString", "coordinates": [ [ -1.406250000000369, 38.214583333332946 ], [ -1.397916666667044, 38.197916666666266 ] ] } },
{ "type": "Feature", "properties": { "ord": 5 }, "geometry": { "type": "LineString", "coordinates": [ [ -8.302083333333599, 38.193749999999618 ], [ -8.314583333333616, 38.197916666666266 ], [ -8.322916666666941, 38.214583333332946 ] ] } },
{ "type": "Feature", "properties": { "ord": 5 }, "geometry": { "type": "LineString", "coordinates": [ [ -1.397916666667044, 38.197916666666266 ], [ -1.38958333333369, 38.202083333332929 ], [ -1.381250000000364, 38.193749999999618 ], [ -1.385416666667027, 38.185416666666249 ] ] } },
{ "type": "Feature", "properties": { "ord": 5 }, "geometry": { "type": "LineString", "coordinates": [ [ -7.06875000000025, 38.177083333332938 ], [ -7.08541666666693, 38.172916666666275 ], [ -7.106250000000273, 38.189583333332955 ], [ -7.11875000000029, 38.185416666666249 ] ] } },
{ "type": "Feature", "properties": { "ord": 5 }, "geometry": { "type": "LineString", "coordinates": [ [ -1.385416666667027, 38.185416666666249 ], [ -1.360416666667049, 38.172916666666275 ] ] } },
{ "type": "Feature", "properties": { "ord": 6 }, "geometry": { "type": "LineString", "coordinates": [ [ -7.497916666666953, 38.202083333332929 ], [ -7.485416666666936, 38.181249999999601 ], [ -7.489583333333599, 38.168749999999584 ] ] } },
{ "type": "Feature", "properties": { "ord": 5 }, "geometry": { "type": "LineString", "coordinates": [ [ -7.11875000000029, 38.185416666666249 ], [ -7.13125000000025, 38.172916666666275 ], [ -7.152083333333593, 38.168749999999584 ] ] } },
{ "type": "Feature", "properties": { "ord": 5 }, "geometry": { "type": "LineString", "coordinates": [ [ -7.485416666666936, 38.164583333332921 ], [ -7.489583333333599, 38.168749999999584 ] ] } },
{ "type": "Feature", "properties": { "ord": 5 }, "geometry": { "type": "LineString", "coordinates": [ [ -7.45625000000021, 38.164583333332921 ], [ -7.464583333333621, 38.172916666666275 ], [ -7.485416666666936, 38.164583333332921 ] ] } },
{ "type": "Feature", "properties": { "ord": 5 }, "geometry": { "type": "LineString", "coordinates": [ [ -7.393750000000239, 38.168749999999584 ], [ -7.45625000000021, 38.164583333332921 ] ] } },
{ "type": "Feature", "properties": { "ord": 5 }, "geometry": { "type": "LineString", "coordinates": [ [ -7.318750000000279, 38.177083333332938 ], [ -7.343750000000256, 38.164583333332921 ], [ -7.372916666666953, 38.172916666666275 ], [ -7.393750000000239, 38.168749999999584 ] ] } },
{ "type": "Feature", "properties": { "ord": 5 }, "geometry": { "type": "LineString", "coordinates": [ [ -7.252083333333616, 38.160416666666258 ], [ -7.256250000000279, 38.160416666666258 ] ] } },
{ "type": "Feature", "properties": { "ord": 6 }, "geometry": { "type": "LineString", "coordinates": [ [ -7.510416666666941, 38.156249999999609 ], [ -7.535416666666919, 38.156249999999609 ], [ -7.572916666666941, 38.177083333332938 ] ] } },
{ "type": "Feature", "properties": { "ord": 6 }, "geometry": { "type": "LineString", "coordinates": [ [ -7.489583333333599, 38.168749999999584 ], [ -7.510416666666941, 38.156249999999609 ] ] } },
{ "type": "Feature", "properties": { "ord": 5 }, "geometry": { "type": "LineString", "coordinates": [ [ -7.256250000000279, 38.160416666666258 ], [ -7.260416666666885, 38.156249999999609 ] ] } },
{ "type": "Feature", "properties": { "ord": 5 }, "geometry": { "type": "LineString", "coordinates": [ [ -7.260416666666885, 38.156249999999609 ], [ -7.272916666666902, 38.147916666666241 ], [ -7.314583333333616, 38.152083333332946 ], [ -7.318750000000279, 38.177083333332938 ] ] } },
{ "type": "Feature", "properties": { "ord": 5 }, "geometry": { "type": "LineString", "coordinates": [ [ -7.231250000000273, 38.147916666666241 ], [ -7.247916666666953, 38.164583333332921 ], [ -7.252083333333616, 38.160416666666258 ] ] } },
{ "type": "Feature", "properties": { "ord": 5 }, "geometry": { "type": "LineString", "coordinates": [ [ -8.335416666666902, 38.143749999999592 ], [ -8.327083333333547, 38.168749999999584 ], [ -8.302083333333599, 38.193749999999618 ] ] } },
{ "type": "Feature", "properties": { "ord": 6 }, "geometry": { "type": "LineString", "coordinates": [ [ -7.572916666666941, 38.177083333332938 ], [ -7.602083333333582, 38.164583333332921 ], [ -7.606250000000244, 38.139583333332929 ] ] } },
{ "type": "Feature", "properties": { "ord": 5 }, "geometry": { "type": "LineString", "coordinates": [ [ -7.222916666666947, 38.139583333332929 ], [ -7.231250000000273, 38.147916666666241 ] ] } },
{ "type": "Feature", "properties": { "ord": 5 }, "geometry": { "type": "LineString", "coordinates": [ [ -7.16458333333361, 38.139583333332929 ], [ -7.172916666666936, 38.147916666666241 ], [ -7.185416666666953, 38.143749999999592 ], [ -7.197916666666913, 38.156249999999609 ], [ -7.21041666666693, 38.139583333332929 ], [ -7.222916666666947, 38.139583333332929 ] ] } },
{ "type": "Feature", "properties": { "ord": 5 }, "geometry": { "type": "LineString", "coordinates": [ [ -7.152083333333593, 38.168749999999584 ], [ -7.152083333333593, 38.152083333332946 ], [ -7.16458333333361, 38.139583333332929 ] ] } },
{ "type": "Feature", "properties": { "ord": 6 }, "geometry": { "type": "LineString", "coordinates": [ [ -7.606250000000244, 38.139583333332929 ], [ -7.610416666666907, 38.135416666666266 ] ] } },
{ "type": "Feature", "properties": { "ord": 5 }, "geometry": { "type": "LineString", "coordinates": [ [ -1.360416666667049, 38.172916666666275 ], [ -1.335416666667044, 38.135416666666266 ] ] } },
{ "type": "Feature", "properties": { "ord": 5 }, "geometry": { "type": "LineString", "coordinates": [ [ -1.335416666667044, 38.135416666666266 ], [ -1.318750000000364, 38.135416666666266 ] ] } },
{ "type": "Feature", "properties": { "ord": 5 }, "geometry": { "type": "LineString", "coordinates": [ [ -8.356250000000273, 38.131249999999618 ], [ -8.352083333333582, 38.139583333332929 ], [ -8.335416666666902, 38.143749999999592 ] ] } },
{ "type": "Feature", "properties": { "ord": 6 }, "geometry": { "type": "LineString", "coordinates": [ [ -7.610416666666907, 38.135416666666266 ], [ -7.618750000000261, 38.122916666666292 ] ] } },
{ "type": "Feature", "properties": { "ord": 5 }, "geometry": { "type": "LineString", "coordinates": [ [ -1.318750000000364, 38.135416666666266 ], [ -1.293750000000387, 38.122916666666292 ] ] } },
{ "type": "Feature", "properties": { "ord": 5 }, "geometry": { "type": "LineString", "coordinates": [ [ -8.356250000000273, 38.118749999999601 ], [ -8.356250000000273, 38.131249999999618 ] ] } },
{ "type": "Feature", "properties": { "ord": 5 }, "geometry": { "type": "LineString", "coordinates": [ [ -1.293750000000387, 38.122916666666292 ], [ -1.297916666666993, 38.106249999999569 ] ] } },
{ "type": "Feature", "properties": { "ord": 5 }, "geometry": { "type": "LineString", "coordinates": [ [ -1.297916666666993, 38.106249999999569 ], [ -1.289583333333667, 38.102083333332921 ] ] } },
{ "type": "Feature", "properties": { "ord": 5 }, "geometry": { "type": "LineString", "coordinates": [ [ -0.681250000000375, 38.097916666666258 ], [ -0.664583333333724, 38.093749999999595 ], [ -0.652083333333707, 38.110416666666275 ], [ -0.643750000000352, 38.110416666666275 ] ] } },
{ "type": "Feature", "properties": { "ord": 6 }, "geometry": { "type": "LineString", "coordinates": [ [ -7.618750000000261, 38.122916666666292 ], [ -7.647916666666958, 38.102083333332921 ], [ -7.652083333333536, 38.085416666666283 ] ] } },
{ "type": "Feature", "properties": { "ord": 5 }, "geometry": { "type": "LineString", "coordinates": [ [ -0.922916666667049, 38.081249999999578 ], [ -0.906250000000341, 38.081249999999578 ] ] } },
{ "type": "Feature", "properties": { "ord": 5 }, "geometry": { "type": "LineString", "coordinates": [ [ -0.810416666667066, 38.089583333332946 ], [ -0.797916666667049, 38.093749999999595 ], [ -0.747916666667066, 38.081249999999578 ] ] } },
{ "type": "Feature", "properties": { "ord": 5 }, "geometry": { "type": "LineString", "coordinates": [ [ -0.747916666667066, 38.081249999999578 ], [ -0.706250000000352, 38.097916666666258 ], [ -0.681250000000375, 38.097916666666258 ] ] } },
{ "type": "Feature", "properties": { "ord": 5 }, "geometry": { "type": "LineString", "coordinates": [ [ -1.289583333333667, 38.102083333332921 ], [ -1.277083333333707, 38.106249999999569 ], [ -1.256250000000364, 38.077083333332929 ] ] } },
{ "type": "Feature", "properties": { "ord": 5 }, "geometry": { "type": "LineString", "coordinates": [ [ -1.256250000000364, 38.077083333332929 ], [ -1.24791666666701, 38.072916666666266 ] ] } },
{ "type": "Feature", "properties": { "ord": 5 }, "geometry": { "type": "LineString", "coordinates": [ [ -0.977083333333695, 38.072916666666266 ], [ -0.964583333333678, 38.081249999999578 ], [ -0.922916666667049, 38.081249999999578 ] ] } },
{ "type": "Feature", "properties": { "ord": 5 }, "geometry": { "type": "LineString", "coordinates": [ [ -0.906250000000341, 38.081249999999578 ], [ -0.868750000000375, 38.068749999999604 ] ] } },
{ "type": "Feature", "properties": { "ord": 5 }, "geometry": { "type": "LineString", "coordinates": [ [ -0.868750000000375, 38.068749999999604 ], [ -0.810416666667066, 38.089583333332946 ] ] } },
{ "type": "Feature", "properties": { "ord": 5 }, "geometry": { "type": "LineString", "coordinates": [ [ -8.406250000000227, 38.064583333332955 ], [ -8.410416666666919, 38.072916666666266 ], [ -8.397916666666902, 38.085416666666283 ], [ -8.39375000000021, 38.110416666666275 ], [ -8.381250000000279, 38.114583333332938 ], [ -8.364583333333599, 38.106249999999569 ], [ -8.356250000000273, 38.118749999999601 ] ] } },
{ "type": "Feature", "properties": { "ord": 5 }, "geometry": { "type": "LineString", "coordinates": [ [ -1.24791666666701, 38.072916666666266 ], [ -1.239583333333684, 38.064583333332955 ] ] } },
{ "type": "Feature", "properties": { "ord": 6 }, "geometry": { "type": "LineString", "coordinates": [ [ -7.652083333333536, 38.085416666666283 ], [ -7.635416666666941, 38.068749999999604 ], [ -7.639583333333604, 38.060416666666249 ] ] } },
{ "type": "Feature", "properties": { "ord": 5 }, "geometry": { "type": "LineString", "coordinates": [ [ -3.547916666667021, 38.093749999999595 ], [ -3.560416666666981, 38.093749999999595 ], [ -3.585416666667015, 38.072916666666266 ], [ -3.585416666667015, 38.052083333332938 ] ] } },
{ "type": "Feature", "properties": { "ord": 5 }, "geometry": { "type": "LineString", "coordinates": [ [ -1.239583333333684, 38.064583333332955 ], [ -1.23125000000033, 38.052083333332938 ] ] } },
{ "type": "Feature", "properties": { "ord": 5 }, "geometry": { "type": "LineString", "coordinates": [ [ -0.997916666667038, 38.052083333332938 ], [ -0.977083333333695, 38.072916666666266 ] ] } },
{ "type": "Feature", "properties": { "ord": 6 }, "geometry": { "type": "LineString", "coordinates": [ [ -4.068750000000335, 38.043749999999569 ], [ -4.10625000000033, 38.043749999999569 ], [ -4.110416666666993, 38.052083333332938 ] ] } },
{ "type": "Feature", "properties": { "ord": 5 }, "geometry": { "type": "LineString", "coordinates": [ [ -1.006250000000364, 38.043749999999569 ], [ -0.997916666667038, 38.052083333332938 ] ] } },
{ "type": "Feature", "properties": { "ord": 5 }, "geometry": { "type": "LineString", "coordinates": [ [ -8.372916666666953, 38.039583333332921 ], [ -8.406250000000227, 38.064583333332955 ] ] } },
{ "type": "Feature", "properties": { "ord": 5 }, "geometry": { "type": "LineString", "coordinates": [ [ -1.23125000000033, 38.052083333332938 ], [ -1.214583333333707, 38.039583333332921 ] ] } },
{ "type": "Feature", "properties": { "ord": 5 }, "geometry": { "type": "LineString", "coordinates": [ [ -1.010416666667055, 38.039583333332921 ], [ -1.006250000000364, 38.043749999999569 ] ] } },
{ "type": "Feature", "properties": { "ord": 6 }, "geometry": { "type": "LineString", "coordinates": [ [ -7.639583333333604, 38.060416666666249 ], [ -7.652083333333536, 38.056249999999586 ], [ -7.643750000000267, 38.031249999999595 ] ] } },
{ "type": "Feature", "properties": { "ord": 5 }, "geometry": { "type": "LineString", "coordinates": [ [ -3.585416666667015, 38.052083333332938 ], [ -3.589583333333678, 38.039583333332921 ], [ -3.610416666667021, 38.039583333332921 ], [ -3.622916666666981, 38.027083333332946 ] ] } },
{ "type": "Feature", "properties": { "ord": 6 }, "geometry": { "type": "LineString", "coordinates": [ [ -4.214583333333621, 38.022916666666283 ], [ -4.243750000000318, 38.039583333332921 ] ] } },
{ "type": "Feature", "properties": { "ord": 6 }, "geometry": { "type": "LineString", "coordinates": [ [ -4.014583333333633, 38.022916666666283 ], [ -4.035416666666976, 38.035416666666258 ], [ -4.056250000000347, 38.027083333332946 ], [ -4.068750000000335, 38.043749999999569 ] ] } },
{ "type": "Feature", "properties": { "ord": 6 }, "geometry": { "type": "LineString", "coordinates": [ [ -4.002083333333616, 38.031249999999595 ], [ -4.014583333333633, 38.022916666666283 ] ] } },
{ "type": "Feature", "properties": { "ord": 6 }, "geometry": { "type": "LineString", "coordinates": [ [ -3.98125000000033, 38.022916666666283 ], [ -4.002083333333616, 38.031249999999595 ] ] } },
{ "type": "Feature", "properties": { "ord": 6 }, "geometry": { "type": "LineString", "coordinates": [ [ -3.90208333333365, 38.022916666666283 ], [ -3.914583333333667, 38.022916666666283 ] ] } },
{ "type": "Feature", "properties": { "ord": 6 }, "geometry": { "type": "LineString", "coordinates": [ [ -3.87291666666701, 38.039583333332921 ], [ -3.893750000000296, 38.047916666666275 ], [ -3.90208333333365, 38.022916666666283 ] ] } },
{ "type": "Feature", "properties": { "ord": 6 }, "geometry": { "type": "LineString", "coordinates": [ [ -4.35208333333361, 38.018749999999578 ], [ -4.364583333333627, 38.022916666666283 ] ] } },
{ "type": "Feature", "properties": { "ord": 6 }, "geometry": { "type": "LineString", "coordinates": [ [ -4.110416666666993, 38.052083333332938 ], [ -4.131250000000335, 38.052083333332938 ], [ -4.143750000000267, 38.064583333332955 ], [ -4.177083333333655, 38.064583333332955 ], [ -4.210416666666958, 38.047916666666275 ], [ -4.172916666666993, 38.018749999999578 ] ] } },
{ "type": "Feature", "properties": { "ord": 6 }, "geometry": { "type": "LineString", "coordinates": [ [ -4.364583333333627, 38.022916666666283 ], [ -4.427083333333627, 38.022916666666283 ], [ -4.435416666666981, 38.014583333332929 ] ] } },
{ "type": "Feature", "properties": { "ord": 6 }, "geometry": { "type": "LineString", "coordinates": [ [ -4.172916666666993, 38.018749999999578 ], [ -4.193750000000335, 38.014583333332929 ], [ -4.214583333333621, 38.022916666666283 ] ] } },
{ "type": "Feature", "properties": { "ord": 5 }, "geometry": { "type": "LineString", "coordinates": [ [ -1.214583333333707, 38.039583333332921 ], [ -1.214583333333707, 38.014583333332929 ] ] } },
{ "type": "Feature", "properties": { "ord": 6 }, "geometry": { "type": "LineString", "coordinates": [ [ -4.318750000000335, 38.010416666666266 ], [ -4.35208333333361, 38.018749999999578 ] ] } },
{ "type": "Feature", "properties": { "ord": 6 }, "geometry": { "type": "LineString", "coordinates": [ [ -4.314583333333672, 38.010416666666266 ], [ -4.318750000000335, 38.010416666666266 ] ] } },
{ "type": "Feature", "properties": { "ord": 6 }, "geometry": { "type": "LineString", "coordinates": [ [ -3.956250000000296, 38.010416666666266 ], [ -3.968750000000313, 38.010416666666266 ], [ -3.98125000000033, 38.022916666666283 ] ] } },
{ "type": "Feature", "properties": { "ord": 6 }, "geometry": { "type": "LineString", "coordinates": [ [ -3.81041666666701, 38.010416666666266 ], [ -3.818750000000307, 38.010416666666266 ], [ -3.847916666667004, 38.039583333332921 ], [ -3.87291666666701, 38.039583333332921 ] ] } },
{ "type": "Feature", "properties": { "ord": 6 }, "geometry": { "type": "LineString", "coordinates": [ [ -4.435416666666981, 38.014583333332929 ], [ -4.443750000000335, 38.006249999999604 ] ] } },
{ "type": "Feature", "properties": { "ord": 6 }, "geometry": { "type": "LineString", "coordinates": [ [ -3.914583333333667, 38.022916666666283 ], [ -3.922916666666993, 38.006249999999604 ], [ -3.93541666666701, 38.022916666666283 ], [ -3.956250000000296, 38.010416666666266 ] ] } },
{ "type": "Feature", "properties": { "ord": 5 }, "geometry": { "type": "LineString", "coordinates": [ [ -8.385416666666941, 37.993749999999586 ], [ -8.389583333333604, 38.006249999999604 ], [ -8.377083333333587, 38.018749999999578 ], [ -8.372916666666953, 38.039583333332921 ] ] } },
{ "type": "Feature", "properties": { "ord": 6 }, "geometry": { "type": "LineString", "coordinates": [ [ -4.243750000000318, 38.039583333332921 ], [ -4.264583333333661, 38.035416666666258 ], [ -4.260416666666998, 38.014583333332929 ], [ -4.281250000000284, 37.993749999999586 ] ] } },
{ "type": "Feature", "properties": { "ord": 5 }, "geometry": { "type": "LineString", "coordinates": [ [ -1.077083333333718, 37.989583333332924 ], [ -1.068750000000392, 37.989583333332924 ] ] } },
{ "type": "Feature", "properties": { "ord": 5 }, "geometry": { "type": "LineString", "coordinates": [ [ -1.068750000000392, 37.989583333332924 ], [ -1.010416666667055, 38.039583333332921 ] ] } },
{ "type": "Feature", "properties": { "ord": 6 }, "geometry": { "type": "LineString", "coordinates": [ [ -7.643750000000267, 38.031249999999595 ], [ -7.639583333333604, 37.993749999999586 ], [ -7.652083333333536, 37.985416666666275 ] ] } },
{ "type": "Feature", "properties": { "ord": 6 }, "geometry": { "type": "LineString", "coordinates": [ [ -4.489583333333627, 37.993749999999586 ], [ -4.497916666666981, 37.985416666666275 ] ] } },
{ "type": "Feature", "properties": { "ord": 6 }, "geometry": { "type": "LineString", "coordinates": [ [ -4.443750000000335, 38.006249999999604 ], [ -4.439583333333644, 37.993749999999586 ], [ -4.447916666666998, 37.985416666666275 ], [ -4.489583333333627, 37.993749999999586 ] ] } },
{ "type": "Feature", "properties": { "ord": 6 }, "geometry": { "type": "LineString", "coordinates": [ [ -4.281250000000284, 37.993749999999586 ], [ -4.293750000000301, 37.985416666666275 ], [ -4.314583333333672, 38.010416666666266 ] ] } },
{ "type": "Feature", "properties": { "ord": 6 }, "geometry": { "type": "LineString", "coordinates": [ [ -7.652083333333536, 37.985416666666275 ], [ -7.656250000000284, 37.981249999999612 ] ] } },
{ "type": "Feature", "properties": { "ord": 6 }, "geometry": { "type": "LineString", "coordinates": [ [ -4.497916666666981, 37.985416666666275 ], [ -4.502083333333644, 37.981249999999612 ] ] } },
{ "type": "Feature", "properties": { "ord": 6 }, "geometry": { "type": "LineString", "coordinates": [ [ -3.77708333333365, 37.981249999999612 ], [ -3.806250000000347, 37.981249999999612 ], [ -3.81041666666701, 38.010416666666266 ] ] } },
{ "type": "Feature", "properties": { "ord": 5 }, "geometry": { "type": "LineString", "coordinates": [ [ -3.622916666666981, 38.027083333332946 ], [ -3.739583333333684, 37.981249999999612 ] ] } },
{ "type": "Feature", "properties": { "ord": 5 }, "geometry": { "type": "LineString", "coordinates": [ [ -1.143750000000381, 37.981249999999612 ], [ -1.077083333333718, 37.989583333332924 ] ] } },
{ "type": "Feature", "properties": { "ord": 6 }, "geometry": { "type": "LineString", "coordinates": [ [ -3.739583333333684, 37.981249999999612 ], [ -3.74791666666701, 37.989583333332924 ], [ -3.764583333333633, 37.977083333332907 ], [ -3.77708333333365, 37.981249999999612 ] ] } },
{ "type": "Feature", "properties": { "ord": 5 }, "geometry": { "type": "LineString", "coordinates": [ [ -1.214583333333707, 38.014583333332929 ], [ -1.218750000000369, 37.997916666666292 ], [ -1.206250000000381, 37.981249999999612 ], [ -1.143750000000381, 37.981249999999612 ] ] } },
{ "type": "Feature", "properties": { "ord": 6 }, "geometry": { "type": "LineString", "coordinates": [ [ -4.502083333333644, 37.981249999999612 ], [ -4.481250000000273, 37.972916666666258 ], [ -4.468750000000341, 37.956249999999578 ] ] } },
{ "type": "Feature", "properties": { "ord": 5 }, "geometry": { "type": "LineString", "coordinates": [ [ -3.693750000000307, 37.956249999999578 ], [ -3.706250000000324, 37.956249999999578 ], [ -3.739583333333684, 37.981249999999612 ] ] } },
{ "type": "Feature", "properties": { "ord": 5 }, "geometry": { "type": "LineString", "coordinates": [ [ -3.589583333333678, 37.956249999999578 ], [ -3.618750000000347, 37.952083333332915 ] ] } },
{ "type": "Feature", "properties": { "ord": 5 }, "geometry": { "type": "LineString", "coordinates": [ [ -3.55625000000029, 37.952083333332915 ], [ -3.568750000000307, 37.960416666666283 ], [ -3.589583333333678, 37.956249999999578 ] ] } },
{ "type": "Feature", "properties": { "ord": 5 }, "geometry": { "type": "LineString", "coordinates": [ [ -3.664583333333667, 37.947916666666266 ], [ -3.693750000000307, 37.956249999999578 ] ] } },
{ "type": "Feature", "properties": { "ord": 6 }, "geometry": { "type": "LineString", "coordinates": [ [ -7.656250000000284, 37.981249999999612 ], [ -7.681250000000261, 37.943749999999604 ] ] } },
{ "type": "Feature", "properties": { "ord": 6 }, "geometry": { "type": "LineString", "coordinates": [ [ -4.49375000000029, 37.956249999999578 ], [ -4.502083333333644, 37.964583333332932 ], [ -4.522916666666987, 37.964583333332932 ], [ -4.577083333333661, 37.943749999999604 ] ] } },
{ "type": "Feature", "properties": { "ord": 6 }, "geometry": { "type": "LineString", "coordinates": [ [ -4.47708333333361, 37.943749999999604 ], [ -4.485416666666964, 37.943749999999604 ], [ -4.49375000000029, 37.956249999999578 ] ] } },
{ "type": "Feature", "properties": { "ord": 6 }, "geometry": { "type": "LineString", "coordinates": [ [ -4.468750000000341, 37.956249999999578 ], [ -4.47708333333361, 37.943749999999604 ] ] } },
{ "type": "Feature", "properties": { "ord": 5 }, "geometry": { "type": "LineString", "coordinates": [ [ -3.618750000000347, 37.952083333332915 ], [ -3.635416666666998, 37.960416666666283 ], [ -3.647916666666987, 37.943749999999604 ], [ -3.664583333333667, 37.947916666666266 ] ] } },
{ "type": "Feature", "properties": { "ord": 5 }, "geometry": { "type": "LineString", "coordinates": [ [ -3.522916666666987, 37.943749999999604 ], [ -3.543750000000358, 37.960416666666283 ], [ -3.55625000000029, 37.952083333332915 ] ] } },
{ "type": "Feature", "properties": { "ord": 6 }, "geometry": { "type": "LineString", "coordinates": [ [ -7.681250000000261, 37.943749999999604 ], [ -7.681250000000261, 37.939583333332941 ] ] } },
{ "type": "Feature", "properties": { "ord": 5 }, "geometry": { "type": "LineString", "coordinates": [ [ -3.460416666667015, 37.935416666666292 ], [ -3.522916666666987, 37.943749999999604 ] ] } },
{ "type": "Feature", "properties": { "ord": 5 }, "geometry": { "type": "LineString", "coordinates": [ [ -3.268750000000267, 37.935416666666292 ], [ -3.285416666666976, 37.935416666666292 ], [ -3.293750000000301, 37.943749999999604 ], [ -3.306250000000318, 37.935416666666292 ] ] } },
{ "type": "Feature", "properties": { "ord": 5 }, "geometry": { "type": "LineString", "coordinates": [ [ -3.260416666667027, 37.935416666666292 ], [ -3.268750000000267, 37.935416666666292 ] ] } },
{ "type": "Feature", "properties": { "ord": 6 }, "geometry": { "type": "LineString", "coordinates": [ [ -4.63541666666697, 37.939583333332941 ], [ -4.656250000000313, 37.939583333332941 ], [ -4.672916666666993, 37.927083333332924 ] ] } },
{ "type": "Feature", "properties": { "ord": 5 }, "geometry": { "type": "LineString", "coordinates": [ [ -3.452083333333661, 37.927083333332924 ], [ -3.460416666667015, 37.935416666666292 ] ] } },
{ "type": "Feature", "properties": { "ord": 5 }, "geometry": { "type": "LineString", "coordinates": [ [ -3.439583333333672, 37.927083333332924 ], [ -3.452083333333661, 37.927083333332924 ] ] } },
{ "type": "Feature", "properties": { "ord": 6 }, "geometry": { "type": "LineString", "coordinates": [ [ -4.610416666666936, 37.922916666666275 ], [ -4.63541666666697, 37.939583333332941 ] ] } },
{ "type": "Feature", "properties": { "ord": 6 }, "geometry": { "type": "LineString", "coordinates": [ [ -4.577083333333661, 37.943749999999604 ], [ -4.581250000000324, 37.952083333332915 ], [ -4.60208333333361, 37.956249999999578 ], [ -4.610416666666936, 37.922916666666275 ] ] } },
{ "type": "Feature", "properties": { "ord": 5 }, "geometry": { "type": "LineString", "coordinates": [ [ -3.352083333333695, 37.918749999999612 ], [ -3.360416666666964, 37.918749999999612 ] ] } },
{ "type": "Feature", "properties": { "ord": 5 }, "geometry": { "type": "LineString", "coordinates": [ [ -3.327083333333661, 37.918749999999612 ], [ -3.352083333333695, 37.918749999999612 ] ] } },
{ "type": "Feature", "properties": { "ord": 5 }, "geometry": { "type": "LineString", "coordinates": [ [ -3.306250000000318, 37.935416666666292 ], [ -3.327083333333661, 37.918749999999612 ] ] } },
{ "type": "Feature", "properties": { "ord": 5 }, "geometry": { "type": "LineString", "coordinates": [ [ -3.418750000000358, 37.914583333332949 ], [ -3.439583333333672, 37.927083333332924 ] ] } },
{ "type": "Feature", "properties": { "ord": 5 }, "geometry": { "type": "LineString", "coordinates": [ [ -3.222916666666976, 37.910416666666244 ], [ -3.235416666666993, 37.927083333332924 ], [ -3.252083333333672, 37.927083333332924 ], [ -3.260416666667027, 37.935416666666292 ] ] } },
{ "type": "Feature", "properties": { "ord": 5 }, "geometry": { "type": "LineString", "coordinates": [ [ -3.360416666666964, 37.918749999999612 ], [ -3.385416666666998, 37.906249999999595 ], [ -3.410416666667004, 37.906249999999595 ], [ -3.418750000000358, 37.914583333332949 ] ] } },
{ "type": "Feature", "properties": { "ord": 6 }, "geometry": { "type": "LineString", "coordinates": [ [ -4.672916666666993, 37.927083333332924 ], [ -4.685416666666953, 37.927083333332924 ], [ -4.702083333333633, 37.906249999999595 ], [ -4.69791666666697, 37.893749999999578 ] ] } },
{ "type": "Feature", "properties": { "ord": 5 }, "geometry": { "type": "LineString", "coordinates": [ [ -3.210416666667015, 37.889583333332915 ], [ -3.222916666666976, 37.910416666666244 ] ] } },
{ "type": "Feature", "properties": { "ord": 6 }, "geometry": { "type": "LineString", "coordinates": [ [ -4.73125000000033, 37.889583333332915 ], [ -4.739583333333655, 37.881249999999604 ] ] } },
{ "type": "Feature", "properties": { "ord": 6 }, "geometry": { "type": "LineString", "coordinates": [ [ -4.710416666666987, 37.877083333332941 ], [ -4.73125000000033, 37.889583333332915 ] ] } },
{ "type": "Feature", "properties": { "ord": 6 }, "geometry": { "type": "LineString", "coordinates": [ [ -4.69791666666697, 37.893749999999578 ], [ -4.710416666666987, 37.877083333332941 ] ] } },
{ "type": "Feature", "properties": { "ord": 6 }, "geometry": { "type": "LineString", "coordinates": [ [ -4.747916666666953, 37.868749999999586 ], [ -4.764583333333633, 37.868749999999586 ], [ -4.772916666666987, 37.877083333332941 ] ] } },
{ "type": "Feature", "properties": { "ord": 6 }, "geometry": { "type": "LineString", "coordinates": [ [ -4.739583333333655, 37.881249999999604 ], [ -4.747916666666953, 37.868749999999586 ] ] } },
{ "type": "Feature", "properties": { "ord": 6 }, "geometry": { "type": "LineString", "coordinates": [ [ -4.772916666666987, 37.877083333332941 ], [ -4.797916666666936, 37.856249999999612 ] ] } },
{ "type": "Feature", "properties": { "ord": 6 }, "geometry": { "type": "LineString", "coordinates": [ [ -4.827083333333633, 37.852083333332949 ], [ -4.831250000000296, 37.852083333332949 ] ] } },
{ "type": "Feature", "properties": { "ord": 6 }, "geometry": { "type": "LineString", "coordinates": [ [ -4.797916666666936, 37.856249999999612 ], [ -4.806250000000261, 37.847916666666244 ], [ -4.827083333333633, 37.852083333332949 ] ] } },
{ "type": "Feature", "properties": { "ord": 5 }, "geometry": { "type": "LineString", "coordinates": [ [ -3.206250000000352, 37.843749999999595 ], [ -3.202083333333604, 37.847916666666244 ], [ -3.218750000000313, 37.860416666666261 ], [ -3.210416666667015, 37.868749999999586 ], [ -3.210416666667015, 37.889583333332915 ] ] } },
{ "type": "Feature", "properties": { "ord": 5 }, "geometry": { "type": "LineString", "coordinates": [ [ -3.193750000000335, 37.835416666666269 ], [ -3.206250000000352, 37.843749999999595 ] ] } },
{ "type": "Feature", "properties": { "ord": 6 }, "geometry": { "type": "LineString", "coordinates": [ [ -4.852083333333638, 37.831249999999621 ], [ -4.868750000000318, 37.843749999999595 ], [ -4.893750000000296, 37.831249999999621 ] ] } },
{ "type": "Feature", "properties": { "ord": 6 }, "geometry": { "type": "LineString", "coordinates": [ [ -4.831250000000296, 37.852083333332949 ], [ -4.852083333333638, 37.831249999999621 ] ] } },
{ "type": "Feature", "properties": { "ord": 5 }, "geometry": { "type": "LineString", "coordinates": [ [ -3.189583333333672, 37.831249999999621 ], [ -3.193750000000335, 37.835416666666269 ] ] } },
{ "type": "Feature", "properties": { "ord": 6 }, "geometry": { "type": "LineString", "coordinates": [ [ -7.681250000000261, 37.939583333332941 ], [ -7.643750000000267, 37.910416666666244 ], [ -7.656250000000284, 37.893749999999578 ], [ -7.647916666666958, 37.822916666666252 ] ] } },
{ "type": "Feature", "properties": { "ord": 6 }, "geometry": { "type": "LineString", "coordinates": [ [ -4.893750000000296, 37.831249999999621 ], [ -4.918750000000301, 37.814583333332941 ], [ -4.943750000000279, 37.831249999999621 ] ] } },
{ "type": "Feature", "properties": { "ord": 6 }, "geometry": { "type": "LineString", "coordinates": [ [ -7.647916666666958, 37.822916666666252 ], [ -7.631250000000279, 37.810416666666278 ] ] } },
{ "type": "Feature", "properties": { "ord": 6 }, "geometry": { "type": "LineString", "coordinates": [ [ -5.06875000000025, 37.810416666666278 ], [ -5.077083333333661, 37.810416666666278 ] ] } },
{ "type": "Feature", "properties": { "ord": 6 }, "geometry": { "type": "LineString", "coordinates": [ [ -4.943750000000279, 37.831249999999621 ], [ -4.964583333333621, 37.810416666666278 ] ] } },
{ "type": "Feature", "properties": { "ord": 6 }, "geometry": { "type": "LineString", "coordinates": [ [ -5.060416666666981, 37.806249999999615 ], [ -5.06875000000025, 37.810416666666278 ] ] } },
{ "type": "Feature", "properties": { "ord": 6 }, "geometry": { "type": "LineString", "coordinates": [ [ -4.964583333333621, 37.810416666666278 ], [ -5.002083333333587, 37.802083333332924 ], [ -5.014583333333604, 37.806249999999615 ], [ -5.022916666666958, 37.797916666666261 ] ] } },
{ "type": "Feature", "properties": { "ord": 6 }, "geometry": { "type": "LineString", "coordinates": [ [ -5.035416666666976, 37.793749999999598 ], [ -5.060416666666981, 37.806249999999615 ] ] } },
{ "type": "Feature", "properties": { "ord": 6 }, "geometry": { "type": "LineString", "coordinates": [ [ -5.022916666666958, 37.797916666666261 ], [ -5.035416666666976, 37.793749999999598 ] ] } },
{ "type": "Feature", "properties": { "ord": 5 }, "geometry": { "type": "LineString", "coordinates": [ [ -3.143750000000296, 37.793749999999598 ], [ -3.152083333333621, 37.793749999999598 ], [ -3.189583333333672, 37.831249999999621 ] ] } },
{ "type": "Feature", "properties": { "ord": 5 }, "geometry": { "type": "LineString", "coordinates": [ [ -3.13958333333369, 37.789583333332949 ], [ -3.143750000000296, 37.793749999999598 ] ] } },
{ "type": "Feature", "properties": { "ord": 5 }, "geometry": { "type": "LineString", "coordinates": [ [ -3.135416666667027, 37.785416666666286 ], [ -3.13958333333369, 37.789583333332949 ] ] } },
{ "type": "Feature", "properties": { "ord": 6 }, "geometry": { "type": "LineString", "coordinates": [ [ -5.077083333333661, 37.810416666666278 ], [ -5.089583333333621, 37.797916666666261 ], [ -5.114583333333627, 37.797916666666261 ], [ -5.122916666666981, 37.785416666666286 ], [ -5.114583333333627, 37.772916666666269 ], [ -5.122916666666981, 37.768749999999606 ] ] } },
{ "type": "Feature", "properties": { "ord": 5 }, "geometry": { "type": "LineString", "coordinates": [ [ -3.127083333333672, 37.768749999999606 ], [ -3.135416666667027, 37.785416666666286 ] ] } },
{ "type": "Feature", "properties": { "ord": 6 }, "geometry": { "type": "LineString", "coordinates": [ [ -5.122916666666981, 37.768749999999606 ], [ -5.14791666666693, 37.781249999999581 ], [ -5.164583333333638, 37.772916666666269 ], [ -5.172916666666964, 37.781249999999581 ], [ -5.189583333333644, 37.781249999999581 ], [ -5.206250000000324, 37.764583333332915 ] ] } },
{ "type": "Feature", "properties": { "ord": 6 }, "geometry": { "type": "LineString", "coordinates": [ [ -7.631250000000279, 37.810416666666278 ], [ -7.647916666666958, 37.764583333332915 ], [ -7.639583333333604, 37.747916666666278 ] ] } },
{ "type": "Feature", "properties": { "ord": 5 }, "geometry": { "type": "LineString", "coordinates": [ [ -3.118750000000347, 37.743749999999615 ], [ -3.127083333333672, 37.752083333332941 ], [ -3.127083333333672, 37.768749999999606 ] ] } },
{ "type": "Feature", "properties": { "ord": 5 }, "geometry": { "type": "LineString", "coordinates": [ [ -3.110416666666993, 37.743749999999615 ], [ -3.118750000000347, 37.743749999999615 ] ] } },
{ "type": "Feature", "properties": { "ord": 6 }, "geometry": { "type": "LineString", "coordinates": [ [ -7.639583333333604, 37.747916666666278 ], [ -7.631250000000279, 37.735416666666303 ] ] } },
{ "type": "Feature", "properties": { "ord": 6 }, "geometry": { "type": "LineString", "coordinates": [ [ -5.206250000000324, 37.764583333332915 ], [ -5.235416666666964, 37.731249999999598 ] ] } },
{ "type": "Feature", "properties": { "ord": 6 }, "geometry": { "type": "LineString", "coordinates": [ [ -7.631250000000279, 37.735416666666303 ], [ -7.631250000000279, 37.727083333332949 ] ] } },
{ "type": "Feature", "properties": { "ord": 5 }, "geometry": { "type": "LineString", "coordinates": [ [ -3.052083333333684, 37.722916666666286 ], [ -3.06041666666701, 37.731249999999598 ], [ -3.072916666666941, 37.727083333332949 ], [ -3.081250000000352, 37.739583333332966 ], [ -3.110416666666993, 37.743749999999615 ] ] } },
{ "type": "Feature", "properties": { "ord": 6 }, "geometry": { "type": "LineString", "coordinates": [ [ -5.235416666666964, 37.731249999999598 ], [ -5.252083333333644, 37.722916666666286 ], [ -5.272916666666987, 37.727083333332949 ], [ -5.30625000000029, 37.710416666666269 ] ] } },
{ "type": "Feature", "properties": { "ord": 6 }, "geometry": { "type": "LineString", "coordinates": [ [ -5.30625000000029, 37.710416666666269 ], [ -5.314583333333644, 37.697916666666252 ] ] } },
{ "type": "Feature", "properties": { "ord": 6 }, "geometry": { "type": "LineString", "coordinates": [ [ -5.327083333333661, 37.693749999999589 ], [ -5.347916666666947, 37.706249999999606 ], [ -5.364583333333627, 37.697916666666252 ] ] } },
{ "type": "Feature", "properties": { "ord": 6 }, "geometry": { "type": "LineString", "coordinates": [ [ -5.314583333333644, 37.697916666666252 ], [ -5.327083333333661, 37.693749999999589 ] ] } },
{ "type": "Feature", "properties": { "ord": 6 }, "geometry": { "type": "LineString", "coordinates": [ [ -7.631250000000279, 37.727083333332949 ], [ -7.660416666666947, 37.685416666666278 ] ] } },
{ "type": "Feature", "properties": { "ord": 6 }, "geometry": { "type": "LineString", "coordinates": [ [ -5.40208333333365, 37.693749999999589 ], [ -5.410416666666947, 37.685416666666278 ] ] } },
{ "type": "Feature", "properties": { "ord": 5 }, "geometry": { "type": "LineString", "coordinates": [ [ -3.010416666667027, 37.685416666666278 ], [ -3.04375000000033, 37.706249999999606 ], [ -3.052083333333684, 37.722916666666286 ] ] } },
{ "type": "Feature", "properties": { "ord": 6 }, "geometry": { "type": "LineString", "coordinates": [ [ -5.364583333333627, 37.697916666666252 ], [ -5.372916666666981, 37.681249999999615 ], [ -5.40208333333365, 37.693749999999589 ] ] } },
{ "type": "Feature", "properties": { "ord": 6 }, "geometry": { "type": "LineString", "coordinates": [ [ -5.481250000000273, 37.672916666666261 ], [ -5.502083333333644, 37.664583333332935 ] ] } },
{ "type": "Feature", "properties": { "ord": 6 }, "geometry": { "type": "LineString", "coordinates": [ [ -5.410416666666947, 37.685416666666278 ], [ -5.418750000000273, 37.664583333332935 ] ] } },
{ "type": "Feature", "properties": { "ord": 6 }, "geometry": { "type": "LineString", "coordinates": [ [ -5.418750000000273, 37.664583333332935 ], [ -5.427083333333627, 37.660416666666286 ] ] } },
{ "type": "Feature", "properties": { "ord": 6 }, "geometry": { "type": "LineString", "coordinates": [ [ -7.660416666666947, 37.685416666666278 ], [ -7.664583333333553, 37.677083333332909 ], [ -7.652083333333536, 37.656249999999623 ] ] } },
{ "type": "Feature", "properties": { "ord": 6 }, "geometry": { "type": "LineString", "coordinates": [ [ -5.427083333333627, 37.660416666666286 ], [ -5.443750000000307, 37.668749999999598 ], [ -5.46458333333365, 37.652083333332918 ], [ -5.481250000000273, 37.672916666666261 ] ] } },
{ "type": "Feature", "properties": { "ord": 6 }, "geometry": { "type": "LineString", "coordinates": [ [ -5.502083333333644, 37.664583333332935 ], [ -5.514583333333661, 37.647916666666269 ] ] } },
{ "type": "Feature", "properties": { "ord": 6 }, "geometry": { "type": "LineString", "coordinates": [ [ -5.514583333333661, 37.647916666666269 ], [ -5.535416666666976, 37.647916666666269 ] ] } },
{ "type": "Feature", "properties": { "ord": 6 }, "geometry": { "type": "LineString", "coordinates": [ [ -5.535416666666976, 37.647916666666269 ], [ -5.547916666666936, 37.639583333332943 ] ] } },
{ "type": "Feature", "properties": { "ord": 6 }, "geometry": { "type": "LineString", "coordinates": [ [ -7.652083333333536, 37.656249999999623 ], [ -7.652083333333536, 37.643749999999606 ], [ -7.664583333333553, 37.635416666666295 ] ] } },
{ "type": "Feature", "properties": { "ord": 6 }, "geometry": { "type": "LineString", "coordinates": [ [ -5.547916666666936, 37.639583333332943 ], [ -5.552083333333599, 37.627083333332926 ] ] } },
{ "type": "Feature", "properties": { "ord": 6 }, "geometry": { "type": "LineString", "coordinates": [ [ -5.69791666666697, 37.622916666666278 ], [ -5.727083333333638, 37.631249999999589 ], [ -5.735416666666936, 37.627083333332926 ] ] } },
{ "type": "Feature", "properties": { "ord": 6 }, "geometry": { "type": "LineString", "coordinates": [ [ -5.552083333333599, 37.627083333332926 ], [ -5.568750000000307, 37.618749999999615 ] ] } },
{ "type": "Feature", "properties": { "ord": 6 }, "geometry": { "type": "LineString", "coordinates": [ [ -5.677083333333655, 37.614583333332952 ], [ -5.69791666666697, 37.622916666666278 ] ] } },
{ "type": "Feature", "properties": { "ord": 6 }, "geometry": { "type": "LineString", "coordinates": [ [ -5.568750000000307, 37.618749999999615 ], [ -5.597916666666976, 37.618749999999615 ] ] } },
{ "type": "Feature", "properties": { "ord": 6 }, "geometry": { "type": "LineString", "coordinates": [ [ -5.735416666666936, 37.627083333332926 ], [ -5.743750000000261, 37.618749999999615 ], [ -5.772916666666958, 37.618749999999615 ], [ -5.785416666666976, 37.610416666666289 ] ] } },
{ "type": "Feature", "properties": { "ord": 6 }, "geometry": { "type": "LineString", "coordinates": [ [ -5.597916666666976, 37.618749999999615 ], [ -5.622916666666953, 37.610416666666289 ], [ -5.65208333333365, 37.614583333332952 ] ] } },
{ "type": "Feature", "properties": { "ord": 5 }, "geometry": { "type": "LineString", "coordinates": [ [ -3.006250000000335, 37.610416666666289 ], [ -3.010416666667027, 37.631249999999589 ], [ -2.99791666666701, 37.652083333332918 ], [ -3.010416666667027, 37.660416666666286 ], [ -3.010416666667027, 37.685416666666278 ] ] } },
{ "type": "Feature", "properties": { "ord": 6 }, "geometry": { "type": "LineString", "coordinates": [ [ -7.664583333333553, 37.635416666666295 ], [ -7.647916666666958, 37.606249999999598 ] ] } },
{ "type": "Feature", "properties": { "ord": 6 }, "geometry": { "type": "LineString", "coordinates": [ [ -5.65208333333365, 37.614583333332952 ], [ -5.664583333333638, 37.602083333332935 ], [ -5.677083333333655, 37.614583333332952 ] ] } },
{ "type": "Feature", "properties": { "ord": 6 }, "geometry": { "type": "LineString", "coordinates": [ [ -7.647916666666958, 37.606249999999598 ], [ -7.639583333333604, 37.597916666666272 ], [ -7.614583333333599, 37.597916666666272 ] ] } },
{ "type": "Feature", "properties": { "ord": 5 }, "geometry": { "type": "LineString", "coordinates": [ [ -3.010416666667027, 37.597916666666272 ], [ -3.006250000000335, 37.610416666666289 ] ] } },
{ "type": "Feature", "properties": { "ord": 6 }, "geometry": { "type": "LineString", "coordinates": [ [ -5.785416666666976, 37.610416666666289 ], [ -5.797916666666907, 37.593749999999623 ] ] } },
{ "type": "Feature", "properties": { "ord": 6 }, "geometry": { "type": "LineString", "coordinates": [ [ -5.843750000000313, 37.585416666666255 ], [ -5.856250000000301, 37.585416666666255 ] ] } },
{ "type": "Feature", "properties": { "ord": 6 }, "geometry": { "type": "LineString", "coordinates": [ [ -5.797916666666907, 37.593749999999623 ], [ -5.843750000000313, 37.585416666666255 ] ] } },
{ "type": "Feature", "properties": { "ord": 6 }, "geometry": { "type": "LineString", "coordinates": [ [ -7.614583333333599, 37.597916666666272 ], [ -7.581250000000267, 37.572916666666238 ], [ -7.577083333333604, 37.556249999999615 ] ] } },
{ "type": "Feature", "properties": { "ord": 6 }, "geometry": { "type": "LineString", "coordinates": [ [ -5.856250000000301, 37.585416666666255 ], [ -5.872916666666981, 37.564583333332926 ], [ -5.902083333333621, 37.556249999999615 ] ] } },
{ "type": "Feature", "properties": { "ord": 6 }, "geometry": { "type": "LineString", "coordinates": [ [ -7.577083333333604, 37.556249999999615 ], [ -7.560416666666924, 37.556249999999615 ], [ -7.552083333333599, 37.547916666666246 ], [ -7.535416666666919, 37.556249999999615 ], [ -7.522916666666958, 37.552083333332952 ] ] } },
{ "type": "Feature", "properties": { "ord": 6 }, "geometry": { "type": "LineString", "coordinates": [ [ -5.902083333333621, 37.556249999999615 ], [ -5.889583333333604, 37.543749999999598 ], [ -5.893750000000296, 37.539583333332935 ] ] } },
{ "type": "Feature", "properties": { "ord": 6 }, "geometry": { "type": "LineString", "coordinates": [ [ -7.522916666666958, 37.552083333332952 ], [ -7.510416666666941, 37.531249999999623 ] ] } },
{ "type": "Feature", "properties": { "ord": 6 }, "geometry": { "type": "LineString", "coordinates": [ [ -5.893750000000296, 37.539583333332935 ], [ -5.906250000000313, 37.539583333332935 ], [ -5.927083333333627, 37.518749999999606 ] ] } },
{ "type": "Feature", "properties": { "ord": 6 }, "geometry": { "type": "LineString", "coordinates": [ [ -5.947916666666941, 37.514583333332943 ], [ -5.968750000000284, 37.518749999999606 ] ] } },
{ "type": "Feature", "properties": { "ord": 6 }, "geometry": { "type": "LineString", "coordinates": [ [ -5.927083333333627, 37.518749999999606 ], [ -5.947916666666941, 37.514583333332943 ] ] } },
{ "type": "Feature", "properties": { "ord": 6 }, "geometry": { "type": "LineString", "coordinates": [ [ -5.968750000000284, 37.518749999999606 ], [ -5.989583333333627, 37.502083333332926 ] ] } },
{ "type": "Feature", "properties": { "ord": 6 }, "geometry": { "type": "LineString", "coordinates": [ [ -7.510416666666941, 37.531249999999623 ], [ -7.506250000000279, 37.522916666666298 ], [ -7.489583333333599, 37.518749999999606 ], [ -7.489583333333599, 37.506249999999618 ], [ -7.477083333333582, 37.493749999999601 ], [ -7.464583333333621, 37.489583333332952 ] ] } },
{ "type": "Feature", "properties": { "ord": 6 }, "geometry": { "type": "LineString", "coordinates": [ [ -7.464583333333621, 37.489583333332952 ], [ -7.468750000000227, 37.472916666666272 ] ] } },
{ "type": "Feature", "properties": { "ord": 6 }, "geometry": { "type": "LineString", "coordinates": [ [ -5.989583333333627, 37.502083333332926 ], [ -6.00625000000025, 37.485416666666289 ], [ -5.981250000000301, 37.468749999999609 ] ] } },
{ "type": "Feature", "properties": { "ord": 6 }, "geometry": { "type": "LineString", "coordinates": [ [ -7.468750000000227, 37.472916666666272 ], [ -7.45625000000021, 37.452083333332943 ] ] } },
{ "type": "Feature", "properties": { "ord": 6 }, "geometry": { "type": "LineString", "coordinates": [ [ -5.981250000000301, 37.468749999999609 ], [ -6.010416666666941, 37.452083333332943 ], [ -6.00625000000025, 37.443749999999575 ] ] } },
{ "type": "Feature", "properties": { "ord": 6 }, "geometry": { "type": "LineString", "coordinates": [ [ -7.45625000000021, 37.452083333332943 ], [ -7.460416666666902, 37.431249999999601 ], [ -7.447916666666941, 37.418749999999626 ] ] } },
{ "type": "Feature", "properties": { "ord": 6 }, "geometry": { "type": "LineString", "coordinates": [ [ -6.00625000000025, 37.443749999999575 ], [ -6.018750000000267, 37.389583333332929 ] ] } },
{ "type": "Feature", "properties": { "ord": 6 }, "geometry": { "type": "LineString", "coordinates": [ [ -7.447916666666941, 37.418749999999626 ], [ -7.460416666666902, 37.410416666666272 ], [ -7.443750000000279, 37.397916666666298 ], [ -7.439583333333616, 37.377083333332912 ] ] } },
{ "type": "Feature", "properties": { "ord": 6 }, "geometry": { "type": "LineString", "coordinates": [ [ -7.439583333333616, 37.377083333332912 ], [ -7.435416666666953, 37.356249999999626 ], [ -7.443750000000279, 37.347916666666272 ] ] } },
{ "type": "Feature", "properties": { "ord": 6 }, "geometry": { "type": "LineString", "coordinates": [ [ -6.018750000000267, 37.389583333332929 ], [ -6.022916666666958, 37.339583333332946 ], [ -6.014583333333604, 37.318749999999618 ] ] } },
{ "type": "Feature", "properties": { "ord": 6 }, "geometry": { "type": "LineString", "coordinates": [ [ -6.014583333333604, 37.318749999999618 ], [ -6.027083333333621, 37.306249999999601 ] ] } },
{ "type": "Feature", "properties": { "ord": 6 }, "geometry": { "type": "LineString", "coordinates": [ [ -7.443750000000279, 37.347916666666272 ], [ -7.439583333333616, 37.302083333332938 ] ] } },
{ "type": "Feature", "properties": { "ord": 6 }, "geometry": { "type": "LineString", "coordinates": [ [ -7.439583333333616, 37.302083333332938 ], [ -7.427083333333599, 37.281249999999609 ] ] } },
{ "type": "Feature", "properties": { "ord": 6 }, "geometry": { "type": "LineString", "coordinates": [ [ -6.027083333333621, 37.306249999999601 ], [ -6.052083333333627, 37.277083333332946 ] ] } },
{ "type": "Feature", "properties": { "ord": 6 }, "geometry": { "type": "LineString", "coordinates": [ [ -7.427083333333599, 37.281249999999609 ], [ -7.422916666666936, 37.268749999999635 ], [ -7.43125000000029, 37.260416666666266 ] ] } },
{ "type": "Feature", "properties": { "ord": 6 }, "geometry": { "type": "LineString", "coordinates": [ [ -6.052083333333627, 37.277083333332946 ], [ -6.060416666666896, 37.256249999999618 ] ] } },
{ "type": "Feature", "properties": { "ord": 6 }, "geometry": { "type": "LineString", "coordinates": [ [ -7.43125000000029, 37.260416666666266 ], [ -7.427083333333599, 37.243749999999601 ] ] } },
{ "type": "Feature", "properties": { "ord": 6 }, "geometry": { "type": "LineString", "coordinates": [ [ -7.427083333333599, 37.243749999999601 ], [ -7.414583333333582, 37.227083333332963 ], [ -7.414583333333582, 37.210416666666283 ] ] } },
{ "type": "Feature", "properties": { "ord": 6 }, "geometry": { "type": "LineString", "coordinates": [ [ -7.414583333333582, 37.210416666666283 ], [ -7.414583333333582, 37.206249999999621 ] ] } },
{ "type": "Feature", "properties": { "ord": 6 }, "geometry": { "type": "LineString", "coordinates": [ [ -6.060416666666896, 37.256249999999618 ], [ -6.064583333333644, 37.227083333332963 ], [ -6.08541666666693, 37.206249999999621 ] ] } },
{ "type": "Feature", "properties": { "ord": 6 }, "geometry": { "type": "LineString", "coordinates": [ [ -7.414583333333582, 37.206249999999621 ], [ -7.402083333333564, 37.177083333332938 ] ] } },
{ "type": "Feature", "properties": { "ord": 6 }, "geometry": { "type": "LineString", "coordinates": [ [ -6.08541666666693, 37.206249999999621 ], [ -6.102083333333638, 37.177083333332938 ] ] } },
{ "type": "Feature", "properties": { "ord": 6 }, "geometry": { "type": "LineString", "coordinates": [ [ -6.102083333333638, 37.177083333332938 ], [ -6.106250000000301, 37.164583333332963 ], [ -6.089583333333621, 37.114583333332938 ] ] } },
{ "type": "Feature", "properties": { "ord": 6 }, "geometry": { "type": "LineString", "coordinates": [ [ -6.089583333333621, 37.114583333332938 ], [ -6.08541666666693, 37.072916666666309 ] ] } },
{ "type": "Feature", "properties": { "ord": 6 }, "geometry": { "type": "LineString", "coordinates": [ [ -6.08541666666693, 37.072916666666309 ], [ -6.097916666666947, 37.052083333332924 ] ] } },
{ "type": "Feature", "properties": { "ord": 6 }, "geometry": { "type": "LineString", "coordinates": [ [ -6.097916666666947, 37.052083333332924 ], [ -6.131250000000307, 37.035416666666301 ] ] } },
{ "type": "Feature", "properties": { "ord": 6 }, "geometry": { "type": "LineString", "coordinates": [ [ -6.131250000000307, 37.035416666666301 ], [ -6.160416666666947, 37.018749999999621 ], [ -6.16458333333361, 37.002083333332941 ] ] } },
{ "type": "Feature", "properties": { "ord": 6 }, "geometry": { "type": "LineString", "coordinates": [ [ -6.16458333333361, 37.002083333332941 ], [ -6.168750000000301, 36.972916666666286 ], [ -6.193750000000307, 36.922916666666303 ] ] } },
{ "type": "Feature", "properties": { "ord": 6 }, "geometry": { "type": "LineString", "coordinates": [ [ -6.27291666666693, 36.910416666666286 ], [ -6.293750000000273, 36.910416666666286 ] ] } },
{ "type": "Feature", "properties": { "ord": 6 }, "geometry": { "type": "LineString", "coordinates": [ [ -6.293750000000273, 36.910416666666286 ], [ -6.327083333333633, 36.906249999999595 ] ] } },
{ "type": "Feature", "properties": { "ord": 6 }, "geometry": { "type": "LineString", "coordinates": [ [ -6.235416666666964, 36.897916666666269 ], [ -6.239583333333627, 36.897916666666269 ] ] } },
{ "type": "Feature", "properties": { "ord": 6 }, "geometry": { "type": "LineString", "coordinates": [ [ -6.193750000000307, 36.922916666666303 ], [ -6.235416666666964, 36.897916666666269 ] ] } },
{ "type": "Feature", "properties": { "ord": 6 }, "geometry": { "type": "LineString", "coordinates": [ [ -6.24375000000029, 36.893749999999606 ], [ -6.264583333333633, 36.897916666666269 ], [ -6.27291666666693, 36.910416666666286 ] ] } },
{ "type": "Feature", "properties": { "ord": 6 }, "geometry": { "type": "LineString", "coordinates": [ [ -6.239583333333627, 36.897916666666269 ], [ -6.24375000000029, 36.893749999999606 ] ] } },
{ "type": "Feature", "properties": { "ord": 6 }, "geometry": { "type": "LineString", "coordinates": [ [ -6.327083333333633, 36.906249999999595 ], [ -6.347916666666919, 36.885416666666295 ] ] } },
{ "type": "Feature", "properties": { "ord": 6 }, "geometry": { "type": "LineString", "coordinates": [ [ -6.347916666666919, 36.885416666666295 ], [ -6.356250000000273, 36.831249999999606 ], [ -6.343750000000256, 36.810416666666278 ] ] } },
{ "type": "Feature", "properties": { "ord": 6 }, "geometry": { "type": "LineString", "coordinates": [ [ -6.343750000000256, 36.810416666666278 ], [ -6.347916666666919, 36.797916666666303 ] ] } }
]
}
